#
# There is insufficient memory for the Java Runtime Environment to continue.
# Native memory allocation (mmap) failed to map 318767104 bytes for G1 virtual space
# Possible reasons:
#   The system is out of physical RAM or swap space
#   The process is running with CompressedOops enabled, and the Java Heap may be blocking the growth of the native heap
# Possible solutions:
#   Reduce memory load on the system
#   Increase physical memory or swap space
#   Check if swap backing store is full
#   Decrease Java heap size (-Xmx/-Xms)
#   Decrease number of Java threads
#   Decrease Java thread stack sizes (-Xss)
#   Set larger code cache with -XX:ReservedCodeCacheSize=
#   JVM is running with Zero Based Compressed Oops mode in which the Java heap is
#     placed in the first 32GB address space. The Java Heap base address is the
#     maximum limit for the native heap growth. Please use -XX:HeapBaseMinAddress
#     to set the Java Heap base and to place the Java Heap above 32GB virtual address.
# This output file may be truncated or incomplete.
#
#  Out of Memory Error (os_windows.cpp:3548), pid=5176, tid=12744
#
# JRE version: Java(TM) SE Runtime Environment (17.0.12+8) (build 17.0.12+8-LTS-286)
# Java VM: Java HotSpot(TM) 64-Bit Server VM (17.0.12+8-LTS-286, mixed mode, sharing, tiered, compressed oops, compressed class ptrs, g1 gc, windows-amd64)
# No core dump will be written. Minidumps are not enabled by default on client versions of Windows
#

---------------  S U M M A R Y ------------

Command Line: --add-opens=java.base/java.lang=ALL-UNNAMED --add-opens=java.base/java.lang.invoke=ALL-UNNAMED --add-opens=java.base/java.util=ALL-UNNAMED --add-opens=java.prefs/java.util.prefs=ALL-UNNAMED --add-exports=jdk.compiler/com.sun.tools.javac.api=ALL-UNNAMED --add-exports=jdk.compiler/com.sun.tools.javac.util=ALL-UNNAMED --add-opens=java.base/java.util=ALL-UNNAMED --add-opens=java.prefs/java.util.prefs=ALL-UNNAMED --add-opens=java.base/java.nio.charset=ALL-UNNAMED --add-opens=java.base/java.net=ALL-UNNAMED --add-opens=java.base/java.util.concurrent.atomic=ALL-UNNAMED --add-opens=java.xml/javax.xml.namespace=ALL-UNNAMED -Xmx4g -Dfile.encoding=UTF-8 -Duser.country=US -Duser.language=en -Duser.variant -javaagent:C:\Users\Fahad Computer\.gradle\wrapper\dists\gradle-8.12-all\ejduaidbjup3bmmkhw3rie4zb\gradle-8.12\lib\agents\gradle-instrumentation-agent-8.12.jar org.gradle.launcher.daemon.bootstrap.GradleDaemon 8.12

Host: Intel(R) Celeron(R) N4020 CPU @ 1.10GHz, 2 cores, 3G,  Windows 10 , 64 bit Build 19041 (10.0.19041.5794)
Time: Fri May 30 07:53:37 2025 Pacific Daylight Time elapsed time: 862.461068 seconds (0d 0h 14m 22s)

---------------  T H R E A D  ---------------

Current thread (0x000001532434ed00):  VMThread "VM Thread" [stack: 0x0000002e58000000,0x0000002e58100000] [id=12744]

Stack: [0x0000002e58000000,0x0000002e58100000]
Native frames: (J=compiled Java code, j=interpreted, Vv=VM code, C=native code)
V  [jvm.dll+0x67a04a]
V  [jvm.dll+0x7da4ed]
V  [jvm.dll+0x7dbe33]
V  [jvm.dll+0x7dc4a3]
V  [jvm.dll+0x24508f]
V  [jvm.dll+0x677089]
V  [jvm.dll+0x66bd32]
V  [jvm.dll+0x301fa6]
V  [jvm.dll+0x309546]
V  [jvm.dll+0x359d2e]
V  [jvm.dll+0x359f5f]
V  [jvm.dll+0x2d9078]
V  [jvm.dll+0x2dc0e6]
V  [jvm.dll+0x2e67eb]
V  [jvm.dll+0x31a870]
V  [jvm.dll+0x7e0d9b]
V  [jvm.dll+0x7e1ad4]
V  [jvm.dll+0x7e1fed]
V  [jvm.dll+0x7e23c4]
V  [jvm.dll+0x7e2490]
V  [jvm.dll+0x78abea]
V  [jvm.dll+0x678f35]
C  [ucrtbase.dll+0x21bb2]
C  [KERNEL32.DLL+0x17374]
C  [ntdll.dll+0x4cc91]

VM_Operation (0x0000002e57cff720): G1Concurrent, mode: safepoint, requested by thread 0x000001530037ac30


---------------  P R O C E S S  ---------------

Threads class SMR info:
_java_thread_list=0x000001537fd65660, length=67, elements={
0x00000153002fecf0, 0x0000015324354880, 0x0000015324355610, 0x0000015324368740,
0x0000015324369010, 0x000001532436a8f0, 0x000001532436b1c0, 0x000001532436be70,
0x000001532436c830, 0x00000153243eacf0, 0x00000153245280c0, 0x0000015324636fa0,
0x000001536b8cb4c0, 0x000001536b8ca030, 0x000001536b8a53f0, 0x000001536bab88a0,
0x000001536bab8d80, 0x000001536b800fd0, 0x000001536b7ffb90, 0x000001536b8000a0,
0x000001536b800ac0, 0x000001536b8005b0, 0x000001536b8014e0, 0x000001536ba84cb0,
0x000001536ba898a0, 0x000001536ba86b10, 0x000001536ba87020, 0x000001536ba83870,
0x000001536ba851c0, 0x000001536ba8a2c0, 0x000001536ba87f50, 0x000001536ba84290,
0x000001536ba87530, 0x000001536ba89db0, 0x000001536ba88970, 0x000001536ba87a40,
0x000001536ba88460, 0x000001536ba82e50, 0x000001536ba85be0, 0x000001536ba88e80,
0x000001536ba847a0, 0x000001536ba860f0, 0x000001536ba89390, 0x000001536d71b830,
0x000001536d71a3f0, 0x000001536d71ae10, 0x000001536d71a900, 0x000001536d718aa0,
0x000001536d718080, 0x000001536d71bd40, 0x000001536d7194c0, 0x000001536e2ff060,
0x000001536e3069e0, 0x000001536e2ff570, 0x000001536e3004a0, 0x0000015377423220,
0x0000015377424150, 0x000001536e303230, 0x00000153768eb500, 0x00000153768ee7a0,
0x00000153768ef6d0, 0x00000153768e8c80, 0x00000153768e9190, 0x00000153781b53b0,
0x00000153781b07c0, 0x00000153781b3550, 0x00000153781b58c0
}

Java Threads: ( => current thread )
  0x00000153002fecf0 JavaThread "main" [_thread_blocked, id=11968, stack(0x0000002e57900000,0x0000002e57a00000)]
  0x0000015324354880 JavaThread "Reference Handler" daemon [_thread_blocked, id=13140, stack(0x0000002e58100000,0x0000002e58200000)]
  0x0000015324355610 JavaThread "Finalizer" daemon [_thread_blocked, id=4132, stack(0x0000002e58200000,0x0000002e58300000)]
  0x0000015324368740 JavaThread "Signal Dispatcher" daemon [_thread_blocked, id=13196, stack(0x0000002e58300000,0x0000002e58400000)]
  0x0000015324369010 JavaThread "Attach Listener" daemon [_thread_blocked, id=13552, stack(0x0000002e58400000,0x0000002e58500000)]
  0x000001532436a8f0 JavaThread "Service Thread" daemon [_thread_blocked, id=1380, stack(0x0000002e58500000,0x0000002e58600000)]
  0x000001532436b1c0 JavaThread "Monitor Deflation Thread" daemon [_thread_blocked, id=2584, stack(0x0000002e58600000,0x0000002e58700000)]
  0x000001532436be70 JavaThread "C2 CompilerThread0" daemon [_thread_blocked, id=11996, stack(0x0000002e58700000,0x0000002e58800000)]
  0x000001532436c830 JavaThread "C1 CompilerThread0" daemon [_thread_blocked, id=12532, stack(0x0000002e58800000,0x0000002e58900000)]
  0x00000153243eacf0 JavaThread "Sweeper thread" daemon [_thread_blocked, id=10040, stack(0x0000002e58900000,0x0000002e58a00000)]
  0x00000153245280c0 JavaThread "Common-Cleaner" daemon [_thread_blocked, id=12992, stack(0x0000002e58a00000,0x0000002e58b00000)]
  0x0000015324636fa0 JavaThread "Notification Thread" daemon [_thread_blocked, id=9600, stack(0x0000002e58b00000,0x0000002e58c00000)]
  0x000001536b8cb4c0 JavaThread "Daemon health stats" [_thread_blocked, id=7520, stack(0x0000002e58e00000,0x0000002e58f00000)]
  0x000001536b8ca030 JavaThread "Incoming local TCP Connector on port 13384" [_thread_in_native, id=5448, stack(0x0000002e58f00000,0x0000002e59000000)]
  0x000001536b8a53f0 JavaThread "Daemon periodic checks" [_thread_blocked, id=15140, stack(0x0000002e59000000,0x0000002e59100000)]
  0x000001536bab88a0 JavaThread "Daemon" [_thread_blocked, id=12844, stack(0x0000002e59100000,0x0000002e59200000)]
  0x000001536bab8d80 JavaThread "Handler for socket connection from /127.0.0.1:13384 to /127.0.0.1:13387" [_thread_in_native, id=11244, stack(0x0000002e59200000,0x0000002e59300000)]
  0x000001536b800fd0 JavaThread "Cancel handler" [_thread_blocked, id=11720, stack(0x0000002e59300000,0x0000002e59400000)]
  0x000001536b7ffb90 JavaThread "Daemon worker" [_thread_blocked, id=14884, stack(0x0000002e59400000,0x0000002e59500000)]
  0x000001536b8000a0 JavaThread "Asynchronous log dispatcher for DefaultDaemonConnection: socket connection from /127.0.0.1:13384 to /127.0.0.1:13387" [_thread_blocked, id=13672, stack(0x0000002e59500000,0x0000002e59600000)]
  0x000001536b800ac0 JavaThread "Stdin handler" [_thread_blocked, id=12652, stack(0x0000002e59600000,0x0000002e59700000)]
  0x000001536b8005b0 JavaThread "Daemon client event forwarder" [_thread_blocked, id=13384, stack(0x0000002e59700000,0x0000002e59800000)]
  0x000001536b8014e0 JavaThread "Cache worker for journal cache (C:\Users\Fahad Computer\.gradle\caches\journal-1)" [_thread_blocked, id=3500, stack(0x0000002e59800000,0x0000002e59900000)]
  0x000001536ba84cb0 JavaThread "File lock request listener" [_thread_in_native, id=13616, stack(0x0000002e59900000,0x0000002e59a00000)]
  0x000001536ba898a0 JavaThread "Cache worker for file hash cache (C:\Users\Fahad Computer\.gradle\caches\8.12\fileHashes)" [_thread_blocked, id=5308, stack(0x0000002e59a00000,0x0000002e59b00000)]
  0x000001536ba86b10 JavaThread "Cache worker for file hash cache (C:\vtT\ChatbotApp\android\.gradle\8.12\fileHashes)" [_thread_blocked, id=5020, stack(0x0000002e59b00000,0x0000002e59c00000)]
  0x000001536ba87020 JavaThread "Cache worker for Build Output Cleanup Cache (C:\vtT\ChatbotApp\android\.gradle\buildOutputCleanup)" [_thread_blocked, id=6972, stack(0x0000002e59c00000,0x0000002e59d00000)]
  0x000001536ba83870 JavaThread "File watcher server" daemon [_thread_in_native, id=5148, stack(0x0000002e59d00000,0x0000002e59e00000)]
  0x000001536ba851c0 JavaThread "File watcher consumer" daemon [_thread_blocked, id=7020, stack(0x0000002e59e00000,0x0000002e59f00000)]
  0x000001536ba8a2c0 JavaThread "jar transforms" [_thread_blocked, id=11692, stack(0x0000002e5a000000,0x0000002e5a100000)]
  0x000001536ba87f50 JavaThread "Cache worker for checksums cache (C:\vtT\ChatbotApp\android\.gradle\8.12\checksums)" [_thread_blocked, id=5720, stack(0x0000002e5a100000,0x0000002e5a200000)]
  0x000001536ba84290 JavaThread "Cache worker for file content cache (C:\Users\Fahad Computer\.gradle\caches\8.12\fileContent)" [_thread_blocked, id=13888, stack(0x0000002e5a200000,0x0000002e5a300000)]
  0x000001536ba87530 JavaThread "Cache worker for cache directory md-rule (C:\Users\Fahad Computer\.gradle\caches\8.12\md-rule)" [_thread_blocked, id=9236, stack(0x0000002e5a300000,0x0000002e5a400000)]
  0x000001536ba89db0 JavaThread "Cache worker for cache directory md-supplier (C:\Users\Fahad Computer\.gradle\caches\8.12\md-supplier)" [_thread_blocked, id=14300, stack(0x0000002e5a400000,0x0000002e5a500000)]
  0x000001536ba88970 JavaThread "Cache worker for Build Output Cleanup Cache (C:\vtT\ChatbotApp\node_modules\@react-native\gradle-plugin\.gradle\buildOutputCleanup)" [_thread_blocked, id=14004, stack(0x0000002e5a500000,0x0000002e5a600000)]
  0x000001536ba87a40 JavaThread "Unconstrained build operations" [_thread_blocked, id=10784, stack(0x0000002e5a600000,0x0000002e5a700000)]
  0x000001536ba88460 JavaThread "Unconstrained build operations Thread 2" [_thread_blocked, id=12316, stack(0x0000002e5a700000,0x0000002e5a800000)]
  0x000001536ba82e50 JavaThread "Unconstrained build operations Thread 3" [_thread_blocked, id=2340, stack(0x0000002e5a800000,0x0000002e5a900000)]
  0x000001536ba85be0 JavaThread "Unconstrained build operations Thread 4" [_thread_blocked, id=4420, stack(0x0000002e5a900000,0x0000002e5aa00000)]
  0x000001536ba88e80 JavaThread "Unconstrained build operations Thread 5" [_thread_blocked, id=268, stack(0x0000002e5aa00000,0x0000002e5ab00000)]
  0x000001536ba847a0 JavaThread "Unconstrained build operations Thread 6" [_thread_blocked, id=14040, stack(0x0000002e5ab00000,0x0000002e5ac00000)]
  0x000001536ba860f0 JavaThread "build event listener" [_thread_blocked, id=12700, stack(0x0000002e5ac00000,0x0000002e5ad00000)]
  0x000001536ba89390 JavaThread "Memory manager" [_thread_blocked, id=3100, stack(0x0000002e5ad00000,0x0000002e5ae00000)]
  0x000001536d71b830 JavaThread "Cache worker for execution history cache (C:\vtT\ChatbotApp\node_modules\@react-native\gradle-plugin\.gradle\8.12\executionHistory)" [_thread_blocked, id=13032, stack(0x0000002e5b300000,0x0000002e5b400000)]
  0x000001536d71a3f0 JavaThread "Unconstrained build operations Thread 7" [_thread_blocked, id=6872, stack(0x0000002e5b400000,0x0000002e5b500000)]
  0x000001536d71ae10 JavaThread "Unconstrained build operations Thread 8" [_thread_blocked, id=14680, stack(0x0000002e5b500000,0x0000002e5b600000)]
  0x000001536d71a900 JavaThread "Unconstrained build operations Thread 9" [_thread_blocked, id=7644, stack(0x0000002e5b600000,0x0000002e5b700000)]
  0x000001536d718aa0 JavaThread "Unconstrained build operations Thread 10" [_thread_blocked, id=15328, stack(0x0000002e5b700000,0x0000002e5b800000)]
  0x000001536d718080 JavaThread "jar transforms Thread 2" [_thread_blocked, id=8364, stack(0x0000002e5ba00000,0x0000002e5bb00000)]
  0x000001536d71bd40 JavaThread "build event listener" [_thread_blocked, id=6148, stack(0x0000002e5bb00000,0x0000002e5bc00000)]
  0x000001536d7194c0 JavaThread "Problems report writer" [_thread_blocked, id=2784, stack(0x0000002e5bc00000,0x0000002e5bd00000)]
  0x000001536e2ff060 JavaThread "pool-3-thread-1" [_thread_blocked, id=4832, stack(0x0000002e57a00000,0x0000002e57b00000)]
  0x000001536e3069e0 JavaThread "build event listener" [_thread_blocked, id=11856, stack(0x0000002e5ae00000,0x0000002e5af00000)]
  0x000001536e2ff570 JavaThread "included builds Thread 2" [_thread_blocked, id=7292, stack(0x0000002e5af00000,0x0000002e5b000000)]
  0x000001536e3004a0 JavaThread "Cache worker for execution history cache (C:\vtT\ChatbotApp\android\.gradle\8.12\executionHistory)" [_thread_blocked, id=8648, stack(0x0000002e5b000000,0x0000002e5b100000)]
  0x0000015377423220 JavaThread "Cache worker for Java compile cache (C:\Users\Fahad Computer\.gradle\caches\8.12\javaCompile)" [_thread_blocked, id=14464, stack(0x0000002e5b900000,0x0000002e5ba00000)]
  0x0000015377424150 JavaThread "Build operations" [_thread_blocked, id=15256, stack(0x0000002e5bd00000,0x0000002e5be00000)]
  0x000001536e303230 JavaThread "RMI Scheduler(0)" daemon [_thread_blocked, id=6248, stack(0x0000002e5be00000,0x0000002e5bf00000)]
  0x00000153768eb500 JavaThread "RMI GC Daemon" daemon [_thread_blocked, id=7344, stack(0x0000002e5c000000,0x0000002e5c100000)]
  0x00000153768ee7a0 JavaThread "RMI RenewClean-[127.0.0.1:17113,org.jetbrains.kotlin.daemon.common.LoopbackNetworkInterface$ClientLoopbackSocketFactory@5920075a]" daemon [_thread_blocked, id=1048, stack(0x0000002e5c100000,0x0000002e5c200000)]
  0x00000153768ef6d0 JavaThread "RMI TCP Accept-0" daemon [_thread_in_native, id=7256, stack(0x0000002e5c200000,0x0000002e5c300000)]
  0x00000153768e8c80 JavaThread "RMI Reaper" [_thread_blocked, id=14024, stack(0x0000002e5c300000,0x0000002e5c400000)]
  0x00000153768e9190 JavaThread "RMI RenewClean-[127.0.0.1:17953,org.jetbrains.kotlin.daemon.common.LoopbackNetworkInterface$ClientLoopbackSocketFactory@651f3e33]" daemon [_thread_blocked, id=13536, stack(0x0000002e57800000,0x0000002e57900000)]
  0x00000153781b53b0 JavaThread "WorkerExecutor Queue Thread 5" [_thread_blocked, id=2484, stack(0x0000002e5b100000,0x0000002e5b200000)]
  0x00000153781b07c0 JavaThread "WorkerExecutor Queue Thread 7" [_thread_blocked, id=3408, stack(0x0000002e5b200000,0x0000002e5b300000)]
  0x00000153781b3550 JavaThread "ForkJoinPool-1-worker-1" daemon [_thread_blocked, id=11960, stack(0x0000002e5b800000,0x0000002e5b900000)]
  0x00000153781b58c0 JavaThread "ForkJoinPool-1-worker-2" daemon [_thread_blocked, id=13644, stack(0x0000002e5bf00000,0x0000002e5c000000)]

Other Threads:
=>0x000001532434ed00 VMThread "VM Thread" [stack: 0x0000002e58000000,0x0000002e58100000] [id=12744]
  0x00000153002ffcb0 WatcherThread [stack: 0x0000002e58c00000,0x0000002e58d00000] [id=12100]
  0x0000015300369dd0 GCTaskThread "GC Thread#0" [stack: 0x0000002e57b00000,0x0000002e57c00000] [id=5404]
  0x00000153246e7500 GCTaskThread "GC Thread#1" [stack: 0x0000002e58d00000,0x0000002e58e00000] [id=3912]
  0x000001530037ac30 ConcurrentGCThread "G1 Main Marker" [stack: 0x0000002e57c00000,0x0000002e57d00000] [id=5128]
  0x000001530037b550 ConcurrentGCThread "G1 Conc#0" [stack: 0x0000002e57d00000,0x0000002e57e00000] [id=9832]
  0x00000153003ca290 ConcurrentGCThread "G1 Refine#0" [stack: 0x0000002e57e00000,0x0000002e57f00000] [id=14308]
  0x000001536c384a00 ConcurrentGCThread "G1 Refine#1" [stack: 0x0000002e59f00000,0x0000002e5a000000] [id=14988]
  0x00000153003cabd0 ConcurrentGCThread "G1 Service" [stack: 0x0000002e57f00000,0x0000002e58000000] [id=13176]

Threads with active compile tasks:
C2 CompilerThread0   862574 39634       4       com.android.tools.r8.dex.C::a (997 bytes)

VM state: at safepoint (normal execution)

VM Mutex/Monitor currently owned by a thread:  ([mutex/lock_event])
[0x00000153002fc400] Threads_lock - owner thread: 0x000001532434ed00
[0x00000153002fb710] Heap_lock - owner thread: 0x000001530037ac30

Heap address: 0x0000000700000000, size: 4096 MB, Compressed Oops mode: Zero based, Oop shift amount: 3

CDS archive(s) mapped at: [0x0000015325000000-0x0000015325bd0000-0x0000015325bd0000), size 12386304, SharedBaseAddress: 0x0000015325000000, ArchiveRelocationMode: 1.
Compressed class space mapped at: 0x0000015326000000-0x0000015366000000, reserved size: 1073741824
Narrow klass base: 0x0000015325000000, Narrow klass shift: 0, Narrow klass range: 0x100000000

GC Precious Log:
 CPUs: 2 total, 2 available
 Memory: 3918M
 Large Page Support: Disabled
 NUMA Support: Disabled
 Compressed Oops: Enabled (Zero based)
 Heap Region Size: 2M
 Heap Min Capacity: 8M
 Heap Initial Capacity: 62M
 Heap Max Capacity: 4G
 Pre-touch: Disabled
 Parallel Workers: 2
 Concurrent Workers: 1
 Concurrent Refinement Workers: 2
 Periodic GC: Disabled

Heap:
 garbage-first heap   total 727040K, used 619520K [0x0000000700000000, 0x0000000800000000)
  region size 2048K, 9 young (18432K), 3 survivors (6144K)
 Metaspace       used 169978K, committed 173376K, reserved 1245184K
  class space    used 22168K, committed 23488K, reserved 1048576K

Heap Regions: E=young(eden), S=young(survivor), O=old, HS=humongous(starts), HC=humongous(continues), CS=collection set, F=free, OA=open archive, CA=closed archive, TAMS=top-at-mark-start (previous, next)
|   0|0x0000000700000000, 0x0000000700200000, 0x0000000700200000|100%| O|  |TAMS 0x0000000700200000, 0x0000000700000000| Updating 
|   1|0x0000000700200000, 0x0000000700400000, 0x0000000700400000|100%|HS|  |TAMS 0x0000000700400000, 0x0000000700200000| Complete 
|   2|0x0000000700400000, 0x0000000700600000, 0x0000000700600000|100%|HC|  |TAMS 0x0000000700600000, 0x0000000700400000| Complete 
|   3|0x0000000700600000, 0x0000000700800000, 0x0000000700800000|100%| O|  |TAMS 0x0000000700800000, 0x0000000700600000| Untracked 
|   4|0x0000000700800000, 0x0000000700a00000, 0x0000000700a00000|100%| O|  |TAMS 0x0000000700a00000, 0x0000000700800000| Untracked 
|   5|0x0000000700a00000, 0x0000000700c00000, 0x0000000700c00000|100%| O|  |TAMS 0x0000000700c00000, 0x0000000700a00000| Untracked 
|   6|0x0000000700c00000, 0x0000000700e00000, 0x0000000700e00000|100%| O|  |TAMS 0x0000000700e00000, 0x0000000700c00000| Updating 
|   7|0x0000000700e00000, 0x0000000701000000, 0x0000000701000000|100%| O|  |TAMS 0x0000000701000000, 0x0000000700e00000| Untracked 
|   8|0x0000000701000000, 0x0000000701200000, 0x0000000701200000|100%| O|  |TAMS 0x0000000701200000, 0x0000000701000000| Untracked 
|   9|0x0000000701200000, 0x0000000701400000, 0x0000000701400000|100%| O|  |TAMS 0x0000000701400000, 0x0000000701200000| Untracked 
|  10|0x0000000701400000, 0x0000000701600000, 0x0000000701600000|100%| O|  |TAMS 0x0000000701600000, 0x0000000701400000| Untracked 
|  11|0x0000000701600000, 0x0000000701800000, 0x0000000701800000|100%| O|  |TAMS 0x0000000701800000, 0x0000000701600000| Untracked 
|  12|0x0000000701800000, 0x0000000701a00000, 0x0000000701a00000|100%| O|  |TAMS 0x0000000701a00000, 0x0000000701800000| Untracked 
|  13|0x0000000701a00000, 0x0000000701c00000, 0x0000000701c00000|100%| O|  |TAMS 0x0000000701c00000, 0x0000000701a00000| Updating 
|  14|0x0000000701c00000, 0x0000000701e00000, 0x0000000701e00000|100%| O|  |TAMS 0x0000000701e00000, 0x0000000701c00000| Updating 
|  15|0x0000000701e00000, 0x0000000702000000, 0x0000000702000000|100%| O|  |TAMS 0x0000000702000000, 0x0000000701e00000| Untracked 
|  16|0x0000000702000000, 0x0000000702200000, 0x0000000702200000|100%| O|  |TAMS 0x0000000702200000, 0x0000000702000000| Untracked 
|  17|0x0000000702200000, 0x0000000702400000, 0x0000000702400000|100%| O|  |TAMS 0x0000000702400000, 0x0000000702200000| Updating 
|  18|0x0000000702400000, 0x0000000702600000, 0x0000000702600000|100%| O|  |TAMS 0x0000000702600000, 0x0000000702400000| Updating 
|  19|0x0000000702600000, 0x0000000702800000, 0x0000000702800000|100%| O|  |TAMS 0x0000000702800000, 0x0000000702600000| Updating 
|  20|0x0000000702800000, 0x0000000702a00000, 0x0000000702a00000|100%|HS|  |TAMS 0x0000000702a00000, 0x0000000702800000| Complete 
|  21|0x0000000702a00000, 0x0000000702c00000, 0x0000000702c00000|100%| O|  |TAMS 0x0000000702c00000, 0x0000000702a00000| Untracked 
|  22|0x0000000702c00000, 0x0000000702e00000, 0x0000000702e00000|100%| O|  |TAMS 0x0000000702e00000, 0x0000000702c00000| Updating 
|  23|0x0000000702e00000, 0x0000000703000000, 0x0000000703000000|100%| O|  |TAMS 0x0000000703000000, 0x0000000702e00000| Updating 
|  24|0x0000000703000000, 0x0000000703200000, 0x0000000703200000|100%|HS|  |TAMS 0x0000000703200000, 0x0000000703000000| Complete 
|  25|0x0000000703200000, 0x0000000703400000, 0x0000000703400000|100%|HC|  |TAMS 0x0000000703400000, 0x0000000703200000| Complete 
|  26|0x0000000703400000, 0x0000000703600000, 0x0000000703600000|100%|HS|  |TAMS 0x0000000703600000, 0x0000000703400000| Complete 
|  27|0x0000000703600000, 0x0000000703800000, 0x0000000703800000|100%| O|  |TAMS 0x0000000703800000, 0x0000000703600000| Updating 
|  28|0x0000000703800000, 0x0000000703a00000, 0x0000000703a00000|100%| O|  |TAMS 0x0000000703a00000, 0x0000000703800000| Untracked 
|  29|0x0000000703a00000, 0x0000000703c00000, 0x0000000703c00000|100%|HS|  |TAMS 0x0000000703c00000, 0x0000000703a00000| Complete 
|  30|0x0000000703c00000, 0x0000000703e00000, 0x0000000703e00000|100%|HC|  |TAMS 0x0000000703e00000, 0x0000000703c00000| Complete 
|  31|0x0000000703e00000, 0x0000000704000000, 0x0000000704000000|100%| O|  |TAMS 0x0000000704000000, 0x0000000703e00000| Updating 
|  32|0x0000000704000000, 0x0000000704200000, 0x0000000704200000|100%| O|  |TAMS 0x0000000704200000, 0x0000000704000000| Untracked 
|  33|0x0000000704200000, 0x0000000704400000, 0x0000000704400000|100%| O|  |TAMS 0x0000000704400000, 0x0000000704200000| Updating 
|  34|0x0000000704400000, 0x0000000704600000, 0x0000000704600000|100%| O|  |TAMS 0x0000000704600000, 0x0000000704400000| Updating 
|  35|0x0000000704600000, 0x0000000704800000, 0x0000000704800000|100%| O|  |TAMS 0x0000000704800000, 0x0000000704600000| Updating 
|  36|0x0000000704800000, 0x0000000704a00000, 0x0000000704a00000|100%| O|  |TAMS 0x0000000704a00000, 0x0000000704800000| Untracked 
|  37|0x0000000704a00000, 0x0000000704c00000, 0x0000000704c00000|100%| O|  |TAMS 0x0000000704c00000, 0x0000000704a00000| Untracked 
|  38|0x0000000704c00000, 0x0000000704e00000, 0x0000000704e00000|100%| O|  |TAMS 0x0000000704e00000, 0x0000000704c00000| Updating 
|  39|0x0000000704e00000, 0x0000000705000000, 0x0000000705000000|100%| O|  |TAMS 0x0000000705000000, 0x0000000704e00000| Untracked 
|  40|0x0000000705000000, 0x0000000705200000, 0x0000000705200000|100%| O|  |TAMS 0x0000000705200000, 0x0000000705000000| Updating 
|  41|0x0000000705200000, 0x0000000705400000, 0x0000000705400000|100%| O|  |TAMS 0x0000000705400000, 0x0000000705200000| Updating 
|  42|0x0000000705400000, 0x0000000705600000, 0x0000000705600000|100%| O|  |TAMS 0x0000000705600000, 0x0000000705400000| Updating 
|  43|0x0000000705600000, 0x0000000705800000, 0x0000000705800000|100%|HS|  |TAMS 0x0000000705800000, 0x0000000705600000| Complete 
|  44|0x0000000705800000, 0x0000000705a00000, 0x0000000705a00000|100%| O|  |TAMS 0x0000000705a00000, 0x0000000705800000| Updating 
|  45|0x0000000705a00000, 0x0000000705c00000, 0x0000000705c00000|100%| O|  |TAMS 0x0000000705c00000, 0x0000000705a00000| Untracked 
|  46|0x0000000705c00000, 0x0000000705e00000, 0x0000000705e00000|100%| O|  |TAMS 0x0000000705e00000, 0x0000000705c00000| Untracked 
|  47|0x0000000705e00000, 0x0000000706000000, 0x0000000706000000|100%| O|  |TAMS 0x0000000706000000, 0x0000000705e00000| Untracked 
|  48|0x0000000706000000, 0x0000000706200000, 0x0000000706200000|100%| O|  |TAMS 0x0000000706200000, 0x0000000706000000| Untracked 
|  49|0x0000000706200000, 0x0000000706400000, 0x0000000706400000|100%| O|  |TAMS 0x0000000706400000, 0x0000000706200000| Updating 
|  50|0x0000000706400000, 0x0000000706600000, 0x0000000706600000|100%| O|  |TAMS 0x0000000706600000, 0x0000000706400000| Untracked 
|  51|0x0000000706600000, 0x0000000706800000, 0x0000000706800000|100%| O|  |TAMS 0x0000000706800000, 0x0000000706600000| Untracked 
|  52|0x0000000706800000, 0x0000000706a00000, 0x0000000706a00000|100%| O|  |TAMS 0x0000000706a00000, 0x0000000706800000| Untracked 
|  53|0x0000000706a00000, 0x0000000706c00000, 0x0000000706c00000|100%| O|  |TAMS 0x0000000706c00000, 0x0000000706a00000| Untracked 
|  54|0x0000000706c00000, 0x0000000706e00000, 0x0000000706e00000|100%| O|  |TAMS 0x0000000706e00000, 0x0000000706c00000| Updating 
|  55|0x0000000706e00000, 0x0000000707000000, 0x0000000707000000|100%| O|  |TAMS 0x0000000707000000, 0x0000000706e00000| Untracked 
|  56|0x0000000707000000, 0x0000000707200000, 0x0000000707200000|100%| O|  |TAMS 0x0000000707200000, 0x0000000707000000| Untracked 
|  57|0x0000000707200000, 0x0000000707400000, 0x0000000707400000|100%| O|  |TAMS 0x0000000707400000, 0x0000000707200000| Untracked 
|  58|0x0000000707400000, 0x0000000707600000, 0x0000000707600000|100%| O|  |TAMS 0x0000000707600000, 0x0000000707400000| Untracked 
|  59|0x0000000707600000, 0x0000000707800000, 0x0000000707800000|100%| O|  |TAMS 0x0000000707800000, 0x0000000707600000| Untracked 
|  60|0x0000000707800000, 0x0000000707a00000, 0x0000000707a00000|100%| O|  |TAMS 0x0000000707a00000, 0x0000000707800000| Untracked 
|  61|0x0000000707a00000, 0x0000000707c00000, 0x0000000707c00000|100%| O|  |TAMS 0x0000000707c00000, 0x0000000707a00000| Untracked 
|  62|0x0000000707c00000, 0x0000000707e00000, 0x0000000707e00000|100%| O|  |TAMS 0x0000000707e00000, 0x0000000707c00000| Untracked 
|  63|0x0000000707e00000, 0x0000000708000000, 0x0000000708000000|100%| O|  |TAMS 0x0000000708000000, 0x0000000707e00000| Untracked 
|  64|0x0000000708000000, 0x0000000708200000, 0x0000000708200000|100%| O|  |TAMS 0x0000000708200000, 0x0000000708000000| Updating 
|  65|0x0000000708200000, 0x0000000708400000, 0x0000000708400000|100%|HS|  |TAMS 0x0000000708400000, 0x0000000708200000| Complete 
|  66|0x0000000708400000, 0x0000000708600000, 0x0000000708600000|100%| O|  |TAMS 0x0000000708600000, 0x0000000708400000| Untracked 
|  67|0x0000000708600000, 0x0000000708800000, 0x0000000708800000|100%| O|  |TAMS 0x0000000708800000, 0x0000000708600000| Untracked 
|  68|0x0000000708800000, 0x0000000708a00000, 0x0000000708a00000|100%| O|  |TAMS 0x0000000708a00000, 0x0000000708800000| Untracked 
|  69|0x0000000708a00000, 0x0000000708c00000, 0x0000000708c00000|100%| O|  |TAMS 0x0000000708c00000, 0x0000000708a00000| Untracked 
|  70|0x0000000708c00000, 0x0000000708e00000, 0x0000000708e00000|100%| O|  |TAMS 0x0000000708e00000, 0x0000000708c00000| Untracked 
|  71|0x0000000708e00000, 0x0000000709000000, 0x0000000709000000|100%| O|  |TAMS 0x0000000709000000, 0x0000000708e00000| Untracked 
|  72|0x0000000709000000, 0x0000000709200000, 0x0000000709200000|100%| O|  |TAMS 0x0000000709200000, 0x0000000709000000| Untracked 
|  73|0x0000000709200000, 0x0000000709400000, 0x0000000709400000|100%| O|  |TAMS 0x0000000709400000, 0x0000000709200000| Untracked 
|  74|0x0000000709400000, 0x0000000709600000, 0x0000000709600000|100%| O|  |TAMS 0x0000000709600000, 0x0000000709400000| Updating 
|  75|0x0000000709600000, 0x0000000709800000, 0x0000000709800000|100%| O|  |TAMS 0x0000000709800000, 0x0000000709600000| Untracked 
|  76|0x0000000709800000, 0x0000000709a00000, 0x0000000709a00000|100%| O|  |TAMS 0x0000000709a00000, 0x0000000709800000| Untracked 
|  77|0x0000000709a00000, 0x0000000709c00000, 0x0000000709c00000|100%| O|  |TAMS 0x0000000709c00000, 0x0000000709a00000| Untracked 
|  78|0x0000000709c00000, 0x0000000709e00000, 0x0000000709e00000|100%| O|  |TAMS 0x0000000709e00000, 0x0000000709c00000| Untracked 
|  79|0x0000000709e00000, 0x000000070a000000, 0x000000070a000000|100%| O|  |TAMS 0x000000070a000000, 0x0000000709e00000| Untracked 
|  80|0x000000070a000000, 0x000000070a200000, 0x000000070a200000|100%| O|  |TAMS 0x000000070a200000, 0x000000070a000000| Untracked 
|  81|0x000000070a200000, 0x000000070a400000, 0x000000070a400000|100%| O|  |TAMS 0x000000070a400000, 0x000000070a200000| Untracked 
|  82|0x000000070a400000, 0x000000070a600000, 0x000000070a600000|100%| O|  |TAMS 0x000000070a600000, 0x000000070a400000| Untracked 
|  83|0x000000070a600000, 0x000000070a800000, 0x000000070a800000|100%| O|  |TAMS 0x000000070a800000, 0x000000070a600000| Untracked 
|  84|0x000000070a800000, 0x000000070aa00000, 0x000000070aa00000|100%| O|  |TAMS 0x000000070aa00000, 0x000000070a800000| Untracked 
|  85|0x000000070aa00000, 0x000000070ac00000, 0x000000070ac00000|100%| O|  |TAMS 0x000000070ac00000, 0x000000070aa00000| Untracked 
|  86|0x000000070ac00000, 0x000000070ae00000, 0x000000070ae00000|100%| O|  |TAMS 0x000000070ae00000, 0x000000070ac00000| Updating 
|  87|0x000000070ae00000, 0x000000070b000000, 0x000000070b000000|100%| O|  |TAMS 0x000000070b000000, 0x000000070ae00000| Untracked 
|  88|0x000000070b000000, 0x000000070b200000, 0x000000070b200000|100%| O|  |TAMS 0x000000070b200000, 0x000000070b000000| Untracked 
|  89|0x000000070b200000, 0x000000070b400000, 0x000000070b400000|100%| O|  |TAMS 0x000000070b400000, 0x000000070b200000| Untracked 
|  90|0x000000070b400000, 0x000000070b600000, 0x000000070b600000|100%| O|  |TAMS 0x000000070b600000, 0x000000070b400000| Updating 
|  91|0x000000070b600000, 0x000000070b800000, 0x000000070b800000|100%| O|  |TAMS 0x000000070b800000, 0x000000070b600000| Updating 
|  92|0x000000070b800000, 0x000000070ba00000, 0x000000070ba00000|100%| O|  |TAMS 0x000000070ba00000, 0x000000070b800000| Untracked 
|  93|0x000000070ba00000, 0x000000070bc00000, 0x000000070bc00000|100%| O|  |TAMS 0x000000070bc00000, 0x000000070ba00000| Updating 
|  94|0x000000070bc00000, 0x000000070be00000, 0x000000070be00000|100%| O|  |TAMS 0x000000070be00000, 0x000000070bc00000| Updating 
|  95|0x000000070be00000, 0x000000070c000000, 0x000000070c000000|100%| O|  |TAMS 0x000000070c000000, 0x000000070be00000| Untracked 
|  96|0x000000070c000000, 0x000000070c200000, 0x000000070c200000|100%| O|  |TAMS 0x000000070c200000, 0x000000070c000000| Untracked 
|  97|0x000000070c200000, 0x000000070c400000, 0x000000070c400000|100%| O|  |TAMS 0x000000070c400000, 0x000000070c200000| Updating 
|  98|0x000000070c400000, 0x000000070c600000, 0x000000070c600000|100%| O|  |TAMS 0x000000070c600000, 0x000000070c400000| Untracked 
|  99|0x000000070c600000, 0x000000070c800000, 0x000000070c800000|100%| O|  |TAMS 0x000000070c800000, 0x000000070c600000| Updating 
| 100|0x000000070c800000, 0x000000070ca00000, 0x000000070ca00000|100%| O|  |TAMS 0x000000070ca00000, 0x000000070c800000| Untracked 
| 101|0x000000070ca00000, 0x000000070cc00000, 0x000000070cc00000|100%| O|  |TAMS 0x000000070cc00000, 0x000000070ca00000| Untracked 
| 102|0x000000070cc00000, 0x000000070ce00000, 0x000000070ce00000|100%| O|  |TAMS 0x000000070ce00000, 0x000000070cc00000| Untracked 
| 103|0x000000070ce00000, 0x000000070d000000, 0x000000070d000000|100%| O|  |TAMS 0x000000070d000000, 0x000000070ce00000| Untracked 
| 104|0x000000070d000000, 0x000000070d200000, 0x000000070d200000|100%| O|  |TAMS 0x000000070d200000, 0x000000070d000000| Untracked 
| 105|0x000000070d200000, 0x000000070d400000, 0x000000070d400000|100%| O|  |TAMS 0x000000070d400000, 0x000000070d200000| Untracked 
| 106|0x000000070d400000, 0x000000070d600000, 0x000000070d600000|100%| O|  |TAMS 0x000000070d600000, 0x000000070d400000| Updating 
| 107|0x000000070d600000, 0x000000070d800000, 0x000000070d800000|100%| O|  |TAMS 0x000000070d800000, 0x000000070d600000| Untracked 
| 108|0x000000070d800000, 0x000000070da00000, 0x000000070da00000|100%| O|  |TAMS 0x000000070da00000, 0x000000070d800000| Untracked 
| 109|0x000000070da00000, 0x000000070dc00000, 0x000000070dc00000|100%| O|  |TAMS 0x000000070dc00000, 0x000000070da00000| Untracked 
| 110|0x000000070dc00000, 0x000000070de00000, 0x000000070de00000|100%| O|  |TAMS 0x000000070de00000, 0x000000070dc00000| Untracked 
| 111|0x000000070de00000, 0x000000070e000000, 0x000000070e000000|100%| O|  |TAMS 0x000000070e000000, 0x000000070de00000| Untracked 
| 112|0x000000070e000000, 0x000000070e200000, 0x000000070e200000|100%| O|  |TAMS 0x000000070e200000, 0x000000070e000000| Untracked 
| 113|0x000000070e200000, 0x000000070e400000, 0x000000070e400000|100%| O|  |TAMS 0x000000070e400000, 0x000000070e200000| Updating 
| 114|0x000000070e400000, 0x000000070e600000, 0x000000070e600000|100%| O|  |TAMS 0x000000070e600000, 0x000000070e400000| Updating 
| 115|0x000000070e600000, 0x000000070e800000, 0x000000070e800000|100%| O|  |TAMS 0x000000070e800000, 0x000000070e600000| Untracked 
| 116|0x000000070e800000, 0x000000070ea00000, 0x000000070ea00000|100%| O|  |TAMS 0x000000070ea00000, 0x000000070e800000| Untracked 
| 117|0x000000070ea00000, 0x000000070ec00000, 0x000000070ec00000|100%| O|  |TAMS 0x000000070ec00000, 0x000000070ea00000| Updating 
| 118|0x000000070ec00000, 0x000000070ee00000, 0x000000070ee00000|100%| O|  |TAMS 0x000000070ee00000, 0x000000070ec00000| Updating 
| 119|0x000000070ee00000, 0x000000070f000000, 0x000000070f000000|100%| O|  |TAMS 0x000000070f000000, 0x000000070ee00000| Untracked 
| 120|0x000000070f000000, 0x000000070f200000, 0x000000070f200000|100%| O|  |TAMS 0x000000070f200000, 0x000000070f000000| Untracked 
| 121|0x000000070f200000, 0x000000070f400000, 0x000000070f400000|100%| O|  |TAMS 0x000000070f400000, 0x000000070f200000| Untracked 
| 122|0x000000070f400000, 0x000000070f600000, 0x000000070f600000|100%| O|  |TAMS 0x000000070f600000, 0x000000070f400000| Untracked 
| 123|0x000000070f600000, 0x000000070f800000, 0x000000070f800000|100%| O|  |TAMS 0x000000070f800000, 0x000000070f600000| Untracked 
| 124|0x000000070f800000, 0x000000070fa00000, 0x000000070fa00000|100%| O|  |TAMS 0x000000070fa00000, 0x000000070f800000| Updating 
| 125|0x000000070fa00000, 0x000000070fc00000, 0x000000070fc00000|100%| O|  |TAMS 0x000000070fc00000, 0x000000070fa00000| Updating 
| 126|0x000000070fc00000, 0x000000070fe00000, 0x000000070fe00000|100%| O|  |TAMS 0x000000070fe00000, 0x000000070fc00000| Untracked 
| 127|0x000000070fe00000, 0x0000000710000000, 0x0000000710000000|100%| O|  |TAMS 0x0000000710000000, 0x000000070fe00000| Untracked 
| 128|0x0000000710000000, 0x0000000710200000, 0x0000000710200000|100%| O|  |TAMS 0x0000000710200000, 0x0000000710000000| Updating 
| 129|0x0000000710200000, 0x0000000710400000, 0x0000000710400000|100%| O|  |TAMS 0x0000000710400000, 0x0000000710200000| Untracked 
| 130|0x0000000710400000, 0x0000000710600000, 0x0000000710600000|100%| O|  |TAMS 0x0000000710600000, 0x0000000710400000| Updating 
| 131|0x0000000710600000, 0x0000000710800000, 0x0000000710800000|100%| O|  |TAMS 0x0000000710800000, 0x0000000710600000| Updating 
| 132|0x0000000710800000, 0x0000000710a00000, 0x0000000710a00000|100%| O|  |TAMS 0x0000000710a00000, 0x0000000710800000| Updating 
| 133|0x0000000710a00000, 0x0000000710c00000, 0x0000000710c00000|100%| O|  |TAMS 0x0000000710c00000, 0x0000000710a00000| Updating 
| 134|0x0000000710c00000, 0x0000000710c00000, 0x0000000710e00000|  0%| F|  |TAMS 0x0000000710c00000, 0x0000000710c00000| Untracked 
| 135|0x0000000710e00000, 0x0000000711000000, 0x0000000711000000|100%| O|  |TAMS 0x0000000711000000, 0x0000000710e00000| Updating 
| 136|0x0000000711000000, 0x0000000711200000, 0x0000000711200000|100%| O|  |TAMS 0x0000000711200000, 0x0000000711000000| Untracked 
| 137|0x0000000711200000, 0x0000000711400000, 0x0000000711400000|100%| O|  |TAMS 0x0000000711400000, 0x0000000711200000| Updating 
| 138|0x0000000711400000, 0x0000000711400000, 0x0000000711600000|  0%| F|  |TAMS 0x0000000711400000, 0x0000000711400000| Untracked 
| 139|0x0000000711600000, 0x0000000711600000, 0x0000000711800000|  0%| F|  |TAMS 0x0000000711600000, 0x0000000711600000| Untracked 
| 140|0x0000000711800000, 0x0000000711800000, 0x0000000711a00000|  0%| F|  |TAMS 0x0000000711800000, 0x0000000711800000| Untracked 
| 141|0x0000000711a00000, 0x0000000711a00000, 0x0000000711c00000|  0%| F|  |TAMS 0x0000000711a00000, 0x0000000711a00000| Untracked 
| 142|0x0000000711c00000, 0x0000000711c00000, 0x0000000711e00000|  0%| F|  |TAMS 0x0000000711c00000, 0x0000000711c00000| Untracked 
| 143|0x0000000711e00000, 0x0000000712000000, 0x0000000712000000|100%| O|  |TAMS 0x0000000712000000, 0x0000000711e00000| Updating 
| 144|0x0000000712000000, 0x0000000712200000, 0x0000000712200000|100%| O|  |TAMS 0x0000000712200000, 0x0000000712000000| Updating 
| 145|0x0000000712200000, 0x0000000712200000, 0x0000000712400000|  0%| F|  |TAMS 0x0000000712200000, 0x0000000712200000| Untracked 
| 146|0x0000000712400000, 0x0000000712600000, 0x0000000712600000|100%| O|  |TAMS 0x0000000712600000, 0x0000000712400000| Updating 
| 147|0x0000000712600000, 0x0000000712600000, 0x0000000712800000|  0%| F|  |TAMS 0x0000000712600000, 0x0000000712600000| Untracked 
| 148|0x0000000712800000, 0x0000000712800000, 0x0000000712a00000|  0%| F|  |TAMS 0x0000000712800000, 0x0000000712800000| Untracked 
| 149|0x0000000712a00000, 0x0000000712c00000, 0x0000000712c00000|100%| O|  |TAMS 0x0000000712c00000, 0x0000000712a00000| Updating 
| 150|0x0000000712c00000, 0x0000000712e00000, 0x0000000712e00000|100%| O|  |TAMS 0x0000000712e00000, 0x0000000712c00000| Updating 
| 151|0x0000000712e00000, 0x0000000713000000, 0x0000000713000000|100%| O|  |TAMS 0x0000000713000000, 0x0000000712e00000| Updating 
| 152|0x0000000713000000, 0x0000000713200000, 0x0000000713200000|100%| O|  |TAMS 0x0000000713200000, 0x0000000713000000| Updating 
| 153|0x0000000713200000, 0x0000000713200000, 0x0000000713400000|  0%| F|  |TAMS 0x0000000713200000, 0x0000000713200000| Untracked 
| 154|0x0000000713400000, 0x0000000713600000, 0x0000000713600000|100%| O|  |TAMS 0x0000000713600000, 0x0000000713400000| Updating 
| 155|0x0000000713600000, 0x0000000713800000, 0x0000000713800000|100%| O|  |TAMS 0x0000000713800000, 0x0000000713600000| Updating 
| 156|0x0000000713800000, 0x0000000713800000, 0x0000000713a00000|  0%| F|  |TAMS 0x0000000713800000, 0x0000000713800000| Untracked 
| 157|0x0000000713a00000, 0x0000000713a00000, 0x0000000713c00000|  0%| F|  |TAMS 0x0000000713a00000, 0x0000000713a00000| Untracked 
| 158|0x0000000713c00000, 0x0000000713c00000, 0x0000000713e00000|  0%| F|  |TAMS 0x0000000713c00000, 0x0000000713c00000| Untracked 
| 159|0x0000000713e00000, 0x0000000714000000, 0x0000000714000000|100%| O|  |TAMS 0x0000000714000000, 0x0000000713e00000| Updating 
| 160|0x0000000714000000, 0x0000000714200000, 0x0000000714200000|100%| O|  |TAMS 0x0000000714200000, 0x0000000714000000| Untracked 
| 161|0x0000000714200000, 0x0000000714400000, 0x0000000714400000|100%|HS|  |TAMS 0x0000000714400000, 0x0000000714200000| Complete 
| 162|0x0000000714400000, 0x0000000714600000, 0x0000000714600000|100%| O|  |TAMS 0x0000000714600000, 0x0000000714400000| Updating 
| 163|0x0000000714600000, 0x0000000714800000, 0x0000000714800000|100%| O|  |TAMS 0x0000000714800000, 0x0000000714600000| Untracked 
| 164|0x0000000714800000, 0x0000000714a00000, 0x0000000714a00000|100%| O|  |TAMS 0x0000000714a00000, 0x0000000714800000| Updating 
| 165|0x0000000714a00000, 0x0000000714c00000, 0x0000000714c00000|100%| O|  |TAMS 0x0000000714c00000, 0x0000000714a00000| Untracked 
| 166|0x0000000714c00000, 0x0000000714e00000, 0x0000000714e00000|100%| O|  |TAMS 0x0000000714e00000, 0x0000000714c00000| Untracked 
| 167|0x0000000714e00000, 0x0000000715000000, 0x0000000715000000|100%| O|  |TAMS 0x0000000715000000, 0x0000000714e00000| Updating 
| 168|0x0000000715000000, 0x0000000715200000, 0x0000000715200000|100%| O|  |TAMS 0x0000000715200000, 0x0000000715000000| Updating 
| 169|0x0000000715200000, 0x0000000715400000, 0x0000000715400000|100%|HS|  |TAMS 0x0000000715400000, 0x0000000715200000| Complete 
| 170|0x0000000715400000, 0x0000000715600000, 0x0000000715600000|100%| O|  |TAMS 0x0000000715600000, 0x0000000715400000| Updating 
| 171|0x0000000715600000, 0x0000000715800000, 0x0000000715800000|100%| O|  |TAMS 0x0000000715800000, 0x0000000715600000| Updating 
| 172|0x0000000715800000, 0x0000000715a00000, 0x0000000715a00000|100%| O|  |TAMS 0x0000000715a00000, 0x0000000715800000| Updating 
| 173|0x0000000715a00000, 0x0000000715c00000, 0x0000000715c00000|100%| O|  |TAMS 0x0000000715c00000, 0x0000000715a00000| Untracked 
| 174|0x0000000715c00000, 0x0000000715e00000, 0x0000000715e00000|100%| O|  |TAMS 0x0000000715e00000, 0x0000000715c00000| Updating 
| 175|0x0000000715e00000, 0x0000000716000000, 0x0000000716000000|100%| O|  |TAMS 0x0000000716000000, 0x0000000715e00000| Updating 
| 176|0x0000000716000000, 0x0000000716200000, 0x0000000716200000|100%| O|  |TAMS 0x0000000716200000, 0x0000000716000000| Updating 
| 177|0x0000000716200000, 0x0000000716200000, 0x0000000716400000|  0%| F|  |TAMS 0x0000000716200000, 0x0000000716200000| Untracked 
| 178|0x0000000716400000, 0x0000000716600000, 0x0000000716600000|100%|HS|  |TAMS 0x0000000716600000, 0x0000000716400000| Complete 
| 179|0x0000000716600000, 0x0000000716800000, 0x0000000716800000|100%| O|  |TAMS 0x0000000716800000, 0x0000000716600000| Updating 
| 180|0x0000000716800000, 0x0000000716a00000, 0x0000000716a00000|100%| O|  |TAMS 0x0000000716a00000, 0x0000000716800000| Updating 
| 181|0x0000000716a00000, 0x0000000716c00000, 0x0000000716c00000|100%| O|  |TAMS 0x0000000716c00000, 0x0000000716a00000| Updating 
| 182|0x0000000716c00000, 0x0000000716e00000, 0x0000000716e00000|100%|HS|  |TAMS 0x0000000716e00000, 0x0000000716c00000| Complete 
| 183|0x0000000716e00000, 0x0000000717000000, 0x0000000717000000|100%| O|  |TAMS 0x0000000717000000, 0x0000000716e00000| Updating 
| 184|0x0000000717000000, 0x0000000717200000, 0x0000000717200000|100%| O|  |TAMS 0x0000000717200000, 0x0000000717000000| Updating 
| 185|0x0000000717200000, 0x0000000717400000, 0x0000000717400000|100%| O|  |TAMS 0x0000000717400000, 0x0000000717200000| Updating 
| 186|0x0000000717400000, 0x0000000717600000, 0x0000000717600000|100%| O|  |TAMS 0x0000000717600000, 0x0000000717400000| Updating 
| 187|0x0000000717600000, 0x0000000717800000, 0x0000000717800000|100%| O|  |TAMS 0x0000000717800000, 0x0000000717600000| Updating 
| 188|0x0000000717800000, 0x0000000717a00000, 0x0000000717a00000|100%| O|  |TAMS 0x0000000717a00000, 0x0000000717800000| Updating 
| 189|0x0000000717a00000, 0x0000000717c00000, 0x0000000717c00000|100%| O|  |TAMS 0x0000000717c00000, 0x0000000717a00000| Updating 
| 190|0x0000000717c00000, 0x0000000717c00000, 0x0000000717e00000|  0%| F|  |TAMS 0x0000000717c00000, 0x0000000717c00000| Untracked 
| 191|0x0000000717e00000, 0x0000000718000000, 0x0000000718000000|100%| O|  |TAMS 0x0000000718000000, 0x0000000717e00000| Updating 
| 192|0x0000000718000000, 0x0000000718200000, 0x0000000718200000|100%| O|  |TAMS 0x0000000718200000, 0x0000000718000000| Updating 
| 193|0x0000000718200000, 0x0000000718400000, 0x0000000718400000|100%|HS|  |TAMS 0x0000000718400000, 0x0000000718200000| Complete 
| 194|0x0000000718400000, 0x0000000718600000, 0x0000000718600000|100%| O|  |TAMS 0x0000000718600000, 0x0000000718400000| Updating 
| 195|0x0000000718600000, 0x0000000718800000, 0x0000000718800000|100%| O|  |TAMS 0x0000000718800000, 0x0000000718600000| Updating 
| 196|0x0000000718800000, 0x0000000718a00000, 0x0000000718a00000|100%| O|  |TAMS 0x0000000718a00000, 0x0000000718800000| Updating 
| 197|0x0000000718a00000, 0x0000000718c00000, 0x0000000718c00000|100%| O|  |TAMS 0x0000000718c00000, 0x0000000718a00000| Updating 
| 198|0x0000000718c00000, 0x0000000718e00000, 0x0000000718e00000|100%| O|  |TAMS 0x0000000718e00000, 0x0000000718c00000| Updating 
| 199|0x0000000718e00000, 0x0000000719000000, 0x0000000719000000|100%|HS|  |TAMS 0x0000000719000000, 0x0000000718e00000| Complete 
| 200|0x0000000719000000, 0x0000000719200000, 0x0000000719200000|100%|HS|  |TAMS 0x0000000719200000, 0x0000000719000000| Complete 
| 201|0x0000000719200000, 0x0000000719400000, 0x0000000719400000|100%| O|  |TAMS 0x0000000719400000, 0x0000000719200000| Updating 
| 202|0x0000000719400000, 0x0000000719600000, 0x0000000719600000|100%| O|  |TAMS 0x0000000719600000, 0x0000000719400000| Updating 
| 203|0x0000000719600000, 0x0000000719800000, 0x0000000719800000|100%| O|  |TAMS 0x0000000719800000, 0x0000000719600000| Updating 
| 204|0x0000000719800000, 0x0000000719a00000, 0x0000000719a00000|100%| O|  |TAMS 0x0000000719a00000, 0x0000000719800000| Updating 
| 205|0x0000000719a00000, 0x0000000719c00000, 0x0000000719c00000|100%| O|  |TAMS 0x0000000719c00000, 0x0000000719a00000| Updating 
| 206|0x0000000719c00000, 0x0000000719e00000, 0x0000000719e00000|100%| O|  |TAMS 0x0000000719e00000, 0x0000000719c00000| Updating 
| 207|0x0000000719e00000, 0x000000071a000000, 0x000000071a000000|100%| O|  |TAMS 0x000000071a000000, 0x0000000719e00000| Updating 
| 208|0x000000071a000000, 0x000000071a200000, 0x000000071a200000|100%| O|  |TAMS 0x000000071a200000, 0x000000071a000000| Updating 
| 209|0x000000071a200000, 0x000000071a400000, 0x000000071a400000|100%|HS|  |TAMS 0x000000071a400000, 0x000000071a200000| Complete 
| 210|0x000000071a400000, 0x000000071a600000, 0x000000071a600000|100%| O|  |TAMS 0x000000071a600000, 0x000000071a400000| Updating 
| 211|0x000000071a600000, 0x000000071a800000, 0x000000071a800000|100%| O|  |TAMS 0x000000071a800000, 0x000000071a600000| Updating 
| 212|0x000000071a800000, 0x000000071aa00000, 0x000000071aa00000|100%| O|  |TAMS 0x000000071aa00000, 0x000000071a800000| Updating 
| 213|0x000000071aa00000, 0x000000071ac00000, 0x000000071ac00000|100%| O|  |TAMS 0x000000071ac00000, 0x000000071aa00000| Updating 
| 214|0x000000071ac00000, 0x000000071ae00000, 0x000000071ae00000|100%| O|  |TAMS 0x000000071ae00000, 0x000000071ac00000| Updating 
| 215|0x000000071ae00000, 0x000000071b000000, 0x000000071b000000|100%| O|  |TAMS 0x000000071b000000, 0x000000071ae00000| Updating 
| 216|0x000000071b000000, 0x000000071b200000, 0x000000071b200000|100%| O|  |TAMS 0x000000071b200000, 0x000000071b000000| Updating 
| 217|0x000000071b200000, 0x000000071b400000, 0x000000071b400000|100%| O|  |TAMS 0x000000071b400000, 0x000000071b200000| Updating 
| 218|0x000000071b400000, 0x000000071b600000, 0x000000071b600000|100%| O|  |TAMS 0x000000071b600000, 0x000000071b400000| Updating 
| 219|0x000000071b600000, 0x000000071b600000, 0x000000071b800000|  0%| F|  |TAMS 0x000000071b600000, 0x000000071b600000| Untracked 
| 220|0x000000071b800000, 0x000000071ba00000, 0x000000071ba00000|100%| O|  |TAMS 0x000000071ba00000, 0x000000071b800000| Updating 
| 221|0x000000071ba00000, 0x000000071ba00000, 0x000000071bc00000|  0%| F|  |TAMS 0x000000071ba00000, 0x000000071ba00000| Untracked 
| 222|0x000000071bc00000, 0x000000071bc00000, 0x000000071be00000|  0%| F|  |TAMS 0x000000071bc00000, 0x000000071bc00000| Untracked 
| 223|0x000000071be00000, 0x000000071be00000, 0x000000071c000000|  0%| F|  |TAMS 0x000000071be00000, 0x000000071be00000| Untracked 
| 224|0x000000071c000000, 0x000000071c200000, 0x000000071c200000|100%| O|  |TAMS 0x000000071c200000, 0x000000071c000000| Updating 
| 225|0x000000071c200000, 0x000000071c400000, 0x000000071c400000|100%| O|  |TAMS 0x000000071c400000, 0x000000071c200000| Updating 
| 226|0x000000071c400000, 0x000000071c600000, 0x000000071c600000|100%| O|  |TAMS 0x000000071c600000, 0x000000071c400000| Updating 
| 227|0x000000071c600000, 0x000000071c800000, 0x000000071c800000|100%| O|  |TAMS 0x000000071c800000, 0x000000071c600000| Updating 
| 228|0x000000071c800000, 0x000000071ca00000, 0x000000071ca00000|100%| O|  |TAMS 0x000000071ca00000, 0x000000071c800000| Updating 
| 229|0x000000071ca00000, 0x000000071cc00000, 0x000000071cc00000|100%| O|  |TAMS 0x000000071cc00000, 0x000000071ca00000| Updating 
| 230|0x000000071cc00000, 0x000000071ce00000, 0x000000071ce00000|100%| O|  |TAMS 0x000000071ce00000, 0x000000071cc00000| Updating 
| 231|0x000000071ce00000, 0x000000071d000000, 0x000000071d000000|100%| O|  |TAMS 0x000000071d000000, 0x000000071ce00000| Updating 
| 232|0x000000071d000000, 0x000000071d200000, 0x000000071d200000|100%| O|  |TAMS 0x000000071d200000, 0x000000071d000000| Updating 
| 233|0x000000071d200000, 0x000000071d400000, 0x000000071d400000|100%| O|  |TAMS 0x000000071d400000, 0x000000071d200000| Updating 
| 234|0x000000071d400000, 0x000000071d400000, 0x000000071d600000|  0%| F|  |TAMS 0x000000071d400000, 0x000000071d400000| Untracked 
| 235|0x000000071d600000, 0x000000071d800000, 0x000000071d800000|100%| O|  |TAMS 0x000000071d800000, 0x000000071d600000| Updating 
| 236|0x000000071d800000, 0x000000071d800000, 0x000000071da00000|  0%| F|  |TAMS 0x000000071d800000, 0x000000071d800000| Untracked 
| 237|0x000000071da00000, 0x000000071dc00000, 0x000000071dc00000|100%| O|  |TAMS 0x000000071dc00000, 0x000000071da00000| Updating 
| 238|0x000000071dc00000, 0x000000071de00000, 0x000000071de00000|100%|HS|  |TAMS 0x000000071de00000, 0x000000071dc00000| Complete 
| 239|0x000000071de00000, 0x000000071e000000, 0x000000071e000000|100%| O|  |TAMS 0x000000071e000000, 0x000000071de00000| Updating 
| 240|0x000000071e000000, 0x000000071e200000, 0x000000071e200000|100%| O|  |TAMS 0x000000071e200000, 0x000000071e000000| Updating 
| 241|0x000000071e200000, 0x000000071e400000, 0x000000071e400000|100%| O|  |TAMS 0x000000071e400000, 0x000000071e200000| Updating 
| 242|0x000000071e400000, 0x000000071e600000, 0x000000071e600000|100%| O|  |TAMS 0x000000071e600000, 0x000000071e400000| Updating 
| 243|0x000000071e600000, 0x000000071e800000, 0x000000071e800000|100%| O|  |TAMS 0x000000071e800000, 0x000000071e600000| Updating 
| 244|0x000000071e800000, 0x000000071ea00000, 0x000000071ea00000|100%| O|  |TAMS 0x000000071ea00000, 0x000000071e800000| Updating 
| 245|0x000000071ea00000, 0x000000071ec00000, 0x000000071ec00000|100%| O|  |TAMS 0x000000071ec00000, 0x000000071ea00000| Updating 
| 246|0x000000071ec00000, 0x000000071ee00000, 0x000000071ee00000|100%| O|  |TAMS 0x000000071ee00000, 0x000000071ec00000| Updating 
| 247|0x000000071ee00000, 0x000000071f000000, 0x000000071f000000|100%| O|  |TAMS 0x000000071f000000, 0x000000071ee00000| Updating 
| 248|0x000000071f000000, 0x000000071f200000, 0x000000071f200000|100%| O|  |TAMS 0x000000071f200000, 0x000000071f000000| Updating 
| 249|0x000000071f200000, 0x000000071f400000, 0x000000071f400000|100%| O|  |TAMS 0x000000071f400000, 0x000000071f200000| Updating 
| 250|0x000000071f400000, 0x000000071f600000, 0x000000071f600000|100%| O|  |TAMS 0x000000071f600000, 0x000000071f400000| Updating 
| 251|0x000000071f600000, 0x000000071f600000, 0x000000071f800000|  0%| F|  |TAMS 0x000000071f600000, 0x000000071f600000| Untracked 
| 252|0x000000071f800000, 0x000000071fa00000, 0x000000071fa00000|100%| O|  |TAMS 0x000000071fa00000, 0x000000071f800000| Updating 
| 253|0x000000071fa00000, 0x000000071fc00000, 0x000000071fc00000|100%|HS|  |TAMS 0x000000071fc00000, 0x000000071fa00000| Complete 
| 254|0x000000071fc00000, 0x000000071fe00000, 0x000000071fe00000|100%| O|  |TAMS 0x000000071fe00000, 0x000000071fc00000| Updating 
| 255|0x000000071fe00000, 0x0000000720000000, 0x0000000720000000|100%| O|  |TAMS 0x0000000720000000, 0x000000071fe00000| Updating 
| 256|0x0000000720000000, 0x0000000720200000, 0x0000000720200000|100%| O|  |TAMS 0x0000000720200000, 0x0000000720000000| Updating 
| 257|0x0000000720200000, 0x0000000720400000, 0x0000000720400000|100%| O|  |TAMS 0x0000000720400000, 0x0000000720200000| Updating 
| 258|0x0000000720400000, 0x0000000720600000, 0x0000000720600000|100%| O|  |TAMS 0x0000000720600000, 0x0000000720400000| Untracked 
| 259|0x0000000720600000, 0x0000000720800000, 0x0000000720800000|100%| O|  |TAMS 0x0000000720800000, 0x0000000720600000| Updating 
| 260|0x0000000720800000, 0x0000000720a00000, 0x0000000720a00000|100%|HS|  |TAMS 0x0000000720a00000, 0x0000000720800000| Complete 
| 261|0x0000000720a00000, 0x0000000720c00000, 0x0000000720c00000|100%|HC|  |TAMS 0x0000000720c00000, 0x0000000720a00000| Complete 
| 262|0x0000000720c00000, 0x0000000720e00000, 0x0000000720e00000|100%|HS|  |TAMS 0x0000000720e00000, 0x0000000720c00000| Complete 
| 263|0x0000000720e00000, 0x0000000721000000, 0x0000000721000000|100%|HC|  |TAMS 0x0000000721000000, 0x0000000720e00000| Complete 
| 264|0x0000000721000000, 0x0000000721200000, 0x0000000721200000|100%|HS|  |TAMS 0x0000000721200000, 0x0000000721000000| Complete 
| 265|0x0000000721200000, 0x0000000721400000, 0x0000000721400000|100%|HS|  |TAMS 0x0000000721400000, 0x0000000721200000| Complete 
| 266|0x0000000721400000, 0x0000000721600000, 0x0000000721600000|100%|HS|  |TAMS 0x0000000721600000, 0x0000000721400000| Complete 
| 267|0x0000000721600000, 0x0000000721800000, 0x0000000721800000|100%|HC|  |TAMS 0x0000000721800000, 0x0000000721600000| Complete 
| 268|0x0000000721800000, 0x0000000721a00000, 0x0000000721a00000|100%|HS|  |TAMS 0x0000000721a00000, 0x0000000721800000| Complete 
| 269|0x0000000721a00000, 0x0000000721c00000, 0x0000000721c00000|100%|HC|  |TAMS 0x0000000721c00000, 0x0000000721a00000| Complete 
| 270|0x0000000721c00000, 0x0000000721e00000, 0x0000000721e00000|100%| O|  |TAMS 0x0000000721e00000, 0x0000000721c00000| Untracked 
| 271|0x0000000721e00000, 0x0000000722000000, 0x0000000722000000|100%|HS|  |TAMS 0x0000000722000000, 0x0000000721e00000| Complete 
| 272|0x0000000722000000, 0x0000000722200000, 0x0000000722200000|100%| O|  |TAMS 0x0000000722200000, 0x0000000722000000| Untracked 
| 273|0x0000000722200000, 0x0000000722400000, 0x0000000722400000|100%|HS|  |TAMS 0x0000000722400000, 0x0000000722200000| Complete 
| 274|0x0000000722400000, 0x0000000722600000, 0x0000000722600000|100%|HC|  |TAMS 0x0000000722600000, 0x0000000722400000| Complete 
| 275|0x0000000722600000, 0x0000000722800000, 0x0000000722800000|100%|HS|  |TAMS 0x0000000722800000, 0x0000000722600000| Complete 
| 276|0x0000000722800000, 0x0000000722a00000, 0x0000000722a00000|100%|HS|  |TAMS 0x0000000722a00000, 0x0000000722800000| Complete 
| 277|0x0000000722a00000, 0x0000000722c00000, 0x0000000722c00000|100%| O|  |TAMS 0x0000000722c00000, 0x0000000722a00000| Untracked 
| 278|0x0000000722c00000, 0x0000000722e00000, 0x0000000722e00000|100%| O|  |TAMS 0x0000000722e00000, 0x0000000722c00000| Updating 
| 279|0x0000000722e00000, 0x0000000723000000, 0x0000000723000000|100%| O|  |TAMS 0x0000000723000000, 0x0000000722e00000| Updating 
| 280|0x0000000723000000, 0x0000000723200000, 0x0000000723200000|100%|HS|  |TAMS 0x0000000723200000, 0x0000000723000000| Complete 
| 281|0x0000000723200000, 0x0000000723400000, 0x0000000723400000|100%|HC|  |TAMS 0x0000000723400000, 0x0000000723200000| Complete 
| 282|0x0000000723400000, 0x0000000723600000, 0x0000000723600000|100%| O|  |TAMS 0x0000000723600000, 0x0000000723400000| Updating 
| 283|0x0000000723600000, 0x0000000723800000, 0x0000000723800000|100%| O|  |TAMS 0x0000000723800000, 0x0000000723600000| Updating 
| 284|0x0000000723800000, 0x0000000723a00000, 0x0000000723a00000|100%| O|  |TAMS 0x0000000723a00000, 0x0000000723800000| Updating 
| 285|0x0000000723a00000, 0x0000000723c00000, 0x0000000723c00000|100%| O|  |TAMS 0x0000000723c00000, 0x0000000723a00000| Updating 
| 286|0x0000000723c00000, 0x0000000723e00000, 0x0000000723e00000|100%|HS|  |TAMS 0x0000000723e00000, 0x0000000723c00000| Complete 
| 287|0x0000000723e00000, 0x0000000724000000, 0x0000000724000000|100%|HC|  |TAMS 0x0000000724000000, 0x0000000723e00000| Complete 
| 288|0x0000000724000000, 0x0000000724200000, 0x0000000724200000|100%| O|  |TAMS 0x0000000724200000, 0x0000000724000000| Updating 
| 289|0x0000000724200000, 0x0000000724400000, 0x0000000724400000|100%| O|  |TAMS 0x0000000724400000, 0x0000000724200000| Updating 
| 290|0x0000000724400000, 0x0000000724600000, 0x0000000724600000|100%|HS|  |TAMS 0x0000000724600000, 0x0000000724400000| Complete 
| 291|0x0000000724600000, 0x0000000724800000, 0x0000000724800000|100%|HS|  |TAMS 0x0000000724800000, 0x0000000724600000| Complete 
| 292|0x0000000724800000, 0x0000000724a00000, 0x0000000724a00000|100%|HC|  |TAMS 0x0000000724a00000, 0x0000000724800000| Complete 
| 293|0x0000000724a00000, 0x0000000724c00000, 0x0000000724c00000|100%| O|  |TAMS 0x0000000724c00000, 0x0000000724a00000| Updating 
| 294|0x0000000724c00000, 0x0000000724e00000, 0x0000000724e00000|100%| O|  |TAMS 0x0000000724e00000, 0x0000000724c00000| Untracked 
| 295|0x0000000724e00000, 0x0000000725000000, 0x0000000725000000|100%| O|  |TAMS 0x0000000725000000, 0x0000000724e00000| Untracked 
| 296|0x0000000725000000, 0x0000000725200000, 0x0000000725200000|100%| O|  |TAMS 0x0000000725200000, 0x0000000725000000| Untracked 
| 297|0x0000000725200000, 0x0000000725400000, 0x0000000725400000|100%| O|  |TAMS 0x0000000725400000, 0x0000000725200000| Updating 
| 298|0x0000000725400000, 0x0000000725600000, 0x0000000725600000|100%|HS|  |TAMS 0x0000000725600000, 0x0000000725400000| Complete 
| 299|0x0000000725600000, 0x0000000725800000, 0x0000000725800000|100%| O|  |TAMS 0x0000000725800000, 0x0000000725600000| Untracked 
| 300|0x0000000725800000, 0x0000000725a00000, 0x0000000725a00000|100%| O|  |TAMS 0x0000000725a00000, 0x0000000725800000| Untracked 
| 301|0x0000000725a00000, 0x0000000725c00000, 0x0000000725c00000|100%| O|  |TAMS 0x0000000725c00000, 0x0000000725a00000| Untracked 
| 302|0x0000000725c00000, 0x0000000725e00000, 0x0000000725e00000|100%| O|  |TAMS 0x0000000725e00000, 0x0000000725c00000| Updating 
| 303|0x0000000725e00000, 0x0000000726000000, 0x0000000726000000|100%| O|  |TAMS 0x0000000726000000, 0x0000000725e00000| Updating 
| 304|0x0000000726000000, 0x0000000726200000, 0x0000000726200000|100%| O|  |TAMS 0x0000000726100000, 0x0000000726000000| Updating 
| 305|0x0000000726200000, 0x0000000726400000, 0x0000000726400000|100%| O|  |TAMS 0x0000000726400000, 0x0000000726200000| Untracked 
| 306|0x0000000726400000, 0x0000000726600000, 0x0000000726600000|100%| O|  |TAMS 0x0000000726600000, 0x0000000726400000| Updating 
| 307|0x0000000726600000, 0x0000000726800000, 0x0000000726800000|100%| O|  |TAMS 0x0000000726800000, 0x0000000726600000| Untracked 
| 308|0x0000000726800000, 0x0000000726a00000, 0x0000000726a00000|100%| O|  |TAMS 0x0000000726a00000, 0x0000000726800000| Untracked 
| 309|0x0000000726a00000, 0x0000000726c00000, 0x0000000726c00000|100%| O|  |TAMS 0x0000000726c00000, 0x0000000726a00000| Untracked 
| 310|0x0000000726c00000, 0x0000000726e00000, 0x0000000726e00000|100%| O|  |TAMS 0x0000000726e00000, 0x0000000726c00000| Untracked 
| 311|0x0000000726e00000, 0x0000000727000000, 0x0000000727000000|100%| O|  |TAMS 0x0000000726e00000, 0x0000000726e00000| Untracked 
| 312|0x0000000727000000, 0x0000000727200000, 0x0000000727200000|100%| O|  |TAMS 0x0000000727000000, 0x0000000727000000| Untracked 
| 313|0x0000000727200000, 0x0000000727400000, 0x0000000727400000|100%| O|  |TAMS 0x0000000727200000, 0x0000000727200000| Untracked 
| 314|0x0000000727400000, 0x0000000727600000, 0x0000000727600000|100%| O|  |TAMS 0x0000000727400000, 0x0000000727400000| Untracked 
| 315|0x0000000727600000, 0x0000000727800000, 0x0000000727800000|100%| O|  |TAMS 0x0000000727600000, 0x0000000727600000| Untracked 
| 316|0x0000000727800000, 0x0000000727900000, 0x0000000727a00000| 50%| O|  |TAMS 0x0000000727800000, 0x0000000727800000| Updating 
| 317|0x0000000727a00000, 0x0000000727a00000, 0x0000000727c00000|  0%| F|  |TAMS 0x0000000727a00000, 0x0000000727a00000| Untracked 
| 318|0x0000000727c00000, 0x0000000727c00000, 0x0000000727e00000|  0%| F|  |TAMS 0x0000000727c00000, 0x0000000727c00000| Untracked 
| 319|0x0000000727e00000, 0x0000000727e00000, 0x0000000728000000|  0%| F|  |TAMS 0x0000000727e00000, 0x0000000727e00000| Untracked 
| 320|0x0000000728000000, 0x0000000728000000, 0x0000000728200000|  0%| F|  |TAMS 0x0000000728000000, 0x0000000728000000| Untracked 
| 321|0x0000000728200000, 0x0000000728200000, 0x0000000728400000|  0%| F|  |TAMS 0x0000000728200000, 0x0000000728200000| Untracked 
| 322|0x0000000728400000, 0x0000000728400000, 0x0000000728600000|  0%| F|  |TAMS 0x0000000728400000, 0x0000000728400000| Untracked 
| 323|0x0000000728600000, 0x0000000728600000, 0x0000000728800000|  0%| F|  |TAMS 0x0000000728600000, 0x0000000728600000| Untracked 
| 324|0x0000000728800000, 0x0000000728800000, 0x0000000728a00000|  0%| F|  |TAMS 0x0000000728800000, 0x0000000728800000| Untracked 
| 325|0x0000000728a00000, 0x0000000728a00000, 0x0000000728c00000|  0%| F|  |TAMS 0x0000000728a00000, 0x0000000728a00000| Untracked 
| 326|0x0000000728c00000, 0x0000000728c00000, 0x0000000728e00000|  0%| F|  |TAMS 0x0000000728c00000, 0x0000000728c00000| Untracked 
| 327|0x0000000728e00000, 0x0000000728e00000, 0x0000000729000000|  0%| F|  |TAMS 0x0000000728e00000, 0x0000000728e00000| Untracked 
| 328|0x0000000729000000, 0x0000000729000000, 0x0000000729200000|  0%| F|  |TAMS 0x0000000729000000, 0x0000000729000000| Untracked 
| 329|0x0000000729200000, 0x0000000729200000, 0x0000000729400000|  0%| F|  |TAMS 0x0000000729200000, 0x0000000729200000| Untracked 
| 330|0x0000000729400000, 0x0000000729400000, 0x0000000729600000|  0%| F|  |TAMS 0x0000000729400000, 0x0000000729400000| Untracked 
| 331|0x0000000729600000, 0x0000000729600000, 0x0000000729800000|  0%| F|  |TAMS 0x0000000729600000, 0x0000000729600000| Untracked 
| 332|0x0000000729800000, 0x0000000729800000, 0x0000000729a00000|  0%| F|  |TAMS 0x0000000729800000, 0x0000000729800000| Untracked 
| 333|0x0000000729a00000, 0x0000000729a00000, 0x0000000729c00000|  0%| F|  |TAMS 0x0000000729a00000, 0x0000000729a00000| Untracked 
| 334|0x0000000729c00000, 0x0000000729c00000, 0x0000000729e00000|  0%| F|  |TAMS 0x0000000729c00000, 0x0000000729c00000| Untracked 
| 335|0x0000000729e00000, 0x0000000729e00000, 0x000000072a000000|  0%| F|  |TAMS 0x0000000729e00000, 0x0000000729e00000| Untracked 
| 336|0x000000072a000000, 0x000000072a000000, 0x000000072a200000|  0%| F|  |TAMS 0x000000072a000000, 0x000000072a000000| Untracked 
| 337|0x000000072a200000, 0x000000072a200000, 0x000000072a400000|  0%| F|  |TAMS 0x000000072a200000, 0x000000072a200000| Untracked 
| 338|0x000000072a400000, 0x000000072a600000, 0x000000072a600000|100%| S|CS|TAMS 0x000000072a400000, 0x000000072a400000| Complete 
| 339|0x000000072a600000, 0x000000072a800000, 0x000000072a800000|100%| S|CS|TAMS 0x000000072a600000, 0x000000072a600000| Complete 
| 340|0x000000072a800000, 0x000000072aa00000, 0x000000072aa00000|100%| S|CS|TAMS 0x000000072a800000, 0x000000072a800000| Complete 
| 341|0x000000072aa00000, 0x000000072aa00000, 0x000000072ac00000|  0%| F|  |TAMS 0x000000072aa00000, 0x000000072aa00000| Untracked 
| 342|0x000000072ac00000, 0x000000072ac00000, 0x000000072ae00000|  0%| F|  |TAMS 0x000000072ac00000, 0x000000072ac00000| Untracked 
| 343|0x000000072ae00000, 0x000000072ae00000, 0x000000072b000000|  0%| F|  |TAMS 0x000000072ae00000, 0x000000072ae00000| Untracked 
| 344|0x000000072b000000, 0x000000072b000000, 0x000000072b200000|  0%| F|  |TAMS 0x000000072b000000, 0x000000072b000000| Untracked 
| 345|0x000000072b200000, 0x000000072b200000, 0x000000072b400000|  0%| F|  |TAMS 0x000000072b200000, 0x000000072b200000| Untracked 
| 346|0x000000072b400000, 0x000000072b400000, 0x000000072b600000|  0%| F|  |TAMS 0x000000072b400000, 0x000000072b400000| Untracked 
| 347|0x000000072b600000, 0x000000072b600000, 0x000000072b800000|  0%| F|  |TAMS 0x000000072b600000, 0x000000072b600000| Untracked 
| 348|0x000000072b800000, 0x000000072b800000, 0x000000072ba00000|  0%| F|  |TAMS 0x000000072b800000, 0x000000072b800000| Untracked 
| 349|0x000000072ba00000, 0x000000072bc00000, 0x000000072bc00000|100%| E|  |TAMS 0x000000072ba00000, 0x000000072ba00000| Complete 
| 350|0x000000072bc00000, 0x000000072be00000, 0x000000072be00000|100%| E|CS|TAMS 0x000000072bc00000, 0x000000072bc00000| Complete 
| 351|0x000000072be00000, 0x000000072c000000, 0x000000072c000000|100%| E|CS|TAMS 0x000000072be00000, 0x000000072be00000| Complete 
| 352|0x000000072c000000, 0x000000072c200000, 0x000000072c200000|100%| E|CS|TAMS 0x000000072c000000, 0x000000072c000000| Complete 
| 353|0x000000072c200000, 0x000000072c400000, 0x000000072c400000|100%| E|CS|TAMS 0x000000072c200000, 0x000000072c200000| Complete 
| 354|0x000000072c400000, 0x000000072c600000, 0x000000072c600000|100%| E|CS|TAMS 0x000000072c400000, 0x000000072c400000| Complete 

Card table byte_map: [0x0000015318fa0000,0x00000153197a0000] _byte_map_base: 0x00000153157a0000

Marking Bits (Prev, Next): (CMBitMap*) 0x000001530036a340, (CMBitMap*) 0x000001530036a300
 Prev Bits: [0x000001531dfa0000, 0x0000015321fa0000)
 Next Bits: [0x0000015319fa0000, 0x000001531dfa0000)

Polling page: 0x0000015300160000

Metaspace:

Usage:
  Non-class:    144.35 MB used.
      Class:     21.65 MB used.
       Both:    165.99 MB used.

Virtual space:
  Non-class space:      192.00 MB reserved,     146.38 MB ( 76%) committed,  3 nodes.
      Class space:        1.00 GB reserved,      22.94 MB (  2%) committed,  1 nodes.
             Both:        1.19 GB reserved,     169.31 MB ( 14%) committed. 

Chunk freelists:
   Non-Class:  14.52 MB
       Class:  9.44 MB
        Both:  23.96 MB

MaxMetaspaceSize: unlimited
CompressedClassSpaceSize: 1.00 GB
Initial GC threshold: 21.00 MB
Current GC threshold: 202.12 MB
CDS: on
MetaspaceReclaimPolicy: balanced
 - commit_granule_bytes: 65536.
 - commit_granule_words: 8192.
 - virtual_space_node_default_size: 8388608.
 - enlarge_chunks_in_place: 1.
 - new_chunks_are_fully_committed: 0.
 - uncommit_free_chunks: 1.
 - use_allocation_guard: 0.
 - handle_deallocations: 1.


Internal statistics:

num_allocs_failed_limit: 9.
num_arena_births: 2984.
num_arena_deaths: 28.
num_vsnodes_births: 4.
num_vsnodes_deaths: 0.
num_space_committed: 2751.
num_space_uncommitted: 44.
num_chunks_returned_to_freelist: 236.
num_chunks_taken_from_freelist: 11047.
num_chunk_merges: 78.
num_chunk_splits: 7081.
num_chunks_enlarged: 4324.
num_inconsistent_stats: 0.

CodeHeap 'non-profiled nmethods': size=120064Kb used=25916Kb max_used=25916Kb free=94147Kb
 bounds [0x0000015310e60000, 0x00000153127b0000, 0x00000153183a0000]
CodeHeap 'profiled nmethods': size=120000Kb used=64311Kb max_used=64311Kb free=55688Kb
 bounds [0x00000153093a0000, 0x000001530d280000, 0x00000153108d0000]
CodeHeap 'non-nmethods': size=5696Kb used=2582Kb max_used=2609Kb free=3113Kb
 bounds [0x00000153108d0000, 0x0000015310b70000, 0x0000015310e60000]
 total_blobs=31460 nmethods=30354 adapters=1014
 compilation: enabled
              stopped_count=0, restarted_count=0
 full_count=0

Compilation events (20 events):
Event: 858.703 Thread 0x000001532436c830 39656       3       com.android.tools.r8.internal.Po::<init> (7 bytes)
Event: 858.704 Thread 0x000001532436c830 nmethod 39656 0x000001530cd73810 code [0x000001530cd739a0, 0x000001530cd73ae8]
Event: 858.714 Thread 0x000001532436c830 39657       3       com.android.tools.r8.internal.Mp::<init> (13 bytes)
Event: 858.714 Thread 0x000001532436c830 nmethod 39657 0x000001530d251e90 code [0x000001530d252040, 0x000001530d252248]
Event: 858.725 Thread 0x000001532436c830 39658       3       com.android.tools.r8.internal.ir::<init> (6 bytes)
Event: 858.726 Thread 0x000001532436c830 nmethod 39658 0x000001530d252390 code [0x000001530d252540, 0x000001530d2527d8]
Event: 858.727 Thread 0x000001532436c830 39659       2       com.android.tools.r8.internal.Gp::<init> (13 bytes)
Event: 858.727 Thread 0x000001532436c830 nmethod 39659 0x000001530d252910 code [0x000001530d252aa0, 0x000001530d252bc8]
Event: 858.728 Thread 0x000001532436c830 39660       3       com.android.tools.r8.internal.Um::a (3278 bytes)
Event: 858.756 Thread 0x000001532436c830 nmethod 39660 0x000001530d252d10 code [0x000001530d255440, 0x000001530d26a688]
Event: 858.915 Thread 0x000001532436c830 39662       3       com.android.tools.r8.graph.P2$h::y0 (2 bytes)
Event: 858.916 Thread 0x000001532436c830 nmethod 39662 0x000001530cda6b90 code [0x000001530cda6d20, 0x000001530cda6e38]
Event: 858.922 Thread 0x000001532436c830 39664       1       com.android.tools.r8.graph.P2::c1 (2 bytes)
Event: 858.922 Thread 0x000001532436c830 nmethod 39664 0x00000153127aea90 code [0x00000153127aec20, 0x00000153127aecf8]
Event: 858.928 Thread 0x000001532436c830 39665       1       com.android.tools.r8.graph.P2$b::h1 (5 bytes)
Event: 858.928 Thread 0x000001532436c830 nmethod 39665 0x00000153127aed90 code [0x00000153127aef20, 0x00000153127aeff8]
Event: 858.931 Thread 0x000001532436c830 39666       3       com.android.tools.r8.graph.V$$Lambda$3068/0x000001532747f220::a (50 bytes)
Event: 858.931 Thread 0x000001532436c830 nmethod 39666 0x000001530d271510 code [0x000001530d2716a0, 0x000001530d2718e8]
Event: 859.088 Thread 0x000001532436c830 39670       3       com.android.tools.r8.internal.Bo::hashCode (21 bytes)
Event: 859.089 Thread 0x000001532436c830 nmethod 39670 0x000001530d271a10 code [0x000001530d271bc0, 0x000001530d271de8]

GC Heap History (20 events):
Event: 786.252 GC heap before
{Heap before GC invocations=115 (full 0):
 garbage-first heap   total 727040K, used 643274K [0x0000000700000000, 0x0000000800000000)
  region size 2048K, 65 young (133120K), 3 survivors (6144K)
 Metaspace       used 170971K, committed 173248K, reserved 1245184K
  class space    used 22093K, committed 23104K, reserved 1048576K
}
Event: 786.280 GC heap after
{Heap after GC invocations=116 (full 0):
 garbage-first heap   total 727040K, used 516298K [0x0000000700000000, 0x0000000800000000)
  region size 2048K, 3 young (6144K), 3 survivors (6144K)
 Metaspace       used 170971K, committed 173248K, reserved 1245184K
  class space    used 22093K, committed 23104K, reserved 1048576K
}
Event: 797.128 GC heap before
{Heap before GC invocations=116 (full 0):
 garbage-first heap   total 727040K, used 643274K [0x0000000700000000, 0x0000000800000000)
  region size 2048K, 65 young (133120K), 3 survivors (6144K)
 Metaspace       used 171453K, committed 173696K, reserved 1245184K
  class space    used 22146K, committed 23168K, reserved 1048576K
}
Event: 797.165 GC heap after
{Heap after GC invocations=117 (full 0):
 garbage-first heap   total 727040K, used 514005K [0x0000000700000000, 0x0000000800000000)
  region size 2048K, 2 young (4096K), 2 survivors (4096K)
 Metaspace       used 171453K, committed 173696K, reserved 1245184K
  class space    used 22146K, committed 23168K, reserved 1048576K
}
Event: 804.965 GC heap before
{Heap before GC invocations=117 (full 0):
 garbage-first heap   total 727040K, used 638933K [0x0000000700000000, 0x0000000800000000)
  region size 2048K, 64 young (131072K), 2 survivors (4096K)
 Metaspace       used 172503K, committed 174784K, reserved 1245184K
  class space    used 22276K, committed 23296K, reserved 1048576K
}
Event: 805.006 GC heap after
{Heap after GC invocations=118 (full 0):
 garbage-first heap   total 727040K, used 516687K [0x0000000700000000, 0x0000000800000000)
  region size 2048K, 4 young (8192K), 4 survivors (8192K)
 Metaspace       used 172503K, committed 174784K, reserved 1245184K
  class space    used 22276K, committed 23296K, reserved 1048576K
}
Event: 809.916 GC heap before
{Heap before GC invocations=118 (full 0):
 garbage-first heap   total 727040K, used 637519K [0x0000000700000000, 0x0000000800000000)
  region size 2048K, 63 young (129024K), 4 survivors (8192K)
 Metaspace       used 172606K, committed 174912K, reserved 1245184K
  class space    used 22279K, committed 23296K, reserved 1048576K
}
Event: 810.053 GC heap after
{Heap after GC invocations=119 (full 0):
 garbage-first heap   total 727040K, used 534222K [0x0000000700000000, 0x0000000800000000)
  region size 2048K, 8 young (16384K), 8 survivors (16384K)
 Metaspace       used 172606K, committed 174912K, reserved 1245184K
  class space    used 22279K, committed 23296K, reserved 1048576K
}
Event: 840.945 GC heap before
{Heap before GC invocations=119 (full 0):
 garbage-first heap   total 727040K, used 632526K [0x0000000700000000, 0x0000000800000000)
  region size 2048K, 55 young (112640K), 8 survivors (16384K)
 Metaspace       used 172997K, committed 175296K, reserved 1245184K
  class space    used 22336K, committed 23360K, reserved 1048576K
}
Event: 841.103 GC heap after
{Heap after GC invocations=120 (full 0):
 garbage-first heap   total 727040K, used 534054K [0x0000000700000000, 0x0000000800000000)
  region size 2048K, 3 young (6144K), 3 survivors (6144K)
 Metaspace       used 172997K, committed 175296K, reserved 1245184K
  class space    used 22336K, committed 23360K, reserved 1048576K
}
Event: 847.496 GC heap before
{Heap before GC invocations=120 (full 0):
 garbage-first heap   total 727040K, used 675366K [0x0000000700000000, 0x0000000800000000)
  region size 2048K, 50 young (102400K), 3 survivors (6144K)
 Metaspace       used 173485K, committed 175744K, reserved 1245184K
  class space    used 22415K, committed 23424K, reserved 1048576K
}
Event: 847.594 GC heap after
{Heap after GC invocations=121 (full 0):
 garbage-first heap   total 727040K, used 585495K [0x0000000700000000, 0x0000000800000000)
  region size 2048K, 7 young (14336K), 7 survivors (14336K)
 Metaspace       used 173485K, committed 175744K, reserved 1245184K
  class space    used 22415K, committed 23424K, reserved 1048576K
}
Event: 849.062 GC heap before
{Heap before GC invocations=121 (full 0):
 garbage-first heap   total 727040K, used 655127K [0x0000000700000000, 0x0000000800000000)
  region size 2048K, 28 young (57344K), 7 survivors (14336K)
 Metaspace       used 173578K, committed 175872K, reserved 1245184K
  class space    used 22421K, committed 23424K, reserved 1048576K
}
Event: 849.151 GC heap after
{Heap after GC invocations=122 (full 0):
 garbage-first heap   total 727040K, used 613907K [0x0000000700000000, 0x0000000800000000)
  region size 2048K, 4 young (8192K), 4 survivors (8192K)
 Metaspace       used 173578K, committed 175872K, reserved 1245184K
  class space    used 22421K, committed 23424K, reserved 1048576K
}
Event: 849.764 GC heap before
{Heap before GC invocations=122 (full 0):
 garbage-first heap   total 727040K, used 638483K [0x0000000700000000, 0x0000000800000000)
  region size 2048K, 17 young (34816K), 4 survivors (8192K)
 Metaspace       used 173583K, committed 175872K, reserved 1245184K
  class space    used 22421K, committed 23424K, reserved 1048576K
}
Event: 849.904 GC heap after
{Heap after GC invocations=123 (full 0):
 garbage-first heap   total 727040K, used 625590K [0x0000000700000000, 0x0000000800000000)
  region size 2048K, 3 young (6144K), 3 survivors (6144K)
 Metaspace       used 173583K, committed 175872K, reserved 1245184K
  class space    used 22421K, committed 23424K, reserved 1048576K
}
Event: 850.484 GC heap before
{Heap before GC invocations=123 (full 0):
 garbage-first heap   total 727040K, used 658358K [0x0000000700000000, 0x0000000800000000)
  region size 2048K, 17 young (34816K), 3 survivors (6144K)
 Metaspace       used 173583K, committed 175872K, reserved 1245184K
  class space    used 22421K, committed 23424K, reserved 1048576K
}
Event: 850.590 GC heap after
{Heap after GC invocations=124 (full 0):
 garbage-first heap   total 727040K, used 642048K [0x0000000700000000, 0x0000000800000000)
  region size 2048K, 3 young (6144K), 3 survivors (6144K)
 Metaspace       used 173583K, committed 175872K, reserved 1245184K
  class space    used 22421K, committed 23424K, reserved 1048576K
}
Event: 850.974 GC heap before
{Heap before GC invocations=124 (full 0):
 garbage-first heap   total 727040K, used 670720K [0x0000000700000000, 0x0000000800000000)
  region size 2048K, 17 young (34816K), 3 survivors (6144K)
 Metaspace       used 173593K, committed 175872K, reserved 1245184K
  class space    used 22421K, committed 23424K, reserved 1048576K
}
Event: 851.183 GC heap after
{Heap after GC invocations=125 (full 0):
 garbage-first heap   total 727040K, used 654336K [0x0000000700000000, 0x0000000800000000)
  region size 2048K, 3 young (6144K), 3 survivors (6144K)
 Metaspace       used 173593K, committed 175872K, reserved 1245184K
  class space    used 22421K, committed 23424K, reserved 1048576K
}

Deoptimization events (20 events):
Event: 856.701 Thread 0x00000153781b58c0 DEOPT UNPACKING pc=0x0000015310922b24 sp=0x0000002e5bffe198 mode 0
Event: 856.889 Thread 0x00000153781b3550 DEOPT UNPACKING pc=0x0000015310922b24 sp=0x0000002e5b8fe298 mode 0
Event: 856.891 Thread 0x00000153781b58c0 DEOPT PACKING pc=0x000001530d1d055d sp=0x0000002e5bffeb90
Event: 856.891 Thread 0x00000153781b58c0 DEOPT UNPACKING pc=0x0000015310922b24 sp=0x0000002e5bffe188 mode 0
Event: 857.694 Thread 0x00000153781b3550 DEOPT PACKING pc=0x000001530d1d055d sp=0x0000002e5b8fec90
Event: 857.694 Thread 0x00000153781b3550 DEOPT UNPACKING pc=0x0000015310922b24 sp=0x0000002e5b8fe288 mode 0
Event: 857.737 Thread 0x00000153781b58c0 DEOPT PACKING pc=0x000001530d1d055d sp=0x0000002e5bffeb90
Event: 857.737 Thread 0x00000153781b58c0 DEOPT UNPACKING pc=0x0000015310922b24 sp=0x0000002e5bffe188 mode 0
Event: 857.791 Thread 0x00000153781b58c0 DEOPT PACKING pc=0x000001530d1d055d sp=0x0000002e5bffeb90
Event: 857.791 Thread 0x00000153781b58c0 DEOPT UNPACKING pc=0x0000015310922b24 sp=0x0000002e5bffe188 mode 0
Event: 858.726 Thread 0x00000153781b3550 Uncommon trap: trap_request=0xffffff45 fr.pc=0x00000153127a7044 relative=0x0000000000005f64
Event: 858.727 Thread 0x00000153781b3550 Uncommon trap: reason=unstable_if action=reinterpret pc=0x00000153127a7044 method=com.android.tools.r8.internal.Um.a(IILcom/android/tools/r8/internal/kp;Lcom/android/tools/r8/graph/u5;)Lcom/android/tools/r8/internal/jp; @ 265 c2
Event: 858.727 Thread 0x00000153781b3550 DEOPT PACKING pc=0x00000153127a7044 sp=0x0000002e5b8feb60
Event: 858.727 Thread 0x00000153781b3550 DEOPT UNPACKING pc=0x000001531092239d sp=0x0000002e5b8feb50 mode 2
Event: 858.761 Thread 0x00000153781b3550 DEOPT PACKING pc=0x000001530d1d055d sp=0x0000002e5b8fec90
Event: 858.762 Thread 0x00000153781b3550 DEOPT UNPACKING pc=0x0000015310922b24 sp=0x0000002e5b8fe288 mode 0
Event: 858.926 Thread 0x00000153781b3550 DEOPT PACKING pc=0x000001530d1d055d sp=0x0000002e5b8fec90
Event: 858.926 Thread 0x00000153781b3550 DEOPT UNPACKING pc=0x0000015310922b24 sp=0x0000002e5b8fe288 mode 0
Event: 858.939 Thread 0x00000153781b3550 DEOPT PACKING pc=0x000001530d1d055d sp=0x0000002e5b8feca0
Event: 858.939 Thread 0x00000153781b3550 DEOPT UNPACKING pc=0x0000015310922b24 sp=0x0000002e5b8fe298 mode 0

Classes unloaded (20 events):
Event: 859.206 Thread 0x000001532434ed00 Unloading class 0x00000153272df800 'jdk/internal/jimage/ImageHeader'
Event: 859.207 Thread 0x000001532434ed00 Unloading class 0x00000153272dedc8 'jdk/internal/jimage/BasicImageReader$2'
Event: 859.207 Thread 0x000001532434ed00 Unloading class 0x00000153272deb98 'jdk/internal/jimage/BasicImageReader$1'
Event: 859.207 Thread 0x000001532434ed00 Unloading class 0x00000153272de930 'jdk/internal/jimage/ImageReader$Resource'
Event: 859.207 Thread 0x000001532434ed00 Unloading class 0x00000153272de6c8 'jdk/internal/jimage/ImageReader$LinkNode'
Event: 859.207 Thread 0x000001532434ed00 Unloading class 0x00000153272de460 'jdk/internal/jimage/ImageReader$Directory'
Event: 859.207 Thread 0x000001532434ed00 Unloading class 0x00000153272de1f8 'jdk/internal/jimage/ImageReader$Node'
Event: 859.207 Thread 0x000001532434ed00 Unloading class 0x00000153272de000 'jdk/internal/jimage/ImageStrings'
Event: 859.207 Thread 0x000001532434ed00 Unloading class 0x00000153272ddb50 'jdk/internal/jimage/ImageReader$SharedImageReader'
Event: 859.207 Thread 0x000001532434ed00 Unloading class 0x00000153272dd890 'jdk/internal/jimage/BasicImageReader'
Event: 859.207 Thread 0x000001532434ed00 Unloading class 0x00000153272dd670 'jdk/internal/jimage/ImageReader'
Event: 859.207 Thread 0x000001532434ed00 Unloading class 0x00000153272dd448 'jdk/internal/jrtfs/SystemImage$2'
Event: 859.207 Thread 0x000001532434ed00 Unloading class 0x00000153272dd230 'jdk/internal/jrtfs/SystemImage$$Lambda$2666+0x00000153272dd230'
Event: 859.207 Thread 0x000001532434ed00 Unloading class 0x00000153272dd000 'jdk/internal/jrtfs/ExplodedImage'
Event: 859.207 Thread 0x000001532434ed00 Unloading class 0x00000153272dcdc8 'jdk/internal/jrtfs/SystemImage$1'
Event: 859.208 Thread 0x000001532434ed00 Unloading class 0x00000153272dcbb0 'jdk/internal/jrtfs/SystemImage'
Event: 859.208 Thread 0x000001532434ed00 Unloading class 0x00000153272dc950 'jdk/internal/jrtfs/JrtFileStore'
Event: 859.208 Thread 0x000001532434ed00 Unloading class 0x00000153272dc5d8 'jdk/internal/jrtfs/JrtPath'
Event: 859.208 Thread 0x000001532434ed00 Unloading class 0x00000153272dc2e0 'jdk/internal/jrtfs/JrtFileSystem'
Event: 859.208 Thread 0x000001532434ed00 Unloading class 0x00000153272dc000 'jdk/internal/jrtfs/JrtFileSystemProvider'

Classes redefined (0 events):
No events

Internal exceptions (20 events):
Event: 791.968 Thread 0x000001537741f050 Exception <a 'sun/nio/fs/WindowsException'{0x000000072b114638}> (0x000000072b114638) 
thrown [s\open\src\hotspot\share\prims\jni.cpp, line 516]
Event: 792.013 Thread 0x000001537741f050 Exception <a 'sun/nio/fs/WindowsException'{0x000000072b11bfc0}> (0x000000072b11bfc0) 
thrown [s\open\src\hotspot\share\prims\jni.cpp, line 516]
Event: 801.311 Thread 0x000001536e2ff570 Exception <a 'sun/nio/fs/WindowsException'{0x00000007270b5460}> (0x00000007270b5460) 
thrown [s\open\src\hotspot\share\prims\jni.cpp, line 516]
Event: 801.436 Thread 0x000001536e2ff570 Exception <a 'sun/nio/fs/WindowsException'{0x000000072713c3e0}> (0x000000072713c3e0) 
thrown [s\open\src\hotspot\share\prims\jni.cpp, line 516]
Event: 801.829 Thread 0x000001536e2ff570 Exception <a 'sun/nio/fs/WindowsException'{0x0000000726ebc270}> (0x0000000726ebc270) 
thrown [s\open\src\hotspot\share\prims\jni.cpp, line 516]
Event: 801.915 Thread 0x000001536e2ff570 Exception <a 'sun/nio/fs/WindowsException'{0x0000000726ed5610}> (0x0000000726ed5610) 
thrown [s\open\src\hotspot\share\prims\jni.cpp, line 516]
Event: 802.623 Thread 0x000001536e2ff570 Exception <a 'sun/nio/fs/WindowsException'{0x0000000726c8dbc0}> (0x0000000726c8dbc0) 
thrown [s\open\src\hotspot\share\prims\jni.cpp, line 516]
Event: 802.632 Thread 0x000001536e2ff570 Exception <a 'sun/nio/fs/WindowsException'{0x0000000726ca6dd0}> (0x0000000726ca6dd0) 
thrown [s\open\src\hotspot\share\prims\jni.cpp, line 516]
Event: 802.639 Thread 0x000001536e2ff570 Exception <a 'sun/nio/fs/WindowsException'{0x0000000726cc0500}> (0x0000000726cc0500) 
thrown [s\open\src\hotspot\share\prims\jni.cpp, line 516]
Event: 803.949 Thread 0x000001536e2ff570 Exception <a 'sun/nio/fs/WindowsException'{0x00000007257cee48}> (0x00000007257cee48) 
thrown [s\open\src\hotspot\share\prims\jni.cpp, line 516]
Event: 803.949 Thread 0x000001536e2ff570 Exception <a 'sun/nio/fs/WindowsException'{0x00000007257cff78}> (0x00000007257cff78) 
thrown [s\open\src\hotspot\share\prims\jni.cpp, line 516]
Event: 803.949 Thread 0x000001536e2ff570 Exception <a 'sun/nio/fs/WindowsException'{0x00000007257d0008}> (0x00000007257d0008) 
thrown [s\open\src\hotspot\share\prims\jni.cpp, line 516]
Event: 803.949 Thread 0x000001536e2ff570 Exception <a 'sun/nio/fs/WindowsException'{0x00000007257d0218}> (0x00000007257d0218) 
thrown [s\open\src\hotspot\share\prims\jni.cpp, line 516]
Event: 804.060 Thread 0x000001536e2ff570 Exception <a 'java/lang/NoSuchMethodError'{0x00000007254c1bb8}: static Lcom/android/build/gradle/internal/tasks/MergeJavaResWorkAction$SourcedInput;.<clinit>()V> (0x00000007254c1bb8) 
thrown [s\open\src\hotspot\share\prims\jni.cpp, line 1112]
Event: 804.100 Thread 0x00000153781b53b0 Exception <a 'sun/nio/fs/WindowsException'{0x00000007252f7d78}> (0x00000007252f7d78) 
thrown [s\open\src\hotspot\share\prims\jni.cpp, line 516]
Event: 804.100 Thread 0x00000153781b53b0 Exception <a 'sun/nio/fs/WindowsException'{0x00000007252f7ff0}> (0x00000007252f7ff0) 
thrown [s\open\src\hotspot\share\prims\jni.cpp, line 516]
Event: 810.916 Thread 0x00000153781b53b0 Implicit null exception at 0x0000015312662aed to 0x0000015312662b40
Event: 810.916 Thread 0x00000153781b53b0 Implicit null exception at 0x0000015312661530 to 0x0000015312661548
Event: 847.098 Thread 0x00000153781b07c0 Exception <a 'sun/nio/fs/WindowsException'{0x000000072775bcb0}> (0x000000072775bcb0) 
thrown [s\open\src\hotspot\share\prims\jni.cpp, line 516]
Event: 851.547 Thread 0x00000153781b58c0 Exception <a 'java/lang/NoSuchMethodError'{0x000000072c560440}: 'long java.lang.invoke.DirectMethodHandle$Holder.invokeStatic(java.lang.Object, java.lang.Object, java.lang.Object)'> (0x000000072c560440) 
thrown [s\open\src\hotspot\share\interpreter\linkResolver.cpp, line 759]

VM Operations (20 events):
Event: 851.230 Executing VM operation: G1CollectForAllocation done
Event: 851.625 Executing VM operation: HandshakeAllThreads
Event: 851.625 Executing VM operation: HandshakeAllThreads done
Event: 851.639 Executing VM operation: HandshakeAllThreads
Event: 851.640 Executing VM operation: HandshakeAllThreads done
Event: 852.671 Executing VM operation: Cleanup
Event: 852.862 Executing VM operation: Cleanup done
Event: 853.862 Executing VM operation: Cleanup
Event: 853.920 Executing VM operation: Cleanup done
Event: 854.921 Executing VM operation: Cleanup
Event: 855.826 Executing VM operation: Cleanup done
Event: 856.831 Executing VM operation: Cleanup
Event: 857.245 Executing VM operation: Cleanup done
Event: 857.445 Executing VM operation: HandshakeAllThreads
Event: 857.696 Executing VM operation: HandshakeAllThreads done
Event: 858.196 Executing VM operation: HandshakeAllThreads
Event: 859.089 Executing VM operation: HandshakeAllThreads done
Event: 859.089 Executing VM operation: Cleanup
Event: 859.141 Executing VM operation: Cleanup done
Event: 859.141 Executing VM operation: G1Concurrent

Events (20 events):
Event: 846.474 Thread 0x00000153243eacf0 flushing nmethod 0x000001530ceb2b90
Event: 846.475 Thread 0x00000153243eacf0 flushing nmethod 0x000001530cec8110
Event: 846.476 Thread 0x00000153243eacf0 flushing nmethod 0x000001530cedb490
Event: 846.476 Thread 0x00000153243eacf0 flushing nmethod 0x000001530cedbb90
Event: 846.476 Thread 0x00000153243eacf0 flushing nmethod 0x000001530cee1110
Event: 846.476 Thread 0x00000153243eacf0 flushing nmethod 0x000001530cef7e90
Event: 846.484 Thread 0x00000153243eacf0 flushing nmethod 0x000001530cfe8e10
Event: 846.486 Thread 0x00000153243eacf0 flushing nmethod 0x000001530d027c10
Event: 846.489 Thread 0x00000153243eacf0 flushing nmethod 0x000001530d0a6210
Event: 846.497 Thread 0x00000153243eacf0 flushing nmethod 0x000001530d0bc790
Event: 847.292 loading class java/nio/BufferUnderflowException
Event: 847.295 loading class java/nio/BufferUnderflowException done
Event: 851.432 loading class java/util/concurrent/ForkJoinTask$AdaptedCallable
Event: 851.441 loading class java/util/concurrent/ForkJoinTask$AdaptedCallable done
Event: 851.444 loading class java/util/concurrent/ForkJoinPool$DefaultForkJoinWorkerThreadFactory$1
Event: 851.446 loading class java/util/concurrent/ForkJoinPool$DefaultForkJoinWorkerThreadFactory$1 done
Event: 851.448 Thread 0x00000153781b3550 Thread added: 0x00000153781b3550
Event: 851.508 Thread 0x00000153781b58c0 Thread added: 0x00000153781b58c0
Event: 851.613 loading class java/nio/HeapShortBuffer
Event: 851.618 loading class java/nio/HeapShortBuffer done


Dynamic libraries:
0x00007ff6180f0000 - 0x00007ff618100000 	C:\Program Files\Microsoft\jdk-17.0.12\bin\java.exe
0x00007ffed6f30000 - 0x00007ffed7128000 	C:\Windows\SYSTEM32\ntdll.dll
0x00007ffed5560000 - 0x00007ffed5622000 	C:\Windows\System32\KERNEL32.DLL
0x00007ffed49d0000 - 0x00007ffed4cc6000 	C:\Windows\System32\KERNELBASE.dll
0x00007ffed45d0000 - 0x00007ffed46d0000 	C:\Windows\System32\ucrtbase.dll
0x00007ffecc7f0000 - 0x00007ffecc809000 	C:\Program Files\Microsoft\jdk-17.0.12\bin\jli.dll
0x00007ffed5210000 - 0x00007ffed52bf000 	C:\Windows\System32\ADVAPI32.dll
0x00007ffed5e30000 - 0x00007ffed5ece000 	C:\Windows\System32\msvcrt.dll
0x00007ffed54c0000 - 0x00007ffed555f000 	C:\Windows\System32\sechost.dll
0x00007ffed67c0000 - 0x00007ffed68e3000 	C:\Windows\System32\RPCRT4.dll
0x00007ffed4cd0000 - 0x00007ffed4cf7000 	C:\Windows\System32\bcrypt.dll
0x00007ffed4f60000 - 0x00007ffed50fd000 	C:\Windows\System32\USER32.dll
0x00007ffed4840000 - 0x00007ffed4862000 	C:\Windows\System32\win32u.dll
0x00007ffed51e0000 - 0x00007ffed520b000 	C:\Windows\System32\GDI32.dll
0x00007ffed4db0000 - 0x00007ffed4eca000 	C:\Windows\System32\gdi32full.dll
0x00007ffed4720000 - 0x00007ffed47bd000 	C:\Windows\System32\msvcp_win.dll
0x00007ffecbfb0000 - 0x00007ffecbfcb000 	C:\Program Files\Microsoft\jdk-17.0.12\bin\VCRUNTIME140.dll
0x00007ffec1750000 - 0x00007ffec19ea000 	C:\Windows\WinSxS\amd64_microsoft.windows.common-controls_6595b64144ccf1df_6.0.19041.5794_none_60bcd33171f2783c\COMCTL32.dll
0x00007ffecba20000 - 0x00007ffecba2a000 	C:\Windows\SYSTEM32\VERSION.dll
0x00007ffed5340000 - 0x00007ffed536f000 	C:\Windows\System32\IMM32.DLL
0x00007ffecd280000 - 0x00007ffecd28c000 	C:\Program Files\Microsoft\jdk-17.0.12\bin\vcruntime140_1.dll
0x00007ffeaed80000 - 0x00007ffeaee0e000 	C:\Program Files\Microsoft\jdk-17.0.12\bin\msvcp140.dll
0x00007ffe66230000 - 0x00007ffe66e10000 	C:\Program Files\Microsoft\jdk-17.0.12\bin\server\jvm.dll
0x00007ffed6000000 - 0x00007ffed6008000 	C:\Windows\System32\PSAPI.DLL
0x00007ffecbed0000 - 0x00007ffecbed9000 	C:\Windows\SYSTEM32\WSOCK32.dll
0x00007ffed5450000 - 0x00007ffed54bb000 	C:\Windows\System32\WS2_32.dll
0x00007ffebcd80000 - 0x00007ffebcda7000 	C:\Windows\SYSTEM32\WINMM.dll
0x00007ffed2de0000 - 0x00007ffed2df2000 	C:\Windows\SYSTEM32\kernel.appcore.dll
0x00007ffecb6e0000 - 0x00007ffecb6ea000 	C:\Program Files\Microsoft\jdk-17.0.12\bin\jimage.dll
0x00007ffed2a90000 - 0x00007ffed2c91000 	C:\Windows\SYSTEM32\DBGHELP.DLL
0x00007ffeb8a40000 - 0x00007ffeb8a74000 	C:\Windows\SYSTEM32\dbgcore.DLL
0x00007ffed4ed0000 - 0x00007ffed4f52000 	C:\Windows\System32\bcryptPrimitives.dll
0x00007ffebf700000 - 0x00007ffebf70e000 	C:\Program Files\Microsoft\jdk-17.0.12\bin\instrument.dll
0x00007ffec5db0000 - 0x00007ffec5dd5000 	C:\Program Files\Microsoft\jdk-17.0.12\bin\java.dll
0x00007ffe9ce50000 - 0x00007ffe9cf27000 	C:\Program Files\Microsoft\jdk-17.0.12\bin\jsvml.dll
0x00007ffed5630000 - 0x00007ffed5d9e000 	C:\Windows\System32\SHELL32.dll
0x00007ffed2210000 - 0x00007ffed29b3000 	C:\Windows\SYSTEM32\windows.storage.dll
0x00007ffed6270000 - 0x00007ffed65c3000 	C:\Windows\System32\combase.dll
0x00007ffed3e50000 - 0x00007ffed3e7b000 	C:\Windows\SYSTEM32\Wldp.dll
0x00007ffed5370000 - 0x00007ffed543d000 	C:\Windows\System32\OLEAUT32.dll
0x00007ffed61c0000 - 0x00007ffed626d000 	C:\Windows\System32\SHCORE.dll
0x00007ffed6760000 - 0x00007ffed67b5000 	C:\Windows\System32\shlwapi.dll
0x00007ffed4500000 - 0x00007ffed4525000 	C:\Windows\SYSTEM32\profapi.dll
0x00007ffebf720000 - 0x00007ffebf738000 	C:\Program Files\Microsoft\jdk-17.0.12\bin\zip.dll
0x00007ffec5d90000 - 0x00007ffec5da9000 	C:\Program Files\Microsoft\jdk-17.0.12\bin\net.dll
0x00007ffec3dc0000 - 0x00007ffec3eca000 	C:\Windows\SYSTEM32\WINHTTP.dll
0x00007ffed3c30000 - 0x00007ffed3c9c000 	C:\Windows\system32\mswsock.dll
0x00007ffec04c0000 - 0x00007ffec04d6000 	C:\Program Files\Microsoft\jdk-17.0.12\bin\nio.dll
0x00007ffec5ff0000 - 0x00007ffec6000000 	C:\Program Files\Microsoft\jdk-17.0.12\bin\verify.dll
0x00007ffecf030000 - 0x00007ffecf057000 	C:\Users\Fahad Computer\.gradle\native\1def1411415f61bf3af743bc5b6707747c0891f09f0c88961ee8f79bc544acac\windows-amd64\native-platform.dll
0x000000006e690000 - 0x000000006e703000 	C:\Users\Fahad Computer\.gradle\native\0.2.5\x86_64-windows-gnu\gradle-fileevents.dll
0x00007ffec5d80000 - 0x00007ffec5d8a000 	C:\Program Files\Microsoft\jdk-17.0.12\bin\management.dll
0x00007ffec0670000 - 0x00007ffec067b000 	C:\Program Files\Microsoft\jdk-17.0.12\bin\management_ext.dll
0x00007ffed3e90000 - 0x00007ffed3ea8000 	C:\Windows\SYSTEM32\CRYPTSP.dll
0x00007ffed3570000 - 0x00007ffed35a8000 	C:\Windows\system32\rsaenh.dll
0x00007ffed44c0000 - 0x00007ffed44ee000 	C:\Windows\SYSTEM32\USERENV.dll
0x00007ffed3dc0000 - 0x00007ffed3dcc000 	C:\Windows\SYSTEM32\CRYPTBASE.dll
0x00007ffed3930000 - 0x00007ffed396b000 	C:\Windows\SYSTEM32\IPHLPAPI.DLL
0x00007ffed5440000 - 0x00007ffed5448000 	C:\Windows\System32\NSI.dll
0x00007ffecb670000 - 0x00007ffecb687000 	C:\Windows\SYSTEM32\dhcpcsvc6.DLL
0x00007ffecb610000 - 0x00007ffecb62d000 	C:\Windows\SYSTEM32\dhcpcsvc.DLL
0x00007ffed3970000 - 0x00007ffed3a3a000 	C:\Windows\SYSTEM32\DNSAPI.dll
0x00007ffec5d70000 - 0x00007ffec5d7e000 	C:\Program Files\Microsoft\jdk-17.0.12\bin\sunmscapi.dll
0x00007ffed4870000 - 0x00007ffed49cd000 	C:\Windows\System32\CRYPT32.dll
0x00007ffed4000000 - 0x00007ffed4027000 	C:\Windows\SYSTEM32\ncrypt.dll
0x00007ffed3fc0000 - 0x00007ffed3ffb000 	C:\Windows\SYSTEM32\NTASN1.dll
0x00007ffebe380000 - 0x00007ffebe387000 	C:\Windows\system32\wshunix.dll
0x000000006e610000 - 0x000000006e683000 	C:\Users\Fahad Computer\AppData\Local\Temp\native-platform7625999875492815472dir\gradle-fileevents.dll
0x00007ffeb7af0000 - 0x00007ffeb7b07000 	C:\Windows\system32\napinsp.dll
0x00007ffeb7ad0000 - 0x00007ffeb7aeb000 	C:\Windows\system32\pnrpnsp.dll
0x00007ffecf060000 - 0x00007ffecf07d000 	C:\Windows\system32\wshbth.dll
0x00007ffeceef0000 - 0x00007ffecef0d000 	C:\Windows\system32\NLAapi.dll
0x00007ffeb7ab0000 - 0x00007ffeb7ac2000 	C:\Windows\System32\winrnr.dll
0x00007ffecbc00000 - 0x00007ffecbc0a000 	C:\Windows\System32\rasadhlp.dll
0x00007ffec3ab0000 - 0x00007ffec3b30000 	C:\Windows\System32\fwpuclnt.dll
0x00007ffed37c0000 - 0x00007ffed37f3000 	C:\Windows\SYSTEM32\ntmarta.dll
0x00007ffecd3a0000 - 0x00007ffecd3a7000 	C:\Program Files\Microsoft\jdk-17.0.12\bin\rmi.dll

dbghelp: loaded successfully - version: 4.0.5 - missing functions: none
symbol engine: initialized successfully - sym options: 0x614 - pdb path: .;C:\Program Files\Microsoft\jdk-17.0.12\bin;C:\Windows\SYSTEM32;C:\Windows\WinSxS\amd64_microsoft.windows.common-controls_6595b64144ccf1df_6.0.19041.5794_none_60bcd33171f2783c;C:\Program Files\Microsoft\jdk-17.0.12\bin\server;C:\Users\Fahad Computer\.gradle\native\1def1411415f61bf3af743bc5b6707747c0891f09f0c88961ee8f79bc544acac\windows-amd64;C:\Users\Fahad Computer\.gradle\native\0.2.5\x86_64-windows-gnu;C:\Users\Fahad Computer\AppData\Local\Temp\native-platform7625999875492815472dir

VM Arguments:
jvm_args: --add-opens=java.base/java.lang=ALL-UNNAMED --add-opens=java.base/java.lang.invoke=ALL-UNNAMED --add-opens=java.base/java.util=ALL-UNNAMED --add-opens=java.prefs/java.util.prefs=ALL-UNNAMED --add-exports=jdk.compiler/com.sun.tools.javac.api=ALL-UNNAMED --add-exports=jdk.compiler/com.sun.tools.javac.util=ALL-UNNAMED --add-opens=java.base/java.util=ALL-UNNAMED --add-opens=java.prefs/java.util.prefs=ALL-UNNAMED --add-opens=java.base/java.nio.charset=ALL-UNNAMED --add-opens=java.base/java.net=ALL-UNNAMED --add-opens=java.base/java.util.concurrent.atomic=ALL-UNNAMED --add-opens=java.xml/javax.xml.namespace=ALL-UNNAMED -Xmx4g -Dfile.encoding=UTF-8 -Duser.country=US -Duser.language=en -Duser.variant -javaagent:C:\Users\Fahad Computer\.gradle\wrapper\dists\gradle-8.12-all\ejduaidbjup3bmmkhw3rie4zb\gradle-8.12\lib\agents\gradle-instrumentation-agent-8.12.jar 
java_command: org.gradle.launcher.daemon.bootstrap.GradleDaemon 8.12
java_class_path (initial): C:\Users\Fahad Computer\.gradle\wrapper\dists\gradle-8.12-all\ejduaidbjup3bmmkhw3rie4zb\gradle-8.12\lib\gradle-daemon-main-8.12.jar
Launcher Type: SUN_STANDARD

[Global flags]
     intx CICompilerCount                          = 2                                         {product} {ergonomic}
     uint ConcGCThreads                            = 1                                         {product} {ergonomic}
     uint G1ConcRefinementThreads                  = 2                                         {product} {ergonomic}
   size_t G1HeapRegionSize                         = 2097152                                   {product} {ergonomic}
    uintx GCDrainStackTargetSize                   = 64                                        {product} {ergonomic}
   size_t InitialHeapSize                          = 65011712                                  {product} {ergonomic}
   size_t MarkStackSize                            = 4194304                                   {product} {ergonomic}
   size_t MaxHeapSize                              = 4294967296                                {product} {command line}
   size_t MaxNewSize                               = 2575302656                                {product} {ergonomic}
   size_t MinHeapDeltaBytes                        = 2097152                                   {product} {ergonomic}
   size_t MinHeapSize                              = 8388608                                   {product} {ergonomic}
    uintx NonNMethodCodeHeapSize                   = 5826188                                {pd product} {ergonomic}
    uintx NonProfiledCodeHeapSize                  = 122916026                              {pd product} {ergonomic}
    uintx ProfiledCodeHeapSize                     = 122916026                              {pd product} {ergonomic}
    uintx ReservedCodeCacheSize                    = 251658240                              {pd product} {ergonomic}
     bool SegmentedCodeCache                       = true                                      {product} {ergonomic}
   size_t SoftMaxHeapSize                          = 4294967296                             {manageable} {ergonomic}
     bool UseCompressedClassPointers               = true                           {product lp64_product} {ergonomic}
     bool UseCompressedOops                        = true                           {product lp64_product} {ergonomic}
     bool UseG1GC                                  = true                                      {product} {ergonomic}
     bool UseLargePagesIndividualAllocation        = false                                  {pd product} {ergonomic}

Logging:
Log output configuration:
 #0: stdout all=warning uptime,level,tags
 #1: stderr all=off uptime,level,tags

Environment Variables:
JAVA_HOME=C:\Program Files\Microsoft\jdk-17.0.12\
CLASSPATH=C:\vtT\ChatbotApp\android\\gradle\wrapper\gradle-wrapper.jar
PATH=C:\vtT\ChatbotApp\node_modules\.bin;C:\vtT\ChatbotApp\node_modules\.bin;C:\vtT\node_modules\.bin;C:\node_modules\.bin;C:\Users\Fahad Computer\AppData\Roaming\npm\node_modules\npm\node_modules\@npmcli\run-script\lib\node-gyp-bin;c:\Users\Fahad Computer\AppData\Local\Programs\cursor\resources\app\bin;C:\Python313\Scripts\;C:\Python313\;C:\Program Files\Microsoft\jdk-11.0.26.4-hotspot\bin;C:\Program Files\Common Files\Oracle\Java\javapath;C:\Program Files\Microsoft\jdk-17.0.12.7-hotspot\bin;C:\Windows\system32;C:\Windows;C:\Windows\System32\Wbem;C:\Windows\System32\WindowsPowerShell\v1.0\;C:\Windows\System32\OpenSSH\;C:\ProgramData\chocolatey\bin;C:\Users\Fahad Computer\AppData\Local\Android\Sdk\platform-tools;C:\Program Files\Git\cmd;C:\Android\Sdk\emulator;C:\Android\Sdk\tools;C:\Program Files\nodejs\;C:\Users\Fahad Computer\AppData\Local\Android\Sdk\tools;C:\Users\Fahad Computer\AppData\Local\Android\Sdk\tools;C:\Users\Fahad Computer\AppData\Local\Microsoft\WindowsApps;C:\Program Files\MongoDB\Server\7.0\bin;C:\Program Files\MongoDB\Server\7.0\bin;C:\Users\Fahad Computer\AppData\Roaming\npm;c:\Users\Fahad Computer\AppData\Local\Programs\cursor\resources\app\bin;c:\Users\Fahad Computer\AppData\Local\Programs\cursor\resources\app\bin;C:\Program Files\Microsoft\jdk-17.0.12\\bin;C:\Users\Fahad Computer\AppData\Local\Android\Sdk\tools;C:\Users\Fahad Computer\AppData\Local\Android\Sdk\tools;C:\Users\Fahad Computer\AppData\Local\Microsoft\WindowsApps;C:\Users\Fahad Computer\AppData\Local\Programs\Microsoft VS Code\bin;C:\Program Files\MongoDB\Server\7.0\bin;C:\Program Files\MongoDB\Server\7.0\bin;C:\Users\Fahad Computer\AppData\Roaming\npm;C:\Users\Fahad Computer\AppData\Local\Programs\cursor\resources\app\bin
USERNAME=Fahad Computer
LANG=en_US.UTF-8
OS=Windows_NT
PROCESSOR_IDENTIFIER=Intel64 Family 6 Model 122 Stepping 8, GenuineIntel



---------------  S Y S T E M  ---------------

OS:
 Windows 10 , 64 bit Build 19041 (10.0.19041.5794)
OS uptime: 0 days 19:31 hours
Hyper-V role detected

CPU: total 2 (initial active 2) (2 cores per cpu, 1 threads per core) family 6 model 122 stepping 8 microcode 0x18, cx8, cmov, fxsr, mmx, 3dnowpref, sse, sse2, sse3, ssse3, sse4.1, sse4.2, popcnt, tsc, tscinvbit, aes, erms, clmul, sha, clflush, clflushopt, hv

Memory: 4k page, system-wide physical 3918M (225M free)
TotalPageFile size 15694M (AvailPageFile size 306M)
current process WorkingSet (physical memory assigned to process): 522M, peak: 729M
current process commit charge ("private bytes"): 1257M, peak: 1561M

vm_info: Java HotSpot(TM) 64-Bit Server VM (17.0.12+8-LTS-286) for windows-amd64 JRE (17.0.12+8-LTS-286), built on Jun  5 2024 06:46:59 by "mach5one" with MS VC++ 17.6 (VS2022)

END.
