#
# There is insufficient memory for the Java Runtime Environment to continue.
# Native memory allocation (mmap) failed to map 165675008 bytes for G1 virtual space
# Possible reasons:
#   The system is out of physical RAM or swap space
#   The process is running with CompressedOops enabled, and the Java Heap may be blocking the growth of the native heap
# Possible solutions:
#   Reduce memory load on the system
#   Increase physical memory or swap space
#   Check if swap backing store is full
#   Decrease Java heap size (-Xmx/-Xms)
#   Decrease number of Java threads
#   Decrease Java thread stack sizes (-Xss)
#   Set larger code cache with -XX:ReservedCodeCacheSize=
#   JVM is running with Unscaled Compressed Oops mode in which the Java heap is
#     placed in the first 4GB address space. The Java Heap base address is the
#     maximum limit for the native heap growth. Please use -XX:HeapBaseMinAddress
#     to set the Java Heap base and to place the Java Heap above 4GB virtual address.
# This output file may be truncated or incomplete.
#
#  Out of Memory Error (os_windows.cpp:3548), pid=5712, tid=16656
#
# JRE version: Java(TM) SE Runtime Environment (17.0.12+8) (build 17.0.12+8-LTS-286)
# Java VM: Java HotSpot(TM) 64-Bit Server VM (17.0.12+8-LTS-286, mixed mode, sharing, tiered, compressed oops, compressed class ptrs, g1 gc, windows-amd64)
# No core dump will be written. Minidumps are not enabled by default on client versions of Windows
#

---------------  S U M M A R Y ------------

Command Line: --add-opens=java.base/java.lang=ALL-UNNAMED --add-opens=java.base/java.lang.invoke=ALL-UNNAMED --add-opens=java.base/java.util=ALL-UNNAMED --add-opens=java.prefs/java.util.prefs=ALL-UNNAMED --add-exports=jdk.compiler/com.sun.tools.javac.api=ALL-UNNAMED --add-exports=jdk.compiler/com.sun.tools.javac.util=ALL-UNNAMED --add-opens=java.base/java.util=ALL-UNNAMED --add-opens=java.prefs/java.util.prefs=ALL-UNNAMED --add-opens=java.base/java.nio.charset=ALL-UNNAMED --add-opens=java.base/java.net=ALL-UNNAMED --add-opens=java.base/java.util.concurrent.atomic=ALL-UNNAMED --add-opens=java.xml/javax.xml.namespace=ALL-UNNAMED -XX:MaxMetaspaceSize=512m -Xms512m -Xmx1024m -Dfile.encoding=UTF-8 -Duser.country=US -Duser.language=en -Duser.variant -javaagent:C:\Users\Fahad Computer\.gradle\wrapper\dists\gradle-8.12-all\ejduaidbjup3bmmkhw3rie4zb\gradle-8.12\lib\agents\gradle-instrumentation-agent-8.12.jar org.gradle.launcher.daemon.bootstrap.GradleDaemon 8.12

Host: Intel(R) Celeron(R) N4020 CPU @ 1.10GHz, 2 cores, 3G,  Windows 10 , 64 bit Build 19041 (10.0.19041.5794)
Time: Wed May 28 02:01:03 2025 Pacific Daylight Time elapsed time: 1608.736487 seconds (0d 0h 26m 48s)

---------------  T H R E A D  ---------------

Current thread (0x00000132aa774400):  VMThread "VM Thread" [stack: 0x0000002860e00000,0x0000002860f00000] [id=16656]

Stack: [0x0000002860e00000,0x0000002860f00000]
Native frames: (J=compiled Java code, j=interpreted, Vv=VM code, C=native code)
V  [jvm.dll+0x67a04a]
V  [jvm.dll+0x7da4ed]
V  [jvm.dll+0x7dbe33]
V  [jvm.dll+0x7dc4a3]
V  [jvm.dll+0x24508f]
V  [jvm.dll+0x677089]
V  [jvm.dll+0x66bd32]
V  [jvm.dll+0x301fa6]
V  [jvm.dll+0x309546]
V  [jvm.dll+0x359d2e]
V  [jvm.dll+0x359f5f]
V  [jvm.dll+0x2d9078]
V  [jvm.dll+0x2dc0e6]
V  [jvm.dll+0x2e67eb]
V  [jvm.dll+0x31a870]
V  [jvm.dll+0x7e0d9b]
V  [jvm.dll+0x7e1ad4]
V  [jvm.dll+0x7e1fed]
V  [jvm.dll+0x7e23c4]
V  [jvm.dll+0x7e2490]
V  [jvm.dll+0x78abea]
V  [jvm.dll+0x678f35]
C  [ucrtbase.dll+0x21bb2]
C  [KERNEL32.DLL+0x17374]
C  [ntdll.dll+0x4cc91]

VM_Operation (0x0000002860aff6f0): G1Concurrent, mode: safepoint, requested by thread 0x000001328d902650


---------------  P R O C E S S  ---------------

Threads class SMR info:
_java_thread_list=0x00000132d8c953d0, length=62, elements={
0x000001328d8bf060, 0x00000132aa777f10, 0x00000132aa778ca0, 0x00000132aa787d10,
0x00000132aa7885e0, 0x00000132aa789ec0, 0x00000132aa78a790, 0x00000132aa78b440,
0x00000132aa7ce960, 0x00000132aa8884e0, 0x00000132aa9190c0, 0x00000132aaa378c0,
0x00000132aaaae850, 0x00000132cb9b5c10, 0x00000132cb5826a0, 0x00000132ca980fa0,
0x00000132ca982e00, 0x00000132ca9814b0, 0x00000132ca983820, 0x00000132ca9819c0,
0x00000132ca9828f0, 0x00000132ca983310, 0x00000132ca980070, 0x00000132ca981ed0,
0x00000132ca980580, 0x00000132ca9823e0, 0x00000132ccb06230, 0x00000132ccb07b80,
0x00000132ccb02a80, 0x00000132ccb04df0, 0x00000132ccb02f90, 0x00000132ccb048e0,
0x00000132ccb05810, 0x00000132ccb085a0, 0x00000132ccb043d0, 0x00000132ccb05300,
0x00000132ccb05d20, 0x00000132ccb06740, 0x00000132ccb06c50, 0x00000132ccb094d0,
0x00000132ccb07160, 0x00000132ccb08ab0, 0x00000132ccb08fc0, 0x00000132cf345880,
0x00000132cf344440, 0x00000132cf344950, 0x00000132cf3416b0, 0x00000132cf341bc0,
0x00000132cf345370, 0x00000132cf3467b0, 0x00000132cf33f850, 0x00000132d70bcd60,
0x00000132d70ba4e0, 0x00000132d70bd780, 0x00000132d70bb920, 0x00000132d692e810,
0x00000132d692cec0, 0x00000132d692d3d0, 0x00000132d692d8e0, 0x00000132d79e3e30,
0x00000132d79e15b0, 0x00000132d89c70c0
}

Java Threads: ( => current thread )
  0x000001328d8bf060 JavaThread "main" [_thread_blocked, id=1676, stack(0x0000002860800000,0x0000002860900000)]
  0x00000132aa777f10 JavaThread "Reference Handler" daemon [_thread_blocked, id=6744, stack(0x0000002860f00000,0x0000002861000000)]
  0x00000132aa778ca0 JavaThread "Finalizer" daemon [_thread_blocked, id=12028, stack(0x0000002861000000,0x0000002861100000)]
  0x00000132aa787d10 JavaThread "Signal Dispatcher" daemon [_thread_blocked, id=11092, stack(0x0000002861100000,0x0000002861200000)]
  0x00000132aa7885e0 JavaThread "Attach Listener" daemon [_thread_blocked, id=7980, stack(0x0000002861200000,0x0000002861300000)]
  0x00000132aa789ec0 JavaThread "Service Thread" daemon [_thread_blocked, id=9296, stack(0x0000002861300000,0x0000002861400000)]
  0x00000132aa78a790 JavaThread "Monitor Deflation Thread" daemon [_thread_blocked, id=10428, stack(0x0000002861400000,0x0000002861500000)]
  0x00000132aa78b440 JavaThread "C2 CompilerThread0" daemon [_thread_blocked, id=5632, stack(0x0000002861500000,0x0000002861600000)]
  0x00000132aa7ce960 JavaThread "C1 CompilerThread0" daemon [_thread_blocked, id=16272, stack(0x0000002861600000,0x0000002861700000)]
  0x00000132aa8884e0 JavaThread "Sweeper thread" daemon [_thread_blocked, id=11240, stack(0x0000002861700000,0x0000002861800000)]
  0x00000132aa9190c0 JavaThread "Common-Cleaner" daemon [_thread_blocked, id=7748, stack(0x0000002861800000,0x0000002861900000)]
  0x00000132aaa378c0 JavaThread "Notification Thread" daemon [_thread_blocked, id=10836, stack(0x0000002861900000,0x0000002861a00000)]
  0x00000132aaaae850 JavaThread "Daemon health stats" [_thread_blocked, id=9756, stack(0x0000002861c00000,0x0000002861d00000)]
  0x00000132cb9b5c10 JavaThread "Incoming local TCP Connector on port 13410" [_thread_in_native, id=12220, stack(0x0000002861d00000,0x0000002861e00000)]
  0x00000132cb5826a0 JavaThread "Daemon periodic checks" [_thread_blocked, id=3200, stack(0x0000002861e00000,0x0000002861f00000)]
  0x00000132ca980fa0 JavaThread "Daemon" [_thread_blocked, id=15560, stack(0x0000002861f00000,0x0000002862000000)]
  0x00000132ca982e00 JavaThread "Handler for socket connection from /127.0.0.1:13410 to /127.0.0.1:13411" [_thread_in_native, id=4228, stack(0x0000002862000000,0x0000002862100000)]
  0x00000132ca9814b0 JavaThread "Cancel handler" [_thread_blocked, id=4400, stack(0x0000002862100000,0x0000002862200000)]
  0x00000132ca983820 JavaThread "Daemon worker" [_thread_blocked, id=10080, stack(0x0000002862200000,0x0000002862300000)]
  0x00000132ca9819c0 JavaThread "Asynchronous log dispatcher for DefaultDaemonConnection: socket connection from /127.0.0.1:13410 to /127.0.0.1:13411" [_thread_blocked, id=16284, stack(0x0000002862300000,0x0000002862400000)]
  0x00000132ca9828f0 JavaThread "Stdin handler" [_thread_blocked, id=16204, stack(0x0000002862400000,0x0000002862500000)]
  0x00000132ca983310 JavaThread "Daemon client event forwarder" [_thread_blocked, id=11984, stack(0x0000002862500000,0x0000002862600000)]
  0x00000132ca980070 JavaThread "Cache worker for journal cache (C:\Users\Fahad Computer\.gradle\caches\journal-1)" [_thread_blocked, id=9532, stack(0x0000002862600000,0x0000002862700000)]
  0x00000132ca981ed0 JavaThread "File lock request listener" [_thread_in_native, id=8032, stack(0x0000002862700000,0x0000002862800000)]
  0x00000132ca980580 JavaThread "Cache worker for file hash cache (C:\Users\Fahad Computer\.gradle\caches\8.12\fileHashes)" [_thread_blocked, id=9140, stack(0x0000002862800000,0x0000002862900000)]
  0x00000132ca9823e0 JavaThread "Cache worker for file hash cache (C:\vtT\ChatbotApp\android\.gradle\8.12\fileHashes)" [_thread_blocked, id=12032, stack(0x0000002862900000,0x0000002862a00000)]
  0x00000132ccb06230 JavaThread "Cache worker for Build Output Cleanup Cache (C:\vtT\ChatbotApp\android\.gradle\buildOutputCleanup)" [_thread_blocked, id=11332, stack(0x0000002862a00000,0x0000002862b00000)]
  0x00000132ccb07b80 JavaThread "File watcher server" daemon [_thread_in_native, id=1308, stack(0x0000002862b00000,0x0000002862c00000)]
  0x00000132ccb02a80 JavaThread "File watcher consumer" daemon [_thread_blocked, id=4180, stack(0x0000002862c00000,0x0000002862d00000)]
  0x00000132ccb04df0 JavaThread "jar transforms" [_thread_blocked, id=15072, stack(0x0000002862d00000,0x0000002862e00000)]
  0x00000132ccb02f90 JavaThread "Cache worker for checksums cache (C:\vtT\ChatbotApp\android\.gradle\8.12\checksums)" [_thread_blocked, id=7832, stack(0x0000002862e00000,0x0000002862f00000)]
  0x00000132ccb048e0 JavaThread "Cache worker for file content cache (C:\Users\Fahad Computer\.gradle\caches\8.12\fileContent)" [_thread_blocked, id=4056, stack(0x0000002862f00000,0x0000002863000000)]
  0x00000132ccb05810 JavaThread "Cache worker for cache directory md-rule (C:\Users\Fahad Computer\.gradle\caches\8.12\md-rule)" [_thread_blocked, id=11576, stack(0x0000002863100000,0x0000002863200000)]
  0x00000132ccb085a0 JavaThread "Cache worker for cache directory md-supplier (C:\Users\Fahad Computer\.gradle\caches\8.12\md-supplier)" [_thread_blocked, id=16448, stack(0x0000002863200000,0x0000002863300000)]
  0x00000132ccb043d0 JavaThread "Cache worker for Build Output Cleanup Cache (C:\vtT\ChatbotApp\node_modules\@react-native\gradle-plugin\.gradle\buildOutputCleanup)" [_thread_blocked, id=11300, stack(0x0000002863300000,0x0000002863400000)]
  0x00000132ccb05300 JavaThread "Unconstrained build operations" [_thread_blocked, id=17344, stack(0x0000002863400000,0x0000002863500000)]
  0x00000132ccb05d20 JavaThread "Unconstrained build operations Thread 2" [_thread_blocked, id=10124, stack(0x0000002863500000,0x0000002863600000)]
  0x00000132ccb06740 JavaThread "Unconstrained build operations Thread 3" [_thread_blocked, id=12920, stack(0x0000002863600000,0x0000002863700000)]
  0x00000132ccb06c50 JavaThread "Unconstrained build operations Thread 4" [_thread_blocked, id=6300, stack(0x0000002863700000,0x0000002863800000)]
  0x00000132ccb094d0 JavaThread "Unconstrained build operations Thread 5" [_thread_blocked, id=5140, stack(0x0000002863800000,0x0000002863900000)]
  0x00000132ccb07160 JavaThread "Unconstrained build operations Thread 6" [_thread_blocked, id=5344, stack(0x0000002863900000,0x0000002863a00000)]
  0x00000132ccb08ab0 JavaThread "build event listener" [_thread_blocked, id=8088, stack(0x0000002863c00000,0x0000002863d00000)]
  0x00000132ccb08fc0 JavaThread "Memory manager" [_thread_blocked, id=16236, stack(0x0000002863d00000,0x0000002863e00000)]
  0x00000132cf345880 JavaThread "Cache worker for execution history cache (C:\vtT\ChatbotApp\node_modules\@react-native\gradle-plugin\.gradle\8.12\executionHistory)" [_thread_blocked, id=8728, stack(0x0000002864000000,0x0000002864100000)]
  0x00000132cf344440 JavaThread "Unconstrained build operations Thread 7" [_thread_blocked, id=10752, stack(0x0000002864100000,0x0000002864200000)]
  0x00000132cf344950 JavaThread "Unconstrained build operations Thread 8" [_thread_blocked, id=11296, stack(0x0000002864200000,0x0000002864300000)]
  0x00000132cf3416b0 JavaThread "Unconstrained build operations Thread 9" [_thread_blocked, id=15524, stack(0x0000002864300000,0x0000002864400000)]
  0x00000132cf341bc0 JavaThread "Unconstrained build operations Thread 10" [_thread_blocked, id=2264, stack(0x0000002864400000,0x0000002864500000)]
  0x00000132cf345370 JavaThread "jar transforms Thread 2" [_thread_blocked, id=16432, stack(0x0000002864500000,0x0000002864600000)]
  0x00000132cf3467b0 JavaThread "build event listener" [_thread_blocked, id=4236, stack(0x0000002864600000,0x0000002864700000)]
  0x00000132cf33f850 JavaThread "Problems report writer" [_thread_blocked, id=14804, stack(0x0000002864700000,0x0000002864800000)]
  0x00000132d70bcd60 JavaThread "pool-3-thread-1" [_thread_blocked, id=11388, stack(0x0000002860600000,0x0000002860700000)]
  0x00000132d70ba4e0 JavaThread "build event listener" [_thread_blocked, id=1168, stack(0x0000002860700000,0x0000002860800000)]
  0x00000132d70bd780 JavaThread "included builds Thread 2" [_thread_blocked, id=14020, stack(0x0000002863a00000,0x0000002863b00000)]
  0x00000132d70bb920 JavaThread "Cache worker for execution history cache (C:\vtT\ChatbotApp\android\.gradle\8.12\executionHistory)" [_thread_blocked, id=12076, stack(0x0000002863b00000,0x0000002863c00000)]
  0x00000132d692e810 JavaThread "Cache worker for Java compile cache (C:\Users\Fahad Computer\.gradle\caches\8.12\javaCompile)" [_thread_blocked, id=6200, stack(0x0000002864900000,0x0000002864a00000)]
  0x00000132d692cec0 JavaThread "Build operations" [_thread_blocked, id=10608, stack(0x0000002864a00000,0x0000002864b00000)]
  0x00000132d692d3d0 JavaThread "RMI Scheduler(0)" daemon [_thread_blocked, id=16584, stack(0x0000002864b00000,0x0000002864c00000)]
  0x00000132d692d8e0 JavaThread "RMI GC Daemon" daemon [_thread_blocked, id=13116, stack(0x0000002864d00000,0x0000002864e00000)]
  0x00000132d79e3e30 JavaThread "RMI TCP Accept-0" daemon [_thread_in_native, id=17164, stack(0x0000002864e00000,0x0000002864f00000)]
  0x00000132d79e15b0 JavaThread "RMI Reaper" [_thread_blocked, id=16428, stack(0x0000002864f00000,0x0000002865000000)]
  0x00000132d89c70c0 JavaThread "WorkerExecutor Queue Thread 3" [_thread_blocked, id=9684, stack(0x0000002863e00000,0x0000002863f00000)]

Other Threads:
=>0x00000132aa774400 VMThread "VM Thread" [stack: 0x0000002860e00000,0x0000002860f00000] [id=16656]
  0x000001328d90b420 WatcherThread [stack: 0x0000002861a00000,0x0000002861b00000] [id=7456]
  0x000001328d8f97f0 GCTaskThread "GC Thread#0" [stack: 0x0000002860900000,0x0000002860a00000] [id=9656]
  0x00000132ca05f370 GCTaskThread "GC Thread#1" [stack: 0x0000002861b00000,0x0000002861c00000] [id=16740]
  0x000001328d902650 ConcurrentGCThread "G1 Main Marker" [stack: 0x0000002860a00000,0x0000002860b00000] [id=14648]
  0x000001328d902f70 ConcurrentGCThread "G1 Conc#0" [stack: 0x0000002860b00000,0x0000002860c00000] [id=7388]
  0x000001328d98e3c0 ConcurrentGCThread "G1 Refine#0" [stack: 0x0000002860c00000,0x0000002860d00000] [id=2884]
  0x00000132cbee8d90 ConcurrentGCThread "G1 Refine#1" [stack: 0x0000002863000000,0x0000002863100000] [id=3548]
  0x00000132aa6ba1b0 ConcurrentGCThread "G1 Service" [stack: 0x0000002860d00000,0x0000002860e00000] [id=6596]

Threads with active compile tasks:
C2 CompilerThread0  1608864 36996       4       com.android.tools.r8.internal.Mn::a (1063 bytes)

VM state: at safepoint (normal execution)

VM Mutex/Monitor currently owned by a thread:  ([mutex/lock_event])
[0x000001328d8ba710] Threads_lock - owner thread: 0x00000132aa774400
[0x000001328d8bb1c0] Heap_lock - owner thread: 0x000001328d902650

Heap address: 0x00000000c0000000, size: 1024 MB, Compressed Oops mode: 32-bit

CDS archive(s) mapped at: [0x00000132ab000000-0x00000132abbd0000-0x00000132abbd0000), size 12386304, SharedBaseAddress: 0x00000132ab000000, ArchiveRelocationMode: 1.
Compressed class space mapped at: 0x00000132ac000000-0x00000132c6000000, reserved size: 436207616
Narrow klass base: 0x00000132ab000000, Narrow klass shift: 0, Narrow klass range: 0x100000000

GC Precious Log:
 CPUs: 2 total, 2 available
 Memory: 3918M
 Large Page Support: Disabled
 NUMA Support: Disabled
 Compressed Oops: Enabled (32-bit)
 Heap Region Size: 1M
 Heap Min Capacity: 512M
 Heap Initial Capacity: 512M
 Heap Max Capacity: 1G
 Pre-touch: Disabled
 Parallel Workers: 2
 Concurrent Workers: 1
 Concurrent Refinement Workers: 2
 Periodic GC: Disabled

Heap:
 garbage-first heap   total 611328K, used 462586K [0x00000000c0000000, 0x0000000100000000)
  region size 1024K, 14 young (14336K), 1 survivors (1024K)
 Metaspace       used 165260K, committed 168704K, reserved 622592K
  class space    used 21536K, committed 22848K, reserved 425984K

Heap Regions: E=young(eden), S=young(survivor), O=old, HS=humongous(starts), HC=humongous(continues), CS=collection set, F=free, OA=open archive, CA=closed archive, TAMS=top-at-mark-start (previous, next)
|   0|0x00000000c0000000, 0x00000000c0100000, 0x00000000c0100000|100%| O|  |TAMS 0x00000000c0100000, 0x00000000c0000000| Updating 
|   1|0x00000000c0100000, 0x00000000c0200000, 0x00000000c0200000|100%|HS|  |TAMS 0x00000000c0200000, 0x00000000c0100000| Complete 
|   2|0x00000000c0200000, 0x00000000c0300000, 0x00000000c0300000|100%|HC|  |TAMS 0x00000000c0300000, 0x00000000c0200000| Complete 
|   3|0x00000000c0300000, 0x00000000c0400000, 0x00000000c0400000|100%|HC|  |TAMS 0x00000000c0400000, 0x00000000c0300000| Complete 
|   4|0x00000000c0400000, 0x00000000c0500000, 0x00000000c0500000|100%| O|  |TAMS 0x00000000c0500000, 0x00000000c0400000| Untracked 
|   5|0x00000000c0500000, 0x00000000c0600000, 0x00000000c0600000|100%| O|  |TAMS 0x00000000c0600000, 0x00000000c0500000| Untracked 
|   6|0x00000000c0600000, 0x00000000c0700000, 0x00000000c0700000|100%| O|  |TAMS 0x00000000c0700000, 0x00000000c0600000| Untracked 
|   7|0x00000000c0700000, 0x00000000c0800000, 0x00000000c0800000|100%| O|  |TAMS 0x00000000c0800000, 0x00000000c0700000| Updating 
|   8|0x00000000c0800000, 0x00000000c0900000, 0x00000000c0900000|100%| O|  |TAMS 0x00000000c0900000, 0x00000000c0800000| Untracked 
|   9|0x00000000c0900000, 0x00000000c0a00000, 0x00000000c0a00000|100%| O|  |TAMS 0x00000000c0a00000, 0x00000000c0900000| Untracked 
|  10|0x00000000c0a00000, 0x00000000c0b00000, 0x00000000c0b00000|100%| O|  |TAMS 0x00000000c0b00000, 0x00000000c0a00000| Updating 
|  11|0x00000000c0b00000, 0x00000000c0c00000, 0x00000000c0c00000|100%|HS|  |TAMS 0x00000000c0c00000, 0x00000000c0b00000| Complete 
|  12|0x00000000c0c00000, 0x00000000c0d00000, 0x00000000c0d00000|100%| O|  |TAMS 0x00000000c0d00000, 0x00000000c0c00000| Updating 
|  13|0x00000000c0d00000, 0x00000000c0e00000, 0x00000000c0e00000|100%| O|  |TAMS 0x00000000c0e00000, 0x00000000c0d00000| Updating 
|  14|0x00000000c0e00000, 0x00000000c0f00000, 0x00000000c0f00000|100%| O|  |TAMS 0x00000000c0f00000, 0x00000000c0e00000| Updating 
|  15|0x00000000c0f00000, 0x00000000c1000000, 0x00000000c1000000|100%| O|  |TAMS 0x00000000c1000000, 0x00000000c0f00000| Untracked 
|  16|0x00000000c1000000, 0x00000000c1100000, 0x00000000c1100000|100%| O|  |TAMS 0x00000000c1100000, 0x00000000c1000000| Untracked 
|  17|0x00000000c1100000, 0x00000000c1200000, 0x00000000c1200000|100%| O|  |TAMS 0x00000000c1200000, 0x00000000c1100000| Untracked 
|  18|0x00000000c1200000, 0x00000000c1300000, 0x00000000c1300000|100%| O|  |TAMS 0x00000000c1300000, 0x00000000c1200000| Untracked 
|  19|0x00000000c1300000, 0x00000000c1400000, 0x00000000c1400000|100%| O|  |TAMS 0x00000000c1400000, 0x00000000c1300000| Untracked 
|  20|0x00000000c1400000, 0x00000000c1500000, 0x00000000c1500000|100%| O|  |TAMS 0x00000000c1500000, 0x00000000c1400000| Untracked 
|  21|0x00000000c1500000, 0x00000000c1600000, 0x00000000c1600000|100%| O|  |TAMS 0x00000000c1600000, 0x00000000c1500000| Untracked 
|  22|0x00000000c1600000, 0x00000000c1700000, 0x00000000c1700000|100%| O|  |TAMS 0x00000000c1700000, 0x00000000c1600000| Untracked 
|  23|0x00000000c1700000, 0x00000000c1800000, 0x00000000c1800000|100%| O|  |TAMS 0x00000000c1800000, 0x00000000c1700000| Untracked 
|  24|0x00000000c1800000, 0x00000000c1900000, 0x00000000c1900000|100%| O|  |TAMS 0x00000000c1900000, 0x00000000c1800000| Updating 
|  25|0x00000000c1900000, 0x00000000c1a00000, 0x00000000c1a00000|100%| O|  |TAMS 0x00000000c1a00000, 0x00000000c1900000| Untracked 
|  26|0x00000000c1a00000, 0x00000000c1b00000, 0x00000000c1b00000|100%| O|  |TAMS 0x00000000c1b00000, 0x00000000c1a00000| Untracked 
|  27|0x00000000c1b00000, 0x00000000c1c00000, 0x00000000c1c00000|100%| O|  |TAMS 0x00000000c1c00000, 0x00000000c1b00000| Untracked 
|  28|0x00000000c1c00000, 0x00000000c1d00000, 0x00000000c1d00000|100%| O|  |TAMS 0x00000000c1d00000, 0x00000000c1c00000| Updating 
|  29|0x00000000c1d00000, 0x00000000c1e00000, 0x00000000c1e00000|100%| O|  |TAMS 0x00000000c1e00000, 0x00000000c1d00000| Updating 
|  30|0x00000000c1e00000, 0x00000000c1f00000, 0x00000000c1f00000|100%|HS|  |TAMS 0x00000000c1f00000, 0x00000000c1e00000| Complete 
|  31|0x00000000c1f00000, 0x00000000c2000000, 0x00000000c2000000|100%|HC|  |TAMS 0x00000000c2000000, 0x00000000c1f00000| Complete 
|  32|0x00000000c2000000, 0x00000000c2100000, 0x00000000c2100000|100%|HS|  |TAMS 0x00000000c2100000, 0x00000000c2000000| Complete 
|  33|0x00000000c2100000, 0x00000000c2200000, 0x00000000c2200000|100%|HC|  |TAMS 0x00000000c2200000, 0x00000000c2100000| Complete 
|  34|0x00000000c2200000, 0x00000000c2300000, 0x00000000c2300000|100%|HC|  |TAMS 0x00000000c2300000, 0x00000000c2200000| Complete 
|  35|0x00000000c2300000, 0x00000000c2400000, 0x00000000c2400000|100%|HS|  |TAMS 0x00000000c2400000, 0x00000000c2300000| Complete 
|  36|0x00000000c2400000, 0x00000000c2500000, 0x00000000c2500000|100%|HC|  |TAMS 0x00000000c2500000, 0x00000000c2400000| Complete 
|  37|0x00000000c2500000, 0x00000000c2600000, 0x00000000c2600000|100%| O|  |TAMS 0x00000000c2600000, 0x00000000c2500000| Updating 
|  38|0x00000000c2600000, 0x00000000c2700000, 0x00000000c2700000|100%| O|  |TAMS 0x00000000c2700000, 0x00000000c2600000| Updating 
|  39|0x00000000c2700000, 0x00000000c2800000, 0x00000000c2800000|100%| O|  |TAMS 0x00000000c2800000, 0x00000000c2700000| Untracked 
|  40|0x00000000c2800000, 0x00000000c2900000, 0x00000000c2900000|100%| O|  |TAMS 0x00000000c2900000, 0x00000000c2800000| Updating 
|  41|0x00000000c2900000, 0x00000000c2a00000, 0x00000000c2a00000|100%| O|  |TAMS 0x00000000c2a00000, 0x00000000c2900000| Updating 
|  42|0x00000000c2a00000, 0x00000000c2b00000, 0x00000000c2b00000|100%| O|  |TAMS 0x00000000c2b00000, 0x00000000c2a00000| Updating 
|  43|0x00000000c2b00000, 0x00000000c2c00000, 0x00000000c2c00000|100%| O|  |TAMS 0x00000000c2c00000, 0x00000000c2b00000| Untracked 
|  44|0x00000000c2c00000, 0x00000000c2d00000, 0x00000000c2d00000|100%| O|  |TAMS 0x00000000c2d00000, 0x00000000c2c00000| Untracked 
|  45|0x00000000c2d00000, 0x00000000c2e00000, 0x00000000c2e00000|100%| O|  |TAMS 0x00000000c2e00000, 0x00000000c2d00000| Updating 
|  46|0x00000000c2e00000, 0x00000000c2f00000, 0x00000000c2f00000|100%|HS|  |TAMS 0x00000000c2f00000, 0x00000000c2e00000| Complete 
|  47|0x00000000c2f00000, 0x00000000c3000000, 0x00000000c3000000|100%| O|  |TAMS 0x00000000c3000000, 0x00000000c2f00000| Untracked 
|  48|0x00000000c3000000, 0x00000000c3100000, 0x00000000c3100000|100%| O|  |TAMS 0x00000000c3100000, 0x00000000c3000000| Updating 
|  49|0x00000000c3100000, 0x00000000c3200000, 0x00000000c3200000|100%| O|  |TAMS 0x00000000c3200000, 0x00000000c3100000| Updating 
|  50|0x00000000c3200000, 0x00000000c3300000, 0x00000000c3300000|100%| O|  |TAMS 0x00000000c3300000, 0x00000000c3200000| Updating 
|  51|0x00000000c3300000, 0x00000000c3400000, 0x00000000c3400000|100%| O|  |TAMS 0x00000000c3400000, 0x00000000c3300000| Updating 
|  52|0x00000000c3400000, 0x00000000c3500000, 0x00000000c3500000|100%|HS|  |TAMS 0x00000000c3500000, 0x00000000c3400000| Complete 
|  53|0x00000000c3500000, 0x00000000c3600000, 0x00000000c3600000|100%|HC|  |TAMS 0x00000000c3600000, 0x00000000c3500000| Complete 
|  54|0x00000000c3600000, 0x00000000c3700000, 0x00000000c3700000|100%|HC|  |TAMS 0x00000000c3700000, 0x00000000c3600000| Complete 
|  55|0x00000000c3700000, 0x00000000c3800000, 0x00000000c3800000|100%| O|  |TAMS 0x00000000c3800000, 0x00000000c3700000| Untracked 
|  56|0x00000000c3800000, 0x00000000c3900000, 0x00000000c3900000|100%| O|  |TAMS 0x00000000c3900000, 0x00000000c3800000| Untracked 
|  57|0x00000000c3900000, 0x00000000c3a00000, 0x00000000c3a00000|100%| O|  |TAMS 0x00000000c3a00000, 0x00000000c3900000| Updating 
|  58|0x00000000c3a00000, 0x00000000c3b00000, 0x00000000c3b00000|100%| O|  |TAMS 0x00000000c3b00000, 0x00000000c3a00000| Updating 
|  59|0x00000000c3b00000, 0x00000000c3c00000, 0x00000000c3c00000|100%| O|  |TAMS 0x00000000c3c00000, 0x00000000c3b00000| Updating 
|  60|0x00000000c3c00000, 0x00000000c3d00000, 0x00000000c3d00000|100%| O|  |TAMS 0x00000000c3d00000, 0x00000000c3c00000| Updating 
|  61|0x00000000c3d00000, 0x00000000c3e00000, 0x00000000c3e00000|100%| O|  |TAMS 0x00000000c3e00000, 0x00000000c3d00000| Untracked 
|  62|0x00000000c3e00000, 0x00000000c3f00000, 0x00000000c3f00000|100%| O|  |TAMS 0x00000000c3f00000, 0x00000000c3e00000| Untracked 
|  63|0x00000000c3f00000, 0x00000000c4000000, 0x00000000c4000000|100%| O|  |TAMS 0x00000000c4000000, 0x00000000c3f00000| Untracked 
|  64|0x00000000c4000000, 0x00000000c4100000, 0x00000000c4100000|100%| O|  |TAMS 0x00000000c4100000, 0x00000000c4000000| Untracked 
|  65|0x00000000c4100000, 0x00000000c4200000, 0x00000000c4200000|100%| O|  |TAMS 0x00000000c4200000, 0x00000000c4100000| Untracked 
|  66|0x00000000c4200000, 0x00000000c4300000, 0x00000000c4300000|100%| O|  |TAMS 0x00000000c4300000, 0x00000000c4200000| Updating 
|  67|0x00000000c4300000, 0x00000000c4400000, 0x00000000c4400000|100%| O|  |TAMS 0x00000000c4400000, 0x00000000c4300000| Untracked 
|  68|0x00000000c4400000, 0x00000000c4500000, 0x00000000c4500000|100%| O|  |TAMS 0x00000000c4500000, 0x00000000c4400000| Updating 
|  69|0x00000000c4500000, 0x00000000c4600000, 0x00000000c4600000|100%| O|  |TAMS 0x00000000c4600000, 0x00000000c4500000| Updating 
|  70|0x00000000c4600000, 0x00000000c4700000, 0x00000000c4700000|100%| O|  |TAMS 0x00000000c4700000, 0x00000000c4600000| Updating 
|  71|0x00000000c4700000, 0x00000000c4800000, 0x00000000c4800000|100%| O|  |TAMS 0x00000000c4800000, 0x00000000c4700000| Untracked 
|  72|0x00000000c4800000, 0x00000000c4900000, 0x00000000c4900000|100%| O|  |TAMS 0x00000000c4900000, 0x00000000c4800000| Untracked 
|  73|0x00000000c4900000, 0x00000000c4a00000, 0x00000000c4a00000|100%| O|  |TAMS 0x00000000c4a00000, 0x00000000c4900000| Updating 
|  74|0x00000000c4a00000, 0x00000000c4b00000, 0x00000000c4b00000|100%| O|  |TAMS 0x00000000c4b00000, 0x00000000c4a00000| Updating 
|  75|0x00000000c4b00000, 0x00000000c4c00000, 0x00000000c4c00000|100%| O|  |TAMS 0x00000000c4c00000, 0x00000000c4b00000| Updating 
|  76|0x00000000c4c00000, 0x00000000c4d00000, 0x00000000c4d00000|100%| O|  |TAMS 0x00000000c4d00000, 0x00000000c4c00000| Untracked 
|  77|0x00000000c4d00000, 0x00000000c4e00000, 0x00000000c4e00000|100%| O|  |TAMS 0x00000000c4e00000, 0x00000000c4d00000| Updating 
|  78|0x00000000c4e00000, 0x00000000c4f00000, 0x00000000c4f00000|100%|HS|  |TAMS 0x00000000c4f00000, 0x00000000c4e00000| Complete 
|  79|0x00000000c4f00000, 0x00000000c5000000, 0x00000000c5000000|100%|HS|  |TAMS 0x00000000c5000000, 0x00000000c4f00000| Complete 
|  80|0x00000000c5000000, 0x00000000c5100000, 0x00000000c5100000|100%|HS|  |TAMS 0x00000000c5100000, 0x00000000c5000000| Complete 
|  81|0x00000000c5100000, 0x00000000c5200000, 0x00000000c5200000|100%|HS|  |TAMS 0x00000000c5200000, 0x00000000c5100000| Complete 
|  82|0x00000000c5200000, 0x00000000c5300000, 0x00000000c5300000|100%| O|  |TAMS 0x00000000c5300000, 0x00000000c5200000| Updating 
|  83|0x00000000c5300000, 0x00000000c5400000, 0x00000000c5400000|100%|HS|  |TAMS 0x00000000c5400000, 0x00000000c5300000| Complete 
|  84|0x00000000c5400000, 0x00000000c5500000, 0x00000000c5500000|100%|HS|  |TAMS 0x00000000c5500000, 0x00000000c5400000| Complete 
|  85|0x00000000c5500000, 0x00000000c5600000, 0x00000000c5600000|100%|HS|  |TAMS 0x00000000c5600000, 0x00000000c5500000| Complete 
|  86|0x00000000c5600000, 0x00000000c5700000, 0x00000000c5700000|100%|HC|  |TAMS 0x00000000c5700000, 0x00000000c5600000| Complete 
|  87|0x00000000c5700000, 0x00000000c5800000, 0x00000000c5800000|100%| O|  |TAMS 0x00000000c5800000, 0x00000000c5700000| Untracked 
|  88|0x00000000c5800000, 0x00000000c5900000, 0x00000000c5900000|100%|HS|  |TAMS 0x00000000c5900000, 0x00000000c5800000| Complete 
|  89|0x00000000c5900000, 0x00000000c5a00000, 0x00000000c5a00000|100%| O|  |TAMS 0x00000000c5a00000, 0x00000000c5900000| Updating 
|  90|0x00000000c5a00000, 0x00000000c5b00000, 0x00000000c5b00000|100%| O|  |TAMS 0x00000000c5b00000, 0x00000000c5a00000| Untracked 
|  91|0x00000000c5b00000, 0x00000000c5c00000, 0x00000000c5c00000|100%| O|  |TAMS 0x00000000c5c00000, 0x00000000c5b00000| Untracked 
|  92|0x00000000c5c00000, 0x00000000c5d00000, 0x00000000c5d00000|100%| O|  |TAMS 0x00000000c5d00000, 0x00000000c5c00000| Untracked 
|  93|0x00000000c5d00000, 0x00000000c5e00000, 0x00000000c5e00000|100%| O|  |TAMS 0x00000000c5e00000, 0x00000000c5d00000| Untracked 
|  94|0x00000000c5e00000, 0x00000000c5f00000, 0x00000000c5f00000|100%| O|  |TAMS 0x00000000c5f00000, 0x00000000c5e00000| Updating 
|  95|0x00000000c5f00000, 0x00000000c6000000, 0x00000000c6000000|100%| O|  |TAMS 0x00000000c6000000, 0x00000000c5f00000| Untracked 
|  96|0x00000000c6000000, 0x00000000c6100000, 0x00000000c6100000|100%| O|  |TAMS 0x00000000c6100000, 0x00000000c6000000| Untracked 
|  97|0x00000000c6100000, 0x00000000c6200000, 0x00000000c6200000|100%| O|  |TAMS 0x00000000c6200000, 0x00000000c6100000| Updating 
|  98|0x00000000c6200000, 0x00000000c6300000, 0x00000000c6300000|100%|HS|  |TAMS 0x00000000c6300000, 0x00000000c6200000| Complete 
|  99|0x00000000c6300000, 0x00000000c6400000, 0x00000000c6400000|100%|HS|  |TAMS 0x00000000c6400000, 0x00000000c6300000| Complete 
| 100|0x00000000c6400000, 0x00000000c6500000, 0x00000000c6500000|100%| O|  |TAMS 0x00000000c6500000, 0x00000000c6400000| Updating 
| 101|0x00000000c6500000, 0x00000000c6600000, 0x00000000c6600000|100%| O|  |TAMS 0x00000000c6600000, 0x00000000c6500000| Untracked 
| 102|0x00000000c6600000, 0x00000000c6700000, 0x00000000c6700000|100%| O|  |TAMS 0x00000000c6700000, 0x00000000c6600000| Updating 
| 103|0x00000000c6700000, 0x00000000c6800000, 0x00000000c6800000|100%| O|  |TAMS 0x00000000c6800000, 0x00000000c6700000| Updating 
| 104|0x00000000c6800000, 0x00000000c6900000, 0x00000000c6900000|100%| O|  |TAMS 0x00000000c6900000, 0x00000000c6800000| Updating 
| 105|0x00000000c6900000, 0x00000000c6a00000, 0x00000000c6a00000|100%| O|  |TAMS 0x00000000c6a00000, 0x00000000c6900000| Updating 
| 106|0x00000000c6a00000, 0x00000000c6b00000, 0x00000000c6b00000|100%| O|  |TAMS 0x00000000c6b00000, 0x00000000c6a00000| Updating 
| 107|0x00000000c6b00000, 0x00000000c6c00000, 0x00000000c6c00000|100%| O|  |TAMS 0x00000000c6c00000, 0x00000000c6b00000| Updating 
| 108|0x00000000c6c00000, 0x00000000c6d00000, 0x00000000c6d00000|100%| O|  |TAMS 0x00000000c6d00000, 0x00000000c6c00000| Updating 
| 109|0x00000000c6d00000, 0x00000000c6e00000, 0x00000000c6e00000|100%| O|  |TAMS 0x00000000c6e00000, 0x00000000c6d00000| Updating 
| 110|0x00000000c6e00000, 0x00000000c6f00000, 0x00000000c6f00000|100%| O|  |TAMS 0x00000000c6f00000, 0x00000000c6e00000| Updating 
| 111|0x00000000c6f00000, 0x00000000c7000000, 0x00000000c7000000|100%| O|  |TAMS 0x00000000c7000000, 0x00000000c6f00000| Updating 
| 112|0x00000000c7000000, 0x00000000c7100000, 0x00000000c7100000|100%| O|  |TAMS 0x00000000c7100000, 0x00000000c7000000| Updating 
| 113|0x00000000c7100000, 0x00000000c7200000, 0x00000000c7200000|100%| O|  |TAMS 0x00000000c7200000, 0x00000000c7100000| Untracked 
| 114|0x00000000c7200000, 0x00000000c7300000, 0x00000000c7300000|100%| O|  |TAMS 0x00000000c7300000, 0x00000000c7200000| Untracked 
| 115|0x00000000c7300000, 0x00000000c7400000, 0x00000000c7400000|100%| O|  |TAMS 0x00000000c7400000, 0x00000000c7300000| Updating 
| 116|0x00000000c7400000, 0x00000000c7500000, 0x00000000c7500000|100%| O|  |TAMS 0x00000000c7500000, 0x00000000c7400000| Updating 
| 117|0x00000000c7500000, 0x00000000c7600000, 0x00000000c7600000|100%| O|  |TAMS 0x00000000c7600000, 0x00000000c7500000| Updating 
| 118|0x00000000c7600000, 0x00000000c7700000, 0x00000000c7700000|100%| O|  |TAMS 0x00000000c7700000, 0x00000000c7600000| Untracked 
| 119|0x00000000c7700000, 0x00000000c7800000, 0x00000000c7800000|100%| O|  |TAMS 0x00000000c7800000, 0x00000000c7700000| Untracked 
| 120|0x00000000c7800000, 0x00000000c7900000, 0x00000000c7900000|100%| O|  |TAMS 0x00000000c7900000, 0x00000000c7800000| Updating 
| 121|0x00000000c7900000, 0x00000000c7a00000, 0x00000000c7a00000|100%| O|  |TAMS 0x00000000c7a00000, 0x00000000c7900000| Updating 
| 122|0x00000000c7a00000, 0x00000000c7b00000, 0x00000000c7b00000|100%| O|  |TAMS 0x00000000c7b00000, 0x00000000c7a00000| Updating 
| 123|0x00000000c7b00000, 0x00000000c7c00000, 0x00000000c7c00000|100%| O|  |TAMS 0x00000000c7c00000, 0x00000000c7b00000| Updating 
| 124|0x00000000c7c00000, 0x00000000c7d00000, 0x00000000c7d00000|100%| O|  |TAMS 0x00000000c7d00000, 0x00000000c7c00000| Updating 
| 125|0x00000000c7d00000, 0x00000000c7e00000, 0x00000000c7e00000|100%| O|  |TAMS 0x00000000c7e00000, 0x00000000c7d00000| Untracked 
| 126|0x00000000c7e00000, 0x00000000c7f00000, 0x00000000c7f00000|100%| O|  |TAMS 0x00000000c7f00000, 0x00000000c7e00000| Untracked 
| 127|0x00000000c7f00000, 0x00000000c8000000, 0x00000000c8000000|100%| O|  |TAMS 0x00000000c8000000, 0x00000000c7f00000| Updating 
| 128|0x00000000c8000000, 0x00000000c8100000, 0x00000000c8100000|100%| O|  |TAMS 0x00000000c8100000, 0x00000000c8000000| Untracked 
| 129|0x00000000c8100000, 0x00000000c8200000, 0x00000000c8200000|100%| O|  |TAMS 0x00000000c8200000, 0x00000000c8100000| Untracked 
| 130|0x00000000c8200000, 0x00000000c8300000, 0x00000000c8300000|100%| O|  |TAMS 0x00000000c8300000, 0x00000000c8200000| Untracked 
| 131|0x00000000c8300000, 0x00000000c8400000, 0x00000000c8400000|100%| O|  |TAMS 0x00000000c8400000, 0x00000000c8300000| Untracked 
| 132|0x00000000c8400000, 0x00000000c8500000, 0x00000000c8500000|100%|HS|  |TAMS 0x00000000c8500000, 0x00000000c8400000| Complete 
| 133|0x00000000c8500000, 0x00000000c8600000, 0x00000000c8600000|100%|HC|  |TAMS 0x00000000c8600000, 0x00000000c8500000| Complete 
| 134|0x00000000c8600000, 0x00000000c8700000, 0x00000000c8700000|100%| O|  |TAMS 0x00000000c8700000, 0x00000000c8600000| Untracked 
| 135|0x00000000c8700000, 0x00000000c8800000, 0x00000000c8800000|100%| O|  |TAMS 0x00000000c8800000, 0x00000000c8700000| Untracked 
| 136|0x00000000c8800000, 0x00000000c8900000, 0x00000000c8900000|100%| O|  |TAMS 0x00000000c8900000, 0x00000000c8800000| Untracked 
| 137|0x00000000c8900000, 0x00000000c8a00000, 0x00000000c8a00000|100%| O|  |TAMS 0x00000000c8a00000, 0x00000000c8900000| Updating 
| 138|0x00000000c8a00000, 0x00000000c8b00000, 0x00000000c8b00000|100%| O|  |TAMS 0x00000000c8b00000, 0x00000000c8a00000| Updating 
| 139|0x00000000c8b00000, 0x00000000c8c00000, 0x00000000c8c00000|100%| O|  |TAMS 0x00000000c8c00000, 0x00000000c8b00000| Untracked 
| 140|0x00000000c8c00000, 0x00000000c8d00000, 0x00000000c8d00000|100%| O|  |TAMS 0x00000000c8d00000, 0x00000000c8c00000| Untracked 
| 141|0x00000000c8d00000, 0x00000000c8e00000, 0x00000000c8e00000|100%| O|  |TAMS 0x00000000c8e00000, 0x00000000c8d00000| Updating 
| 142|0x00000000c8e00000, 0x00000000c8f00000, 0x00000000c8f00000|100%| O|  |TAMS 0x00000000c8f00000, 0x00000000c8e00000| Updating 
| 143|0x00000000c8f00000, 0x00000000c9000000, 0x00000000c9000000|100%| O|  |TAMS 0x00000000c9000000, 0x00000000c8f00000| Untracked 
| 144|0x00000000c9000000, 0x00000000c9100000, 0x00000000c9100000|100%| O|  |TAMS 0x00000000c9100000, 0x00000000c9000000| Updating 
| 145|0x00000000c9100000, 0x00000000c9200000, 0x00000000c9200000|100%| O|  |TAMS 0x00000000c9200000, 0x00000000c9100000| Updating 
| 146|0x00000000c9200000, 0x00000000c9300000, 0x00000000c9300000|100%| O|  |TAMS 0x00000000c9300000, 0x00000000c9200000| Updating 
| 147|0x00000000c9300000, 0x00000000c9400000, 0x00000000c9400000|100%| O|  |TAMS 0x00000000c9400000, 0x00000000c9300000| Updating 
| 148|0x00000000c9400000, 0x00000000c9500000, 0x00000000c9500000|100%| O|  |TAMS 0x00000000c9500000, 0x00000000c9400000| Untracked 
| 149|0x00000000c9500000, 0x00000000c9600000, 0x00000000c9600000|100%| O|  |TAMS 0x00000000c9600000, 0x00000000c9500000| Updating 
| 150|0x00000000c9600000, 0x00000000c9700000, 0x00000000c9700000|100%|HS|  |TAMS 0x00000000c9700000, 0x00000000c9600000| Complete 
| 151|0x00000000c9700000, 0x00000000c9800000, 0x00000000c9800000|100%|HS|  |TAMS 0x00000000c9800000, 0x00000000c9700000| Complete 
| 152|0x00000000c9800000, 0x00000000c9900000, 0x00000000c9900000|100%| O|  |TAMS 0x00000000c9900000, 0x00000000c9800000| Updating 
| 153|0x00000000c9900000, 0x00000000c9a00000, 0x00000000c9a00000|100%| O|  |TAMS 0x00000000c9a00000, 0x00000000c9900000| Untracked 
| 154|0x00000000c9a00000, 0x00000000c9b00000, 0x00000000c9b00000|100%| O|  |TAMS 0x00000000c9b00000, 0x00000000c9a00000| Untracked 
| 155|0x00000000c9b00000, 0x00000000c9c00000, 0x00000000c9c00000|100%| O|  |TAMS 0x00000000c9c00000, 0x00000000c9b00000| Untracked 
| 156|0x00000000c9c00000, 0x00000000c9d00000, 0x00000000c9d00000|100%| O|  |TAMS 0x00000000c9d00000, 0x00000000c9c00000| Untracked 
| 157|0x00000000c9d00000, 0x00000000c9e00000, 0x00000000c9e00000|100%| O|  |TAMS 0x00000000c9e00000, 0x00000000c9d00000| Untracked 
| 158|0x00000000c9e00000, 0x00000000c9f00000, 0x00000000c9f00000|100%| O|  |TAMS 0x00000000c9f00000, 0x00000000c9e00000| Updating 
| 159|0x00000000c9f00000, 0x00000000ca000000, 0x00000000ca000000|100%| O|  |TAMS 0x00000000ca000000, 0x00000000c9f00000| Updating 
| 160|0x00000000ca000000, 0x00000000ca100000, 0x00000000ca100000|100%| O|  |TAMS 0x00000000ca100000, 0x00000000ca000000| Untracked 
| 161|0x00000000ca100000, 0x00000000ca200000, 0x00000000ca200000|100%| O|  |TAMS 0x00000000ca200000, 0x00000000ca100000| Updating 
| 162|0x00000000ca200000, 0x00000000ca300000, 0x00000000ca300000|100%| O|  |TAMS 0x00000000ca300000, 0x00000000ca200000| Updating 
| 163|0x00000000ca300000, 0x00000000ca400000, 0x00000000ca400000|100%| O|  |TAMS 0x00000000ca400000, 0x00000000ca300000| Updating 
| 164|0x00000000ca400000, 0x00000000ca500000, 0x00000000ca500000|100%| O|  |TAMS 0x00000000ca500000, 0x00000000ca400000| Updating 
| 165|0x00000000ca500000, 0x00000000ca600000, 0x00000000ca600000|100%| O|  |TAMS 0x00000000ca600000, 0x00000000ca500000| Untracked 
| 166|0x00000000ca600000, 0x00000000ca700000, 0x00000000ca700000|100%| O|  |TAMS 0x00000000ca700000, 0x00000000ca600000| Untracked 
| 167|0x00000000ca700000, 0x00000000ca800000, 0x00000000ca800000|100%| O|  |TAMS 0x00000000ca800000, 0x00000000ca700000| Untracked 
| 168|0x00000000ca800000, 0x00000000ca900000, 0x00000000ca900000|100%| O|  |TAMS 0x00000000ca900000, 0x00000000ca800000| Untracked 
| 169|0x00000000ca900000, 0x00000000caa00000, 0x00000000caa00000|100%| O|  |TAMS 0x00000000caa00000, 0x00000000ca900000| Updating 
| 170|0x00000000caa00000, 0x00000000cab00000, 0x00000000cab00000|100%| O|  |TAMS 0x00000000cab00000, 0x00000000caa00000| Updating 
| 171|0x00000000cab00000, 0x00000000cac00000, 0x00000000cac00000|100%| O|  |TAMS 0x00000000cac00000, 0x00000000cab00000| Updating 
| 172|0x00000000cac00000, 0x00000000cad00000, 0x00000000cad00000|100%|HS|  |TAMS 0x00000000cad00000, 0x00000000cac00000| Complete 
| 173|0x00000000cad00000, 0x00000000cae00000, 0x00000000cae00000|100%|HS|  |TAMS 0x00000000cae00000, 0x00000000cad00000| Complete 
| 174|0x00000000cae00000, 0x00000000caf00000, 0x00000000caf00000|100%| O|  |TAMS 0x00000000caf00000, 0x00000000cae00000| Untracked 
| 175|0x00000000caf00000, 0x00000000cb000000, 0x00000000cb000000|100%| O|  |TAMS 0x00000000cb000000, 0x00000000caf00000| Updating 
| 176|0x00000000cb000000, 0x00000000cb100000, 0x00000000cb100000|100%| O|  |TAMS 0x00000000cb100000, 0x00000000cb000000| Updating 
| 177|0x00000000cb100000, 0x00000000cb200000, 0x00000000cb200000|100%| O|  |TAMS 0x00000000cb200000, 0x00000000cb100000| Untracked 
| 178|0x00000000cb200000, 0x00000000cb300000, 0x00000000cb300000|100%| O|  |TAMS 0x00000000cb300000, 0x00000000cb200000| Updating 
| 179|0x00000000cb300000, 0x00000000cb400000, 0x00000000cb400000|100%| O|  |TAMS 0x00000000cb400000, 0x00000000cb300000| Untracked 
| 180|0x00000000cb400000, 0x00000000cb500000, 0x00000000cb500000|100%| O|  |TAMS 0x00000000cb500000, 0x00000000cb400000| Updating 
| 181|0x00000000cb500000, 0x00000000cb600000, 0x00000000cb600000|100%| O|  |TAMS 0x00000000cb600000, 0x00000000cb500000| Untracked 
| 182|0x00000000cb600000, 0x00000000cb700000, 0x00000000cb700000|100%| O|  |TAMS 0x00000000cb700000, 0x00000000cb600000| Untracked 
| 183|0x00000000cb700000, 0x00000000cb800000, 0x00000000cb800000|100%|HS|  |TAMS 0x00000000cb800000, 0x00000000cb700000| Complete 
| 184|0x00000000cb800000, 0x00000000cb900000, 0x00000000cb900000|100%|HS|  |TAMS 0x00000000cb900000, 0x00000000cb800000| Complete 
| 185|0x00000000cb900000, 0x00000000cba00000, 0x00000000cba00000|100%| O|  |TAMS 0x00000000cba00000, 0x00000000cb900000| Untracked 
| 186|0x00000000cba00000, 0x00000000cbb00000, 0x00000000cbb00000|100%| O|  |TAMS 0x00000000cbb00000, 0x00000000cba00000| Untracked 
| 187|0x00000000cbb00000, 0x00000000cbc00000, 0x00000000cbc00000|100%| O|  |TAMS 0x00000000cbc00000, 0x00000000cbb00000| Untracked 
| 188|0x00000000cbc00000, 0x00000000cbd00000, 0x00000000cbd00000|100%| O|  |TAMS 0x00000000cbd00000, 0x00000000cbc00000| Updating 
| 189|0x00000000cbd00000, 0x00000000cbe00000, 0x00000000cbe00000|100%| O|  |TAMS 0x00000000cbe00000, 0x00000000cbd00000| Untracked 
| 190|0x00000000cbe00000, 0x00000000cbf00000, 0x00000000cbf00000|100%| O|  |TAMS 0x00000000cbf00000, 0x00000000cbe00000| Untracked 
| 191|0x00000000cbf00000, 0x00000000cc000000, 0x00000000cc000000|100%| O|  |TAMS 0x00000000cc000000, 0x00000000cbf00000| Untracked 
| 192|0x00000000cc000000, 0x00000000cc100000, 0x00000000cc100000|100%| O|  |TAMS 0x00000000cc100000, 0x00000000cc000000| Untracked 
| 193|0x00000000cc100000, 0x00000000cc200000, 0x00000000cc200000|100%| O|  |TAMS 0x00000000cc200000, 0x00000000cc100000| Untracked 
| 194|0x00000000cc200000, 0x00000000cc300000, 0x00000000cc300000|100%| O|  |TAMS 0x00000000cc300000, 0x00000000cc200000| Untracked 
| 195|0x00000000cc300000, 0x00000000cc400000, 0x00000000cc400000|100%| O|  |TAMS 0x00000000cc400000, 0x00000000cc300000| Updating 
| 196|0x00000000cc400000, 0x00000000cc500000, 0x00000000cc500000|100%| O|  |TAMS 0x00000000cc500000, 0x00000000cc400000| Updating 
| 197|0x00000000cc500000, 0x00000000cc600000, 0x00000000cc600000|100%| O|  |TAMS 0x00000000cc600000, 0x00000000cc500000| Updating 
| 198|0x00000000cc600000, 0x00000000cc700000, 0x00000000cc700000|100%| O|  |TAMS 0x00000000cc700000, 0x00000000cc600000| Untracked 
| 199|0x00000000cc700000, 0x00000000cc800000, 0x00000000cc800000|100%| O|  |TAMS 0x00000000cc800000, 0x00000000cc700000| Untracked 
| 200|0x00000000cc800000, 0x00000000cc900000, 0x00000000cc900000|100%| O|  |TAMS 0x00000000cc900000, 0x00000000cc800000| Untracked 
| 201|0x00000000cc900000, 0x00000000cca00000, 0x00000000cca00000|100%| O|  |TAMS 0x00000000cca00000, 0x00000000cc900000| Untracked 
| 202|0x00000000cca00000, 0x00000000ccb00000, 0x00000000ccb00000|100%| O|  |TAMS 0x00000000ccb00000, 0x00000000cca00000| Untracked 
| 203|0x00000000ccb00000, 0x00000000ccc00000, 0x00000000ccc00000|100%| O|  |TAMS 0x00000000ccc00000, 0x00000000ccb00000| Untracked 
| 204|0x00000000ccc00000, 0x00000000ccd00000, 0x00000000ccd00000|100%| O|  |TAMS 0x00000000ccd00000, 0x00000000ccc00000| Untracked 
| 205|0x00000000ccd00000, 0x00000000cce00000, 0x00000000cce00000|100%| O|  |TAMS 0x00000000cce00000, 0x00000000ccd00000| Untracked 
| 206|0x00000000cce00000, 0x00000000ccf00000, 0x00000000ccf00000|100%| O|  |TAMS 0x00000000ccf00000, 0x00000000cce00000| Untracked 
| 207|0x00000000ccf00000, 0x00000000cd000000, 0x00000000cd000000|100%| O|  |TAMS 0x00000000cd000000, 0x00000000ccf00000| Untracked 
| 208|0x00000000cd000000, 0x00000000cd100000, 0x00000000cd100000|100%| O|  |TAMS 0x00000000cd100000, 0x00000000cd000000| Untracked 
| 209|0x00000000cd100000, 0x00000000cd200000, 0x00000000cd200000|100%|HS|  |TAMS 0x00000000cd200000, 0x00000000cd100000| Complete 
| 210|0x00000000cd200000, 0x00000000cd300000, 0x00000000cd300000|100%|HS|  |TAMS 0x00000000cd300000, 0x00000000cd200000| Complete 
| 211|0x00000000cd300000, 0x00000000cd400000, 0x00000000cd400000|100%| O|  |TAMS 0x00000000cd400000, 0x00000000cd300000| Untracked 
| 212|0x00000000cd400000, 0x00000000cd500000, 0x00000000cd500000|100%| O|  |TAMS 0x00000000cd500000, 0x00000000cd400000| Untracked 
| 213|0x00000000cd500000, 0x00000000cd600000, 0x00000000cd600000|100%| O|  |TAMS 0x00000000cd600000, 0x00000000cd500000| Untracked 
| 214|0x00000000cd600000, 0x00000000cd700000, 0x00000000cd700000|100%| O|  |TAMS 0x00000000cd700000, 0x00000000cd600000| Updating 
| 215|0x00000000cd700000, 0x00000000cd800000, 0x00000000cd800000|100%| O|  |TAMS 0x00000000cd800000, 0x00000000cd700000| Untracked 
| 216|0x00000000cd800000, 0x00000000cd900000, 0x00000000cd900000|100%| O|  |TAMS 0x00000000cd900000, 0x00000000cd800000| Updating 
| 217|0x00000000cd900000, 0x00000000cda00000, 0x00000000cda00000|100%| O|  |TAMS 0x00000000cda00000, 0x00000000cd900000| Updating 
| 218|0x00000000cda00000, 0x00000000cda00000, 0x00000000cdb00000|  0%| F|  |TAMS 0x00000000cda00000, 0x00000000cda00000| Untracked 
| 219|0x00000000cdb00000, 0x00000000cdc00000, 0x00000000cdc00000|100%| O|  |TAMS 0x00000000cdc00000, 0x00000000cdb00000| Updating 
| 220|0x00000000cdc00000, 0x00000000cdd00000, 0x00000000cdd00000|100%|HS|  |TAMS 0x00000000cdd00000, 0x00000000cdc00000| Complete 
| 221|0x00000000cdd00000, 0x00000000cde00000, 0x00000000cde00000|100%|HC|  |TAMS 0x00000000cde00000, 0x00000000cdd00000| Complete 
| 222|0x00000000cde00000, 0x00000000cdf00000, 0x00000000cdf00000|100%| O|  |TAMS 0x00000000cdf00000, 0x00000000cde00000| Untracked 
| 223|0x00000000cdf00000, 0x00000000ce000000, 0x00000000ce000000|100%| O|  |TAMS 0x00000000ce000000, 0x00000000cdf00000| Untracked 
| 224|0x00000000ce000000, 0x00000000ce100000, 0x00000000ce100000|100%| O|  |TAMS 0x00000000ce100000, 0x00000000ce000000| Untracked 
| 225|0x00000000ce100000, 0x00000000ce200000, 0x00000000ce200000|100%| O|  |TAMS 0x00000000ce200000, 0x00000000ce100000| Untracked 
| 226|0x00000000ce200000, 0x00000000ce300000, 0x00000000ce300000|100%| O|  |TAMS 0x00000000ce300000, 0x00000000ce200000| Updating 
| 227|0x00000000ce300000, 0x00000000ce400000, 0x00000000ce400000|100%| O|  |TAMS 0x00000000ce400000, 0x00000000ce300000| Updating 
| 228|0x00000000ce400000, 0x00000000ce400000, 0x00000000ce500000|  0%| F|  |TAMS 0x00000000ce400000, 0x00000000ce400000| Untracked 
| 229|0x00000000ce500000, 0x00000000ce600000, 0x00000000ce600000|100%| O|  |TAMS 0x00000000ce600000, 0x00000000ce500000| Updating 
| 230|0x00000000ce600000, 0x00000000ce700000, 0x00000000ce700000|100%| O|  |TAMS 0x00000000ce700000, 0x00000000ce600000| Untracked 
| 231|0x00000000ce700000, 0x00000000ce800000, 0x00000000ce800000|100%| O|  |TAMS 0x00000000ce800000, 0x00000000ce700000| Untracked 
| 232|0x00000000ce800000, 0x00000000ce900000, 0x00000000ce900000|100%| O|  |TAMS 0x00000000ce900000, 0x00000000ce800000| Untracked 
| 233|0x00000000ce900000, 0x00000000cea00000, 0x00000000cea00000|100%| O|  |TAMS 0x00000000cea00000, 0x00000000ce900000| Untracked 
| 234|0x00000000cea00000, 0x00000000ceb00000, 0x00000000ceb00000|100%| O|  |TAMS 0x00000000ceb00000, 0x00000000cea00000| Untracked 
| 235|0x00000000ceb00000, 0x00000000cec00000, 0x00000000cec00000|100%| O|  |TAMS 0x00000000cec00000, 0x00000000ceb00000| Untracked 
| 236|0x00000000cec00000, 0x00000000ced00000, 0x00000000ced00000|100%| O|  |TAMS 0x00000000ced00000, 0x00000000cec00000| Updating 
| 237|0x00000000ced00000, 0x00000000cee00000, 0x00000000cee00000|100%| O|  |TAMS 0x00000000cee00000, 0x00000000ced00000| Updating 
| 238|0x00000000cee00000, 0x00000000cef00000, 0x00000000cef00000|100%| O|  |TAMS 0x00000000cef00000, 0x00000000cee00000| Untracked 
| 239|0x00000000cef00000, 0x00000000cf000000, 0x00000000cf000000|100%| O|  |TAMS 0x00000000cf000000, 0x00000000cef00000| Untracked 
| 240|0x00000000cf000000, 0x00000000cf100000, 0x00000000cf100000|100%| O|  |TAMS 0x00000000cf100000, 0x00000000cf000000| Untracked 
| 241|0x00000000cf100000, 0x00000000cf200000, 0x00000000cf200000|100%| O|  |TAMS 0x00000000cf200000, 0x00000000cf100000| Updating 
| 242|0x00000000cf200000, 0x00000000cf300000, 0x00000000cf300000|100%| O|  |TAMS 0x00000000cf300000, 0x00000000cf200000| Updating 
| 243|0x00000000cf300000, 0x00000000cf400000, 0x00000000cf400000|100%| O|  |TAMS 0x00000000cf400000, 0x00000000cf300000| Untracked 
| 244|0x00000000cf400000, 0x00000000cf500000, 0x00000000cf500000|100%| O|  |TAMS 0x00000000cf500000, 0x00000000cf400000| Updating 
| 245|0x00000000cf500000, 0x00000000cf600000, 0x00000000cf600000|100%| O|  |TAMS 0x00000000cf600000, 0x00000000cf500000| Updating 
| 246|0x00000000cf600000, 0x00000000cf700000, 0x00000000cf700000|100%| O|  |TAMS 0x00000000cf700000, 0x00000000cf600000| Updating 
| 247|0x00000000cf700000, 0x00000000cf800000, 0x00000000cf800000|100%| O|  |TAMS 0x00000000cf800000, 0x00000000cf700000| Untracked 
| 248|0x00000000cf800000, 0x00000000cf900000, 0x00000000cf900000|100%| O|  |TAMS 0x00000000cf900000, 0x00000000cf800000| Updating 
| 249|0x00000000cf900000, 0x00000000cfa00000, 0x00000000cfa00000|100%| O|  |TAMS 0x00000000cfa00000, 0x00000000cf900000| Untracked 
| 250|0x00000000cfa00000, 0x00000000cfb00000, 0x00000000cfb00000|100%| O|  |TAMS 0x00000000cfb00000, 0x00000000cfa00000| Updating 
| 251|0x00000000cfb00000, 0x00000000cfc00000, 0x00000000cfc00000|100%| O|  |TAMS 0x00000000cfc00000, 0x00000000cfb00000| Untracked 
| 252|0x00000000cfc00000, 0x00000000cfc00000, 0x00000000cfd00000|  0%| F|  |TAMS 0x00000000cfc00000, 0x00000000cfc00000| Untracked 
| 253|0x00000000cfd00000, 0x00000000cfe00000, 0x00000000cfe00000|100%| O|  |TAMS 0x00000000cfe00000, 0x00000000cfd00000| Updating 
| 254|0x00000000cfe00000, 0x00000000cff00000, 0x00000000cff00000|100%| O|  |TAMS 0x00000000cff00000, 0x00000000cfe00000| Updating 
| 255|0x00000000cff00000, 0x00000000d0000000, 0x00000000d0000000|100%| O|  |TAMS 0x00000000d0000000, 0x00000000cff00000| Updating 
| 256|0x00000000d0000000, 0x00000000d0100000, 0x00000000d0100000|100%| O|  |TAMS 0x00000000d0100000, 0x00000000d0000000| Updating 
| 257|0x00000000d0100000, 0x00000000d0200000, 0x00000000d0200000|100%| O|  |TAMS 0x00000000d0200000, 0x00000000d0100000| Updating 
| 258|0x00000000d0200000, 0x00000000d0300000, 0x00000000d0300000|100%| O|  |TAMS 0x00000000d0300000, 0x00000000d0200000| Updating 
| 259|0x00000000d0300000, 0x00000000d0400000, 0x00000000d0400000|100%| O|  |TAMS 0x00000000d0400000, 0x00000000d0300000| Untracked 
| 260|0x00000000d0400000, 0x00000000d0500000, 0x00000000d0500000|100%| O|  |TAMS 0x00000000d0500000, 0x00000000d0400000| Untracked 
| 261|0x00000000d0500000, 0x00000000d0600000, 0x00000000d0600000|100%| O|  |TAMS 0x00000000d0600000, 0x00000000d0500000| Untracked 
| 262|0x00000000d0600000, 0x00000000d0700000, 0x00000000d0700000|100%| O|  |TAMS 0x00000000d0700000, 0x00000000d0600000| Untracked 
| 263|0x00000000d0700000, 0x00000000d0800000, 0x00000000d0800000|100%| O|  |TAMS 0x00000000d0800000, 0x00000000d0700000| Untracked 
| 264|0x00000000d0800000, 0x00000000d0900000, 0x00000000d0900000|100%| O|  |TAMS 0x00000000d0900000, 0x00000000d0800000| Untracked 
| 265|0x00000000d0900000, 0x00000000d0a00000, 0x00000000d0a00000|100%| O|  |TAMS 0x00000000d0a00000, 0x00000000d0900000| Updating 
| 266|0x00000000d0a00000, 0x00000000d0b00000, 0x00000000d0b00000|100%| O|  |TAMS 0x00000000d0b00000, 0x00000000d0a00000| Updating 
| 267|0x00000000d0b00000, 0x00000000d0c00000, 0x00000000d0c00000|100%| O|  |TAMS 0x00000000d0c00000, 0x00000000d0b00000| Updating 
| 268|0x00000000d0c00000, 0x00000000d0d00000, 0x00000000d0d00000|100%| O|  |TAMS 0x00000000d0d00000, 0x00000000d0c00000| Updating 
| 269|0x00000000d0d00000, 0x00000000d0e00000, 0x00000000d0e00000|100%| O|  |TAMS 0x00000000d0e00000, 0x00000000d0d00000| Updating 
| 270|0x00000000d0e00000, 0x00000000d0f00000, 0x00000000d0f00000|100%| O|  |TAMS 0x00000000d0f00000, 0x00000000d0e00000| Updating 
| 271|0x00000000d0f00000, 0x00000000d1000000, 0x00000000d1000000|100%| O|  |TAMS 0x00000000d1000000, 0x00000000d0f00000| Updating 
| 272|0x00000000d1000000, 0x00000000d1100000, 0x00000000d1100000|100%| O|  |TAMS 0x00000000d1100000, 0x00000000d1000000| Updating 
| 273|0x00000000d1100000, 0x00000000d1200000, 0x00000000d1200000|100%| O|  |TAMS 0x00000000d1200000, 0x00000000d1100000| Updating 
| 274|0x00000000d1200000, 0x00000000d1200000, 0x00000000d1300000|  0%| F|  |TAMS 0x00000000d1200000, 0x00000000d1200000| Untracked 
| 275|0x00000000d1300000, 0x00000000d1400000, 0x00000000d1400000|100%| O|  |TAMS 0x00000000d1400000, 0x00000000d1300000| Updating 
| 276|0x00000000d1400000, 0x00000000d1500000, 0x00000000d1500000|100%| O|  |TAMS 0x00000000d1500000, 0x00000000d1400000| Updating 
| 277|0x00000000d1500000, 0x00000000d1600000, 0x00000000d1600000|100%|HS|  |TAMS 0x00000000d1600000, 0x00000000d1500000| Complete 
| 278|0x00000000d1600000, 0x00000000d1700000, 0x00000000d1700000|100%|HC|  |TAMS 0x00000000d1700000, 0x00000000d1600000| Complete 
| 279|0x00000000d1700000, 0x00000000d1800000, 0x00000000d1800000|100%| O|  |TAMS 0x00000000d1800000, 0x00000000d1700000| Updating 
| 280|0x00000000d1800000, 0x00000000d1900000, 0x00000000d1900000|100%| O|  |TAMS 0x00000000d1900000, 0x00000000d1800000| Untracked 
| 281|0x00000000d1900000, 0x00000000d1a00000, 0x00000000d1a00000|100%| O|  |TAMS 0x00000000d1a00000, 0x00000000d1900000| Updating 
| 282|0x00000000d1a00000, 0x00000000d1b00000, 0x00000000d1b00000|100%| O|  |TAMS 0x00000000d1b00000, 0x00000000d1a00000| Updating 
| 283|0x00000000d1b00000, 0x00000000d1c00000, 0x00000000d1c00000|100%| O|  |TAMS 0x00000000d1c00000, 0x00000000d1b00000| Updating 
| 284|0x00000000d1c00000, 0x00000000d1c00000, 0x00000000d1d00000|  0%| F|  |TAMS 0x00000000d1c00000, 0x00000000d1c00000| Untracked 
| 285|0x00000000d1d00000, 0x00000000d1e00000, 0x00000000d1e00000|100%| O|  |TAMS 0x00000000d1e00000, 0x00000000d1d00000| Updating 
| 286|0x00000000d1e00000, 0x00000000d1f00000, 0x00000000d1f00000|100%| O|  |TAMS 0x00000000d1f00000, 0x00000000d1e00000| Untracked 
| 287|0x00000000d1f00000, 0x00000000d2000000, 0x00000000d2000000|100%| O|  |TAMS 0x00000000d2000000, 0x00000000d1f00000| Updating 
| 288|0x00000000d2000000, 0x00000000d2100000, 0x00000000d2100000|100%| O|  |TAMS 0x00000000d2100000, 0x00000000d2000000| Untracked 
| 289|0x00000000d2100000, 0x00000000d2200000, 0x00000000d2200000|100%| O|  |TAMS 0x00000000d2200000, 0x00000000d2100000| Updating 
| 290|0x00000000d2200000, 0x00000000d2300000, 0x00000000d2300000|100%| O|  |TAMS 0x00000000d2300000, 0x00000000d2200000| Updating 
| 291|0x00000000d2300000, 0x00000000d2400000, 0x00000000d2400000|100%| O|  |TAMS 0x00000000d2400000, 0x00000000d2300000| Updating 
| 292|0x00000000d2400000, 0x00000000d2500000, 0x00000000d2500000|100%| O|  |TAMS 0x00000000d2500000, 0x00000000d2400000| Updating 
| 293|0x00000000d2500000, 0x00000000d2600000, 0x00000000d2600000|100%| O|  |TAMS 0x00000000d2600000, 0x00000000d2500000| Updating 
| 294|0x00000000d2600000, 0x00000000d2700000, 0x00000000d2700000|100%| O|  |TAMS 0x00000000d2700000, 0x00000000d2600000| Updating 
| 295|0x00000000d2700000, 0x00000000d2800000, 0x00000000d2800000|100%| O|  |TAMS 0x00000000d2800000, 0x00000000d2700000| Updating 
| 296|0x00000000d2800000, 0x00000000d2900000, 0x00000000d2900000|100%| O|  |TAMS 0x00000000d2900000, 0x00000000d2800000| Updating 
| 297|0x00000000d2900000, 0x00000000d2a00000, 0x00000000d2a00000|100%| O|  |TAMS 0x00000000d2a00000, 0x00000000d2900000| Updating 
| 298|0x00000000d2a00000, 0x00000000d2b00000, 0x00000000d2b00000|100%| O|  |TAMS 0x00000000d2b00000, 0x00000000d2a00000| Updating 
| 299|0x00000000d2b00000, 0x00000000d2b00000, 0x00000000d2c00000|  0%| F|  |TAMS 0x00000000d2b00000, 0x00000000d2b00000| Untracked 
| 300|0x00000000d2c00000, 0x00000000d2c00000, 0x00000000d2d00000|  0%| F|  |TAMS 0x00000000d2c00000, 0x00000000d2c00000| Untracked 
| 301|0x00000000d2d00000, 0x00000000d2d00000, 0x00000000d2e00000|  0%| F|  |TAMS 0x00000000d2d00000, 0x00000000d2d00000| Untracked 
| 302|0x00000000d2e00000, 0x00000000d2f00000, 0x00000000d2f00000|100%| O|  |TAMS 0x00000000d2f00000, 0x00000000d2e00000| Updating 
| 303|0x00000000d2f00000, 0x00000000d3000000, 0x00000000d3000000|100%| O|  |TAMS 0x00000000d3000000, 0x00000000d2f00000| Updating 
| 304|0x00000000d3000000, 0x00000000d3100000, 0x00000000d3100000|100%| O|  |TAMS 0x00000000d3100000, 0x00000000d3000000| Updating 
| 305|0x00000000d3100000, 0x00000000d3200000, 0x00000000d3200000|100%| O|  |TAMS 0x00000000d3200000, 0x00000000d3100000| Updating 
| 306|0x00000000d3200000, 0x00000000d3300000, 0x00000000d3300000|100%|HS|  |TAMS 0x00000000d3300000, 0x00000000d3200000| Complete 
| 307|0x00000000d3300000, 0x00000000d3400000, 0x00000000d3400000|100%|HC|  |TAMS 0x00000000d3400000, 0x00000000d3300000| Complete 
| 308|0x00000000d3400000, 0x00000000d3500000, 0x00000000d3500000|100%| O|  |TAMS 0x00000000d3500000, 0x00000000d3400000| Updating 
| 309|0x00000000d3500000, 0x00000000d3500000, 0x00000000d3600000|  0%| F|  |TAMS 0x00000000d3500000, 0x00000000d3500000| Untracked 
| 310|0x00000000d3600000, 0x00000000d3700000, 0x00000000d3700000|100%| O|  |TAMS 0x00000000d3700000, 0x00000000d3600000| Updating 
| 311|0x00000000d3700000, 0x00000000d3800000, 0x00000000d3800000|100%| O|  |TAMS 0x00000000d3800000, 0x00000000d3700000| Updating 
| 312|0x00000000d3800000, 0x00000000d3900000, 0x00000000d3900000|100%| O|  |TAMS 0x00000000d3900000, 0x00000000d3800000| Untracked 
| 313|0x00000000d3900000, 0x00000000d3a00000, 0x00000000d3a00000|100%| O|  |TAMS 0x00000000d3a00000, 0x00000000d3900000| Updating 
| 314|0x00000000d3a00000, 0x00000000d3b00000, 0x00000000d3b00000|100%| O|  |TAMS 0x00000000d3b00000, 0x00000000d3a00000| Untracked 
| 315|0x00000000d3b00000, 0x00000000d3c00000, 0x00000000d3c00000|100%| O|  |TAMS 0x00000000d3c00000, 0x00000000d3b00000| Updating 
| 316|0x00000000d3c00000, 0x00000000d3d00000, 0x00000000d3d00000|100%| O|  |TAMS 0x00000000d3d00000, 0x00000000d3c00000| Updating 
| 317|0x00000000d3d00000, 0x00000000d3e00000, 0x00000000d3e00000|100%| O|  |TAMS 0x00000000d3e00000, 0x00000000d3d00000| Updating 
| 318|0x00000000d3e00000, 0x00000000d3e00000, 0x00000000d3f00000|  0%| F|  |TAMS 0x00000000d3e00000, 0x00000000d3e00000| Untracked 
| 319|0x00000000d3f00000, 0x00000000d3f00000, 0x00000000d4000000|  0%| F|  |TAMS 0x00000000d3f00000, 0x00000000d3f00000| Untracked 
| 320|0x00000000d4000000, 0x00000000d4100000, 0x00000000d4100000|100%| O|  |TAMS 0x00000000d4100000, 0x00000000d4000000| Updating 
| 321|0x00000000d4100000, 0x00000000d4200000, 0x00000000d4200000|100%| O|  |TAMS 0x00000000d4200000, 0x00000000d4100000| Updating 
| 322|0x00000000d4200000, 0x00000000d4300000, 0x00000000d4300000|100%| O|  |TAMS 0x00000000d4300000, 0x00000000d4200000| Untracked 
| 323|0x00000000d4300000, 0x00000000d4400000, 0x00000000d4400000|100%| O|  |TAMS 0x00000000d4400000, 0x00000000d4300000| Untracked 
| 324|0x00000000d4400000, 0x00000000d4500000, 0x00000000d4500000|100%| O|  |TAMS 0x00000000d4500000, 0x00000000d4400000| Updating 
| 325|0x00000000d4500000, 0x00000000d4600000, 0x00000000d4600000|100%| O|  |TAMS 0x00000000d4600000, 0x00000000d4500000| Updating 
| 326|0x00000000d4600000, 0x00000000d4700000, 0x00000000d4700000|100%| O|  |TAMS 0x00000000d4700000, 0x00000000d4600000| Updating 
| 327|0x00000000d4700000, 0x00000000d4800000, 0x00000000d4800000|100%| O|  |TAMS 0x00000000d4800000, 0x00000000d4700000| Updating 
| 328|0x00000000d4800000, 0x00000000d4900000, 0x00000000d4900000|100%| O|  |TAMS 0x00000000d4900000, 0x00000000d4800000| Updating 
| 329|0x00000000d4900000, 0x00000000d4a00000, 0x00000000d4a00000|100%| O|  |TAMS 0x00000000d4a00000, 0x00000000d4900000| Updating 
| 330|0x00000000d4a00000, 0x00000000d4b00000, 0x00000000d4b00000|100%| O|  |TAMS 0x00000000d4b00000, 0x00000000d4a00000| Updating 
| 331|0x00000000d4b00000, 0x00000000d4c00000, 0x00000000d4c00000|100%| O|  |TAMS 0x00000000d4c00000, 0x00000000d4b00000| Updating 
| 332|0x00000000d4c00000, 0x00000000d4c00000, 0x00000000d4d00000|  0%| F|  |TAMS 0x00000000d4c00000, 0x00000000d4c00000| Untracked 
| 333|0x00000000d4d00000, 0x00000000d4e00000, 0x00000000d4e00000|100%| O|  |TAMS 0x00000000d4e00000, 0x00000000d4d00000| Updating 
| 334|0x00000000d4e00000, 0x00000000d4f00000, 0x00000000d4f00000|100%| O|  |TAMS 0x00000000d4f00000, 0x00000000d4e00000| Updating 
| 335|0x00000000d4f00000, 0x00000000d5000000, 0x00000000d5000000|100%| O|  |TAMS 0x00000000d5000000, 0x00000000d4f00000| Updating 
| 336|0x00000000d5000000, 0x00000000d5100000, 0x00000000d5100000|100%| O|  |TAMS 0x00000000d5100000, 0x00000000d5000000| Updating 
| 337|0x00000000d5100000, 0x00000000d5100000, 0x00000000d5200000|  0%| F|  |TAMS 0x00000000d5100000, 0x00000000d5100000| Untracked 
| 338|0x00000000d5200000, 0x00000000d5300000, 0x00000000d5300000|100%| O|  |TAMS 0x00000000d5300000, 0x00000000d5200000| Updating 
| 339|0x00000000d5300000, 0x00000000d5400000, 0x00000000d5400000|100%|HS|  |TAMS 0x00000000d5400000, 0x00000000d5300000| Complete 
| 340|0x00000000d5400000, 0x00000000d5500000, 0x00000000d5500000|100%|HC|  |TAMS 0x00000000d5500000, 0x00000000d5400000| Complete 
| 341|0x00000000d5500000, 0x00000000d5600000, 0x00000000d5600000|100%| O|  |TAMS 0x00000000d5600000, 0x00000000d5500000| Updating 
| 342|0x00000000d5600000, 0x00000000d5700000, 0x00000000d5700000|100%| O|  |TAMS 0x00000000d5700000, 0x00000000d5600000| Updating 
| 343|0x00000000d5700000, 0x00000000d5800000, 0x00000000d5800000|100%| O|  |TAMS 0x00000000d5800000, 0x00000000d5700000| Updating 
| 344|0x00000000d5800000, 0x00000000d5900000, 0x00000000d5900000|100%| O|  |TAMS 0x00000000d5900000, 0x00000000d5800000| Updating 
| 345|0x00000000d5900000, 0x00000000d5900000, 0x00000000d5a00000|  0%| F|  |TAMS 0x00000000d5900000, 0x00000000d5900000| Untracked 
| 346|0x00000000d5a00000, 0x00000000d5b00000, 0x00000000d5b00000|100%| O|  |TAMS 0x00000000d5b00000, 0x00000000d5a00000| Updating 
| 347|0x00000000d5b00000, 0x00000000d5c00000, 0x00000000d5c00000|100%| O|  |TAMS 0x00000000d5c00000, 0x00000000d5b00000| Updating 
| 348|0x00000000d5c00000, 0x00000000d5d00000, 0x00000000d5d00000|100%| O|  |TAMS 0x00000000d5d00000, 0x00000000d5c00000| Updating 
| 349|0x00000000d5d00000, 0x00000000d5e00000, 0x00000000d5e00000|100%| O|  |TAMS 0x00000000d5e00000, 0x00000000d5d00000| Updating 
| 350|0x00000000d5e00000, 0x00000000d5f00000, 0x00000000d5f00000|100%| O|  |TAMS 0x00000000d5f00000, 0x00000000d5e00000| Updating 
| 351|0x00000000d5f00000, 0x00000000d6000000, 0x00000000d6000000|100%| O|  |TAMS 0x00000000d6000000, 0x00000000d5f00000| Updating 
| 352|0x00000000d6000000, 0x00000000d6100000, 0x00000000d6100000|100%| O|  |TAMS 0x00000000d6100000, 0x00000000d6000000| Updating 
| 353|0x00000000d6100000, 0x00000000d6200000, 0x00000000d6200000|100%| O|  |TAMS 0x00000000d6200000, 0x00000000d6100000| Updating 
| 354|0x00000000d6200000, 0x00000000d6300000, 0x00000000d6300000|100%| O|  |TAMS 0x00000000d6300000, 0x00000000d6200000| Updating 
| 355|0x00000000d6300000, 0x00000000d6400000, 0x00000000d6400000|100%| O|  |TAMS 0x00000000d6400000, 0x00000000d6300000| Updating 
| 356|0x00000000d6400000, 0x00000000d6500000, 0x00000000d6500000|100%|HS|  |TAMS 0x00000000d6500000, 0x00000000d6400000| Complete 
| 357|0x00000000d6500000, 0x00000000d6600000, 0x00000000d6600000|100%|HC|  |TAMS 0x00000000d6600000, 0x00000000d6500000| Complete 
| 358|0x00000000d6600000, 0x00000000d6700000, 0x00000000d6700000|100%|HS|  |TAMS 0x00000000d6700000, 0x00000000d6600000| Complete 
| 359|0x00000000d6700000, 0x00000000d6800000, 0x00000000d6800000|100%|HC|  |TAMS 0x00000000d6800000, 0x00000000d6700000| Complete 
| 360|0x00000000d6800000, 0x00000000d6800000, 0x00000000d6900000|  0%| F|  |TAMS 0x00000000d6800000, 0x00000000d6800000| Untracked 
| 361|0x00000000d6900000, 0x00000000d6900000, 0x00000000d6a00000|  0%| F|  |TAMS 0x00000000d6900000, 0x00000000d6900000| Untracked 
| 362|0x00000000d6a00000, 0x00000000d6b00000, 0x00000000d6b00000|100%| O|  |TAMS 0x00000000d6b00000, 0x00000000d6a00000| Updating 
| 363|0x00000000d6b00000, 0x00000000d6c00000, 0x00000000d6c00000|100%| O|  |TAMS 0x00000000d6c00000, 0x00000000d6b00000| Updating 
| 364|0x00000000d6c00000, 0x00000000d6d00000, 0x00000000d6d00000|100%| O|  |TAMS 0x00000000d6d00000, 0x00000000d6c00000| Updating 
| 365|0x00000000d6d00000, 0x00000000d6e00000, 0x00000000d6e00000|100%| O|  |TAMS 0x00000000d6e00000, 0x00000000d6d00000| Updating 
| 366|0x00000000d6e00000, 0x00000000d6f00000, 0x00000000d6f00000|100%| O|  |TAMS 0x00000000d6f00000, 0x00000000d6e00000| Updating 
| 367|0x00000000d6f00000, 0x00000000d6f00000, 0x00000000d7000000|  0%| F|  |TAMS 0x00000000d6f00000, 0x00000000d6f00000| Untracked 
| 368|0x00000000d7000000, 0x00000000d7000000, 0x00000000d7100000|  0%| F|  |TAMS 0x00000000d7000000, 0x00000000d7000000| Untracked 
| 369|0x00000000d7100000, 0x00000000d7200000, 0x00000000d7200000|100%| O|  |TAMS 0x00000000d7200000, 0x00000000d7100000| Updating 
| 370|0x00000000d7200000, 0x00000000d7300000, 0x00000000d7300000|100%| O|  |TAMS 0x00000000d7300000, 0x00000000d7200000| Updating 
| 371|0x00000000d7300000, 0x00000000d7400000, 0x00000000d7400000|100%| O|  |TAMS 0x00000000d7400000, 0x00000000d7300000| Updating 
| 372|0x00000000d7400000, 0x00000000d7400000, 0x00000000d7500000|  0%| F|  |TAMS 0x00000000d7400000, 0x00000000d7400000| Untracked 
| 373|0x00000000d7500000, 0x00000000d7500000, 0x00000000d7600000|  0%| F|  |TAMS 0x00000000d7500000, 0x00000000d7500000| Untracked 
| 374|0x00000000d7600000, 0x00000000d7600000, 0x00000000d7700000|  0%| F|  |TAMS 0x00000000d7600000, 0x00000000d7600000| Untracked 
| 375|0x00000000d7700000, 0x00000000d7700000, 0x00000000d7800000|  0%| F|  |TAMS 0x00000000d7700000, 0x00000000d7700000| Untracked 
| 376|0x00000000d7800000, 0x00000000d7900000, 0x00000000d7900000|100%| O|  |TAMS 0x00000000d7900000, 0x00000000d7800000| Updating 
| 377|0x00000000d7900000, 0x00000000d7900000, 0x00000000d7a00000|  0%| F|  |TAMS 0x00000000d7900000, 0x00000000d7900000| Untracked 
| 378|0x00000000d7a00000, 0x00000000d7b00000, 0x00000000d7b00000|100%| O|  |TAMS 0x00000000d7b00000, 0x00000000d7a00000| Updating 
| 379|0x00000000d7b00000, 0x00000000d7c00000, 0x00000000d7c00000|100%| O|  |TAMS 0x00000000d7c00000, 0x00000000d7b00000| Updating 
| 380|0x00000000d7c00000, 0x00000000d7d00000, 0x00000000d7d00000|100%| O|  |TAMS 0x00000000d7d00000, 0x00000000d7c00000| Updating 
| 381|0x00000000d7d00000, 0x00000000d7e00000, 0x00000000d7e00000|100%| O|  |TAMS 0x00000000d7e00000, 0x00000000d7d00000| Updating 
| 382|0x00000000d7e00000, 0x00000000d7f00000, 0x00000000d7f00000|100%| O|  |TAMS 0x00000000d7f00000, 0x00000000d7e00000| Updating 
| 383|0x00000000d7f00000, 0x00000000d8000000, 0x00000000d8000000|100%| O|  |TAMS 0x00000000d8000000, 0x00000000d7f00000| Updating 
| 384|0x00000000d8000000, 0x00000000d8100000, 0x00000000d8100000|100%| O|  |TAMS 0x00000000d8100000, 0x00000000d8000000| Updating 
| 385|0x00000000d8100000, 0x00000000d8200000, 0x00000000d8200000|100%| O|  |TAMS 0x00000000d8200000, 0x00000000d8100000| Updating 
| 386|0x00000000d8200000, 0x00000000d8300000, 0x00000000d8300000|100%| O|  |TAMS 0x00000000d8300000, 0x00000000d8200000| Updating 
| 387|0x00000000d8300000, 0x00000000d8400000, 0x00000000d8400000|100%| O|  |TAMS 0x00000000d8400000, 0x00000000d8300000| Updating 
| 388|0x00000000d8400000, 0x00000000d8500000, 0x00000000d8500000|100%| O|  |TAMS 0x00000000d8500000, 0x00000000d8400000| Updating 
| 389|0x00000000d8500000, 0x00000000d8500000, 0x00000000d8600000|  0%| F|  |TAMS 0x00000000d8500000, 0x00000000d8500000| Untracked 
| 390|0x00000000d8600000, 0x00000000d8600000, 0x00000000d8700000|  0%| F|  |TAMS 0x00000000d8600000, 0x00000000d8600000| Untracked 
| 391|0x00000000d8700000, 0x00000000d8800000, 0x00000000d8800000|100%| O|  |TAMS 0x00000000d8800000, 0x00000000d8700000| Updating 
| 392|0x00000000d8800000, 0x00000000d8900000, 0x00000000d8900000|100%| O|  |TAMS 0x00000000d8900000, 0x00000000d8800000| Updating 
| 393|0x00000000d8900000, 0x00000000d8a00000, 0x00000000d8a00000|100%| O|  |TAMS 0x00000000d8a00000, 0x00000000d8900000| Updating 
| 394|0x00000000d8a00000, 0x00000000d8b00000, 0x00000000d8b00000|100%|HS|  |TAMS 0x00000000d8b00000, 0x00000000d8a00000| Complete 
| 395|0x00000000d8b00000, 0x00000000d8c00000, 0x00000000d8c00000|100%|HC|  |TAMS 0x00000000d8c00000, 0x00000000d8b00000| Complete 
| 396|0x00000000d8c00000, 0x00000000d8d00000, 0x00000000d8d00000|100%| O|  |TAMS 0x00000000d8d00000, 0x00000000d8c00000| Updating 
| 397|0x00000000d8d00000, 0x00000000d8e00000, 0x00000000d8e00000|100%| O|  |TAMS 0x00000000d8e00000, 0x00000000d8d00000| Updating 
| 398|0x00000000d8e00000, 0x00000000d8f00000, 0x00000000d8f00000|100%| O|  |TAMS 0x00000000d8f00000, 0x00000000d8e00000| Updating 
| 399|0x00000000d8f00000, 0x00000000d9000000, 0x00000000d9000000|100%| O|  |TAMS 0x00000000d9000000, 0x00000000d8f00000| Updating 
| 400|0x00000000d9000000, 0x00000000d9100000, 0x00000000d9100000|100%| O|  |TAMS 0x00000000d9100000, 0x00000000d9000000| Updating 
| 401|0x00000000d9100000, 0x00000000d9200000, 0x00000000d9200000|100%| O|  |TAMS 0x00000000d9200000, 0x00000000d9100000| Updating 
| 402|0x00000000d9200000, 0x00000000d9300000, 0x00000000d9300000|100%| O|  |TAMS 0x00000000d9300000, 0x00000000d9200000| Updating 
| 403|0x00000000d9300000, 0x00000000d9300000, 0x00000000d9400000|  0%| F|  |TAMS 0x00000000d9300000, 0x00000000d9300000| Untracked 
| 404|0x00000000d9400000, 0x00000000d9500000, 0x00000000d9500000|100%| O|  |TAMS 0x00000000d9500000, 0x00000000d9400000| Updating 
| 405|0x00000000d9500000, 0x00000000d9600000, 0x00000000d9600000|100%| O|  |TAMS 0x00000000d9600000, 0x00000000d9500000| Updating 
| 406|0x00000000d9600000, 0x00000000d9700000, 0x00000000d9700000|100%| O|  |TAMS 0x00000000d9700000, 0x00000000d9600000| Updating 
| 407|0x00000000d9700000, 0x00000000d9800000, 0x00000000d9800000|100%| O|  |TAMS 0x00000000d9800000, 0x00000000d9700000| Updating 
| 408|0x00000000d9800000, 0x00000000d9900000, 0x00000000d9900000|100%| O|  |TAMS 0x00000000d9900000, 0x00000000d9800000| Updating 
| 409|0x00000000d9900000, 0x00000000d9a00000, 0x00000000d9a00000|100%| O|  |TAMS 0x00000000d9a00000, 0x00000000d9900000| Updating 
| 410|0x00000000d9a00000, 0x00000000d9b00000, 0x00000000d9b00000|100%| O|  |TAMS 0x00000000d9b00000, 0x00000000d9a00000| Updating 
| 411|0x00000000d9b00000, 0x00000000d9c00000, 0x00000000d9c00000|100%| O|  |TAMS 0x00000000d9c00000, 0x00000000d9b00000| Updating 
| 412|0x00000000d9c00000, 0x00000000d9d00000, 0x00000000d9d00000|100%| O|  |TAMS 0x00000000d9d00000, 0x00000000d9c00000| Updating 
| 413|0x00000000d9d00000, 0x00000000d9d00000, 0x00000000d9e00000|  0%| F|  |TAMS 0x00000000d9d00000, 0x00000000d9d00000| Untracked 
| 414|0x00000000d9e00000, 0x00000000d9e00000, 0x00000000d9f00000|  0%| F|  |TAMS 0x00000000d9e00000, 0x00000000d9e00000| Untracked 
| 415|0x00000000d9f00000, 0x00000000da000000, 0x00000000da000000|100%| O|  |TAMS 0x00000000da000000, 0x00000000d9f00000| Updating 
| 416|0x00000000da000000, 0x00000000da100000, 0x00000000da100000|100%| O|  |TAMS 0x00000000da100000, 0x00000000da000000| Updating 
| 417|0x00000000da100000, 0x00000000da200000, 0x00000000da200000|100%| O|  |TAMS 0x00000000da200000, 0x00000000da100000| Updating 
| 418|0x00000000da200000, 0x00000000da300000, 0x00000000da300000|100%| O|  |TAMS 0x00000000da300000, 0x00000000da200000| Updating 
| 419|0x00000000da300000, 0x00000000da400000, 0x00000000da400000|100%|HS|  |TAMS 0x00000000da400000, 0x00000000da300000| Complete 
| 420|0x00000000da400000, 0x00000000da500000, 0x00000000da500000|100%|HC|  |TAMS 0x00000000da500000, 0x00000000da400000| Complete 
| 421|0x00000000da500000, 0x00000000da600000, 0x00000000da600000|100%| O|  |TAMS 0x00000000da600000, 0x00000000da500000| Updating 
| 422|0x00000000da600000, 0x00000000da700000, 0x00000000da700000|100%| O|  |TAMS 0x00000000da700000, 0x00000000da600000| Updating 
| 423|0x00000000da700000, 0x00000000da800000, 0x00000000da800000|100%| O|  |TAMS 0x00000000da800000, 0x00000000da700000| Updating 
| 424|0x00000000da800000, 0x00000000da900000, 0x00000000da900000|100%| O|  |TAMS 0x00000000da900000, 0x00000000da800000| Updating 
| 425|0x00000000da900000, 0x00000000daa00000, 0x00000000daa00000|100%| O|  |TAMS 0x00000000daa00000, 0x00000000da900000| Updating 
| 426|0x00000000daa00000, 0x00000000dab00000, 0x00000000dab00000|100%| O|  |TAMS 0x00000000dab00000, 0x00000000daa00000| Updating 
| 427|0x00000000dab00000, 0x00000000dac00000, 0x00000000dac00000|100%| O|  |TAMS 0x00000000dac00000, 0x00000000dab00000| Updating 
| 428|0x00000000dac00000, 0x00000000dad00000, 0x00000000dad00000|100%| O|  |TAMS 0x00000000dad00000, 0x00000000dac00000| Updating 
| 429|0x00000000dad00000, 0x00000000dae00000, 0x00000000dae00000|100%| O|  |TAMS 0x00000000dae00000, 0x00000000dad00000| Updating 
| 430|0x00000000dae00000, 0x00000000dae00000, 0x00000000daf00000|  0%| F|  |TAMS 0x00000000dae00000, 0x00000000dae00000| Untracked 
| 431|0x00000000daf00000, 0x00000000daf00000, 0x00000000db000000|  0%| F|  |TAMS 0x00000000daf00000, 0x00000000daf00000| Untracked 
| 432|0x00000000db000000, 0x00000000db000000, 0x00000000db100000|  0%| F|  |TAMS 0x00000000db000000, 0x00000000db000000| Untracked 
| 433|0x00000000db100000, 0x00000000db100000, 0x00000000db200000|  0%| F|  |TAMS 0x00000000db100000, 0x00000000db100000| Untracked 
| 434|0x00000000db200000, 0x00000000db300000, 0x00000000db300000|100%| O|  |TAMS 0x00000000db300000, 0x00000000db200000| Updating 
| 435|0x00000000db300000, 0x00000000db400000, 0x00000000db400000|100%| O|  |TAMS 0x00000000db400000, 0x00000000db300000| Updating 
| 436|0x00000000db400000, 0x00000000db500000, 0x00000000db500000|100%| O|  |TAMS 0x00000000db500000, 0x00000000db400000| Updating 
| 437|0x00000000db500000, 0x00000000db600000, 0x00000000db600000|100%| O|  |TAMS 0x00000000db600000, 0x00000000db500000| Updating 
| 438|0x00000000db600000, 0x00000000db700000, 0x00000000db700000|100%| O|  |TAMS 0x00000000db700000, 0x00000000db600000| Updating 
| 439|0x00000000db700000, 0x00000000db800000, 0x00000000db800000|100%| O|  |TAMS 0x00000000db800000, 0x00000000db700000| Updating 
| 440|0x00000000db800000, 0x00000000db900000, 0x00000000db900000|100%| O|  |TAMS 0x00000000db900000, 0x00000000db800000| Updating 
| 441|0x00000000db900000, 0x00000000dba00000, 0x00000000dba00000|100%|HS|  |TAMS 0x00000000dba00000, 0x00000000db900000| Complete 
| 442|0x00000000dba00000, 0x00000000dbb00000, 0x00000000dbb00000|100%|HC|  |TAMS 0x00000000dbb00000, 0x00000000dba00000| Complete 
| 443|0x00000000dbb00000, 0x00000000dbc00000, 0x00000000dbc00000|100%| O|  |TAMS 0x00000000dbc00000, 0x00000000dbb00000| Updating 
| 444|0x00000000dbc00000, 0x00000000dbd00000, 0x00000000dbd00000|100%| O|  |TAMS 0x00000000dbd00000, 0x00000000dbc00000| Updating 
| 445|0x00000000dbd00000, 0x00000000dbe00000, 0x00000000dbe00000|100%| O|  |TAMS 0x00000000dbe00000, 0x00000000dbd00000| Updating 
| 446|0x00000000dbe00000, 0x00000000dbf00000, 0x00000000dbf00000|100%| O|  |TAMS 0x00000000dbf00000, 0x00000000dbe00000| Updating 
| 447|0x00000000dbf00000, 0x00000000dc000000, 0x00000000dc000000|100%| O|  |TAMS 0x00000000dc000000, 0x00000000dbf00000| Updating 
| 448|0x00000000dc000000, 0x00000000dc100000, 0x00000000dc100000|100%| O|  |TAMS 0x00000000dc100000, 0x00000000dc000000| Updating 
| 449|0x00000000dc100000, 0x00000000dc200000, 0x00000000dc200000|100%| O|  |TAMS 0x00000000dc200000, 0x00000000dc100000| Updating 
| 450|0x00000000dc200000, 0x00000000dc300000, 0x00000000dc300000|100%| O|  |TAMS 0x00000000dc300000, 0x00000000dc200000| Updating 
| 451|0x00000000dc300000, 0x00000000dc400000, 0x00000000dc400000|100%| O|  |TAMS 0x00000000dc400000, 0x00000000dc300000| Updating 
| 452|0x00000000dc400000, 0x00000000dc500000, 0x00000000dc500000|100%| O|  |TAMS 0x00000000dc500000, 0x00000000dc400000| Updating 
| 453|0x00000000dc500000, 0x00000000dc600000, 0x00000000dc600000|100%| O|  |TAMS 0x00000000dc600000, 0x00000000dc500000| Updating 
| 454|0x00000000dc600000, 0x00000000dc700000, 0x00000000dc700000|100%| O|  |TAMS 0x00000000dc700000, 0x00000000dc600000| Updating 
| 455|0x00000000dc700000, 0x00000000dc800000, 0x00000000dc800000|100%| O|  |TAMS 0x00000000dc800000, 0x00000000dc700000| Updating 
| 456|0x00000000dc800000, 0x00000000dc900000, 0x00000000dc900000|100%| O|  |TAMS 0x00000000dc900000, 0x00000000dc800000| Updating 
| 457|0x00000000dc900000, 0x00000000dca00000, 0x00000000dca00000|100%| O|  |TAMS 0x00000000dca00000, 0x00000000dc900000| Updating 
| 458|0x00000000dca00000, 0x00000000dcb00000, 0x00000000dcb00000|100%| O|  |TAMS 0x00000000dcb00000, 0x00000000dca00000| Updating 
| 459|0x00000000dcb00000, 0x00000000dcc00000, 0x00000000dcc00000|100%| O|  |TAMS 0x00000000dcc00000, 0x00000000dcb00000| Updating 
| 460|0x00000000dcc00000, 0x00000000dcd00000, 0x00000000dcd00000|100%| O|  |TAMS 0x00000000dcd00000, 0x00000000dcc00000| Updating 
| 461|0x00000000dcd00000, 0x00000000dce00000, 0x00000000dce00000|100%| O|  |TAMS 0x00000000dce00000, 0x00000000dcd00000| Untracked 
| 462|0x00000000dce00000, 0x00000000dcf00000, 0x00000000dcf00000|100%| O|  |TAMS 0x00000000dcf00000, 0x00000000dce00000| Updating 
| 463|0x00000000dcf00000, 0x00000000dd000000, 0x00000000dd000000|100%| O|  |TAMS 0x00000000dd000000, 0x00000000dcf00000| Untracked 
| 464|0x00000000dd000000, 0x00000000dd100000, 0x00000000dd100000|100%| O|  |TAMS 0x00000000dd100000, 0x00000000dd000000| Untracked 
| 465|0x00000000dd100000, 0x00000000dd200000, 0x00000000dd200000|100%| O|  |TAMS 0x00000000dd200000, 0x00000000dd100000| Updating 
| 466|0x00000000dd200000, 0x00000000dd300000, 0x00000000dd300000|100%| O|  |TAMS 0x00000000dd300000, 0x00000000dd200000| Updating 
| 467|0x00000000dd300000, 0x00000000dd400000, 0x00000000dd400000|100%| O|  |TAMS 0x00000000dd400000, 0x00000000dd300000| Updating 
| 468|0x00000000dd400000, 0x00000000dd500000, 0x00000000dd500000|100%| O|  |TAMS 0x00000000dd500000, 0x00000000dd400000| Updating 
| 469|0x00000000dd500000, 0x00000000dd600000, 0x00000000dd600000|100%| O|  |TAMS 0x00000000dd600000, 0x00000000dd500000| Updating 
| 470|0x00000000dd600000, 0x00000000dd6d4e00, 0x00000000dd700000| 83%| O|  |TAMS 0x00000000dd6d4e00, 0x00000000dd600000| Updating 
| 471|0x00000000dd700000, 0x00000000dd700000, 0x00000000dd800000|  0%| F|  |TAMS 0x00000000dd700000, 0x00000000dd700000| Untracked 
| 472|0x00000000dd800000, 0x00000000dd800000, 0x00000000dd900000|  0%| F|  |TAMS 0x00000000dd800000, 0x00000000dd800000| Untracked 
| 473|0x00000000dd900000, 0x00000000dd900000, 0x00000000dda00000|  0%| F|  |TAMS 0x00000000dd900000, 0x00000000dd900000| Untracked 
| 474|0x00000000dda00000, 0x00000000dda00000, 0x00000000ddb00000|  0%| F|  |TAMS 0x00000000dda00000, 0x00000000dda00000| Untracked 
| 475|0x00000000ddb00000, 0x00000000ddb00000, 0x00000000ddc00000|  0%| F|  |TAMS 0x00000000ddb00000, 0x00000000ddb00000| Untracked 
| 476|0x00000000ddc00000, 0x00000000ddc00000, 0x00000000ddd00000|  0%| F|  |TAMS 0x00000000ddc00000, 0x00000000ddc00000| Untracked 
| 477|0x00000000ddd00000, 0x00000000ddd00000, 0x00000000dde00000|  0%| F|  |TAMS 0x00000000ddd00000, 0x00000000ddd00000| Untracked 
| 478|0x00000000dde00000, 0x00000000dde00000, 0x00000000ddf00000|  0%| F|  |TAMS 0x00000000dde00000, 0x00000000dde00000| Untracked 
| 479|0x00000000ddf00000, 0x00000000ddf00000, 0x00000000de000000|  0%| F|  |TAMS 0x00000000ddf00000, 0x00000000ddf00000| Untracked 
| 480|0x00000000de000000, 0x00000000de000000, 0x00000000de100000|  0%| F|  |TAMS 0x00000000de000000, 0x00000000de000000| Untracked 
| 481|0x00000000de100000, 0x00000000de100000, 0x00000000de200000|  0%| F|  |TAMS 0x00000000de100000, 0x00000000de100000| Untracked 
| 482|0x00000000de200000, 0x00000000de200000, 0x00000000de300000|  0%| F|  |TAMS 0x00000000de200000, 0x00000000de200000| Untracked 
| 483|0x00000000de300000, 0x00000000de300000, 0x00000000de400000|  0%| F|  |TAMS 0x00000000de300000, 0x00000000de300000| Untracked 
| 484|0x00000000de400000, 0x00000000de400000, 0x00000000de500000|  0%| F|  |TAMS 0x00000000de400000, 0x00000000de400000| Untracked 
| 485|0x00000000de500000, 0x00000000de500000, 0x00000000de600000|  0%| F|  |TAMS 0x00000000de500000, 0x00000000de500000| Untracked 
| 486|0x00000000de600000, 0x00000000de600000, 0x00000000de700000|  0%| F|  |TAMS 0x00000000de600000, 0x00000000de600000| Untracked 
| 487|0x00000000de700000, 0x00000000de700000, 0x00000000de800000|  0%| F|  |TAMS 0x00000000de700000, 0x00000000de700000| Untracked 
| 488|0x00000000de800000, 0x00000000de800000, 0x00000000de900000|  0%| F|  |TAMS 0x00000000de800000, 0x00000000de800000| Untracked 
| 489|0x00000000de900000, 0x00000000de900000, 0x00000000dea00000|  0%| F|  |TAMS 0x00000000de900000, 0x00000000de900000| Untracked 
| 490|0x00000000dea00000, 0x00000000dea00000, 0x00000000deb00000|  0%| F|  |TAMS 0x00000000dea00000, 0x00000000dea00000| Untracked 
| 491|0x00000000deb00000, 0x00000000deb00000, 0x00000000dec00000|  0%| F|  |TAMS 0x00000000deb00000, 0x00000000deb00000| Untracked 
| 492|0x00000000dec00000, 0x00000000dec00000, 0x00000000ded00000|  0%| F|  |TAMS 0x00000000dec00000, 0x00000000dec00000| Untracked 
| 493|0x00000000ded00000, 0x00000000ded00000, 0x00000000dee00000|  0%| F|  |TAMS 0x00000000ded00000, 0x00000000ded00000| Untracked 
| 494|0x00000000dee00000, 0x00000000dee00000, 0x00000000def00000|  0%| F|  |TAMS 0x00000000dee00000, 0x00000000dee00000| Untracked 
| 495|0x00000000def00000, 0x00000000def00000, 0x00000000df000000|  0%| F|  |TAMS 0x00000000def00000, 0x00000000def00000| Untracked 
| 496|0x00000000df000000, 0x00000000df000000, 0x00000000df100000|  0%| F|  |TAMS 0x00000000df000000, 0x00000000df000000| Untracked 
| 497|0x00000000df100000, 0x00000000df100000, 0x00000000df200000|  0%| F|  |TAMS 0x00000000df100000, 0x00000000df100000| Untracked 
| 498|0x00000000df200000, 0x00000000df200000, 0x00000000df300000|  0%| F|  |TAMS 0x00000000df200000, 0x00000000df200000| Untracked 
| 499|0x00000000df300000, 0x00000000df300000, 0x00000000df400000|  0%| F|  |TAMS 0x00000000df300000, 0x00000000df300000| Untracked 
| 500|0x00000000df400000, 0x00000000df400000, 0x00000000df500000|  0%| F|  |TAMS 0x00000000df400000, 0x00000000df400000| Untracked 
| 501|0x00000000df500000, 0x00000000df500000, 0x00000000df600000|  0%| F|  |TAMS 0x00000000df500000, 0x00000000df500000| Untracked 
| 502|0x00000000df600000, 0x00000000df600000, 0x00000000df700000|  0%| F|  |TAMS 0x00000000df600000, 0x00000000df600000| Untracked 
| 503|0x00000000df700000, 0x00000000df700000, 0x00000000df800000|  0%| F|  |TAMS 0x00000000df700000, 0x00000000df700000| Untracked 
| 504|0x00000000df800000, 0x00000000df800000, 0x00000000df900000|  0%| F|  |TAMS 0x00000000df800000, 0x00000000df800000| Untracked 
| 505|0x00000000df900000, 0x00000000df900000, 0x00000000dfa00000|  0%| F|  |TAMS 0x00000000df900000, 0x00000000df900000| Untracked 
| 506|0x00000000dfa00000, 0x00000000dfa00000, 0x00000000dfb00000|  0%| F|  |TAMS 0x00000000dfa00000, 0x00000000dfa00000| Untracked 
| 507|0x00000000dfb00000, 0x00000000dfb00000, 0x00000000dfc00000|  0%| F|  |TAMS 0x00000000dfb00000, 0x00000000dfb00000| Untracked 
| 508|0x00000000dfc00000, 0x00000000dfc00000, 0x00000000dfd00000|  0%| F|  |TAMS 0x00000000dfc00000, 0x00000000dfc00000| Untracked 
| 509|0x00000000dfd00000, 0x00000000dfd00000, 0x00000000dfe00000|  0%| F|  |TAMS 0x00000000dfd00000, 0x00000000dfd00000| Untracked 
| 510|0x00000000dfe00000, 0x00000000dfe00000, 0x00000000dff00000|  0%| F|  |TAMS 0x00000000dfe00000, 0x00000000dfe00000| Untracked 
| 511|0x00000000dff00000, 0x00000000dff00000, 0x00000000e0000000|  0%| F|  |TAMS 0x00000000dff00000, 0x00000000dff00000| Untracked 
| 512|0x00000000e0000000, 0x00000000e0000000, 0x00000000e0100000|  0%| F|  |TAMS 0x00000000e0000000, 0x00000000e0000000| Untracked 
| 513|0x00000000e0100000, 0x00000000e0100000, 0x00000000e0200000|  0%| F|  |TAMS 0x00000000e0100000, 0x00000000e0100000| Untracked 
| 514|0x00000000e0200000, 0x00000000e0200000, 0x00000000e0300000|  0%| F|  |TAMS 0x00000000e0200000, 0x00000000e0200000| Untracked 
| 515|0x00000000e0300000, 0x00000000e0300000, 0x00000000e0400000|  0%| F|  |TAMS 0x00000000e0300000, 0x00000000e0300000| Untracked 
| 516|0x00000000e0400000, 0x00000000e0400000, 0x00000000e0500000|  0%| F|  |TAMS 0x00000000e0400000, 0x00000000e0400000| Untracked 
| 517|0x00000000e0500000, 0x00000000e0500000, 0x00000000e0600000|  0%| F|  |TAMS 0x00000000e0500000, 0x00000000e0500000| Untracked 
| 518|0x00000000e0600000, 0x00000000e0600000, 0x00000000e0700000|  0%| F|  |TAMS 0x00000000e0600000, 0x00000000e0600000| Untracked 
| 519|0x00000000e0700000, 0x00000000e0700000, 0x00000000e0800000|  0%| F|  |TAMS 0x00000000e0700000, 0x00000000e0700000| Untracked 
| 520|0x00000000e0800000, 0x00000000e0800000, 0x00000000e0900000|  0%| F|  |TAMS 0x00000000e0800000, 0x00000000e0800000| Untracked 
| 521|0x00000000e0900000, 0x00000000e0900000, 0x00000000e0a00000|  0%| F|  |TAMS 0x00000000e0900000, 0x00000000e0900000| Untracked 
| 522|0x00000000e0a00000, 0x00000000e0a00000, 0x00000000e0b00000|  0%| F|  |TAMS 0x00000000e0a00000, 0x00000000e0a00000| Untracked 
| 523|0x00000000e0b00000, 0x00000000e0b00000, 0x00000000e0c00000|  0%| F|  |TAMS 0x00000000e0b00000, 0x00000000e0b00000| Untracked 
| 524|0x00000000e0c00000, 0x00000000e0c00000, 0x00000000e0d00000|  0%| F|  |TAMS 0x00000000e0c00000, 0x00000000e0c00000| Untracked 
| 525|0x00000000e0d00000, 0x00000000e0d00000, 0x00000000e0e00000|  0%| F|  |TAMS 0x00000000e0d00000, 0x00000000e0d00000| Untracked 
| 526|0x00000000e0e00000, 0x00000000e0e00000, 0x00000000e0f00000|  0%| F|  |TAMS 0x00000000e0e00000, 0x00000000e0e00000| Untracked 
| 527|0x00000000e0f00000, 0x00000000e0f00000, 0x00000000e1000000|  0%| F|  |TAMS 0x00000000e0f00000, 0x00000000e0f00000| Untracked 
| 528|0x00000000e1000000, 0x00000000e1000000, 0x00000000e1100000|  0%| F|  |TAMS 0x00000000e1000000, 0x00000000e1000000| Untracked 
| 529|0x00000000e1100000, 0x00000000e1100000, 0x00000000e1200000|  0%| F|  |TAMS 0x00000000e1100000, 0x00000000e1100000| Untracked 
| 530|0x00000000e1200000, 0x00000000e1200000, 0x00000000e1300000|  0%| F|  |TAMS 0x00000000e1200000, 0x00000000e1200000| Untracked 
| 531|0x00000000e1300000, 0x00000000e1300000, 0x00000000e1400000|  0%| F|  |TAMS 0x00000000e1300000, 0x00000000e1300000| Untracked 
| 532|0x00000000e1400000, 0x00000000e1400000, 0x00000000e1500000|  0%| F|  |TAMS 0x00000000e1400000, 0x00000000e1400000| Untracked 
| 533|0x00000000e1500000, 0x00000000e1500000, 0x00000000e1600000|  0%| F|  |TAMS 0x00000000e1500000, 0x00000000e1500000| Untracked 
| 534|0x00000000e1600000, 0x00000000e1600000, 0x00000000e1700000|  0%| F|  |TAMS 0x00000000e1600000, 0x00000000e1600000| Untracked 
| 535|0x00000000e1700000, 0x00000000e1700000, 0x00000000e1800000|  0%| F|  |TAMS 0x00000000e1700000, 0x00000000e1700000| Untracked 
| 536|0x00000000e1800000, 0x00000000e1800000, 0x00000000e1900000|  0%| F|  |TAMS 0x00000000e1800000, 0x00000000e1800000| Untracked 
| 537|0x00000000e1900000, 0x00000000e19e9a48, 0x00000000e1a00000| 91%| S|CS|TAMS 0x00000000e1900000, 0x00000000e1900000| Complete 
| 538|0x00000000e1a00000, 0x00000000e1a00000, 0x00000000e1b00000|  0%| F|  |TAMS 0x00000000e1a00000, 0x00000000e1a00000| Untracked 
| 539|0x00000000e1b00000, 0x00000000e1b00000, 0x00000000e1c00000|  0%| F|  |TAMS 0x00000000e1b00000, 0x00000000e1b00000| Untracked 
| 540|0x00000000e1c00000, 0x00000000e1c00000, 0x00000000e1d00000|  0%| F|  |TAMS 0x00000000e1c00000, 0x00000000e1c00000| Untracked 
| 541|0x00000000e1d00000, 0x00000000e1d00000, 0x00000000e1e00000|  0%| F|  |TAMS 0x00000000e1d00000, 0x00000000e1d00000| Untracked 
| 542|0x00000000e1e00000, 0x00000000e1e00000, 0x00000000e1f00000|  0%| F|  |TAMS 0x00000000e1e00000, 0x00000000e1e00000| Untracked 
| 543|0x00000000e1f00000, 0x00000000e1f00000, 0x00000000e2000000|  0%| F|  |TAMS 0x00000000e1f00000, 0x00000000e1f00000| Untracked 
| 544|0x00000000e2000000, 0x00000000e2000000, 0x00000000e2100000|  0%| F|  |TAMS 0x00000000e2000000, 0x00000000e2000000| Untracked 
| 545|0x00000000e2100000, 0x00000000e2100000, 0x00000000e2200000|  0%| F|  |TAMS 0x00000000e2100000, 0x00000000e2100000| Untracked 
| 546|0x00000000e2200000, 0x00000000e2200000, 0x00000000e2300000|  0%| F|  |TAMS 0x00000000e2200000, 0x00000000e2200000| Untracked 
| 547|0x00000000e2300000, 0x00000000e2300000, 0x00000000e2400000|  0%| F|  |TAMS 0x00000000e2300000, 0x00000000e2300000| Untracked 
| 548|0x00000000e2400000, 0x00000000e2400000, 0x00000000e2500000|  0%| F|  |TAMS 0x00000000e2400000, 0x00000000e2400000| Untracked 
| 549|0x00000000e2500000, 0x00000000e2500000, 0x00000000e2600000|  0%| F|  |TAMS 0x00000000e2500000, 0x00000000e2500000| Untracked 
| 550|0x00000000e2600000, 0x00000000e2600000, 0x00000000e2700000|  0%| F|  |TAMS 0x00000000e2600000, 0x00000000e2600000| Untracked 
| 551|0x00000000e2700000, 0x00000000e2700000, 0x00000000e2800000|  0%| F|  |TAMS 0x00000000e2700000, 0x00000000e2700000| Untracked 
| 552|0x00000000e2800000, 0x00000000e2800000, 0x00000000e2900000|  0%| F|  |TAMS 0x00000000e2800000, 0x00000000e2800000| Untracked 
| 553|0x00000000e2900000, 0x00000000e2900000, 0x00000000e2a00000|  0%| F|  |TAMS 0x00000000e2900000, 0x00000000e2900000| Untracked 
| 554|0x00000000e2a00000, 0x00000000e2a00000, 0x00000000e2b00000|  0%| F|  |TAMS 0x00000000e2a00000, 0x00000000e2a00000| Untracked 
| 555|0x00000000e2b00000, 0x00000000e2b00000, 0x00000000e2c00000|  0%| F|  |TAMS 0x00000000e2b00000, 0x00000000e2b00000| Untracked 
| 556|0x00000000e2c00000, 0x00000000e2c00000, 0x00000000e2d00000|  0%| F|  |TAMS 0x00000000e2c00000, 0x00000000e2c00000| Untracked 
| 557|0x00000000e2d00000, 0x00000000e2d00000, 0x00000000e2e00000|  0%| F|  |TAMS 0x00000000e2d00000, 0x00000000e2d00000| Untracked 
| 558|0x00000000e2e00000, 0x00000000e2e00000, 0x00000000e2f00000|  0%| F|  |TAMS 0x00000000e2e00000, 0x00000000e2e00000| Untracked 
| 559|0x00000000e2f00000, 0x00000000e2f00000, 0x00000000e3000000|  0%| F|  |TAMS 0x00000000e2f00000, 0x00000000e2f00000| Untracked 
| 560|0x00000000e3000000, 0x00000000e3000000, 0x00000000e3100000|  0%| F|  |TAMS 0x00000000e3000000, 0x00000000e3000000| Untracked 
| 561|0x00000000e3100000, 0x00000000e3100000, 0x00000000e3200000|  0%| F|  |TAMS 0x00000000e3100000, 0x00000000e3100000| Untracked 
| 562|0x00000000e3200000, 0x00000000e3200000, 0x00000000e3300000|  0%| F|  |TAMS 0x00000000e3200000, 0x00000000e3200000| Untracked 
| 563|0x00000000e3300000, 0x00000000e3300000, 0x00000000e3400000|  0%| F|  |TAMS 0x00000000e3300000, 0x00000000e3300000| Untracked 
| 564|0x00000000e3400000, 0x00000000e3400000, 0x00000000e3500000|  0%| F|  |TAMS 0x00000000e3400000, 0x00000000e3400000| Untracked 
| 565|0x00000000e3500000, 0x00000000e3500000, 0x00000000e3600000|  0%| F|  |TAMS 0x00000000e3500000, 0x00000000e3500000| Untracked 
| 566|0x00000000e3600000, 0x00000000e3600000, 0x00000000e3700000|  0%| F|  |TAMS 0x00000000e3600000, 0x00000000e3600000| Untracked 
| 567|0x00000000e3700000, 0x00000000e3700000, 0x00000000e3800000|  0%| F|  |TAMS 0x00000000e3700000, 0x00000000e3700000| Untracked 
| 568|0x00000000e3800000, 0x00000000e3800000, 0x00000000e3900000|  0%| F|  |TAMS 0x00000000e3800000, 0x00000000e3800000| Untracked 
| 569|0x00000000e3900000, 0x00000000e3900000, 0x00000000e3a00000|  0%| F|  |TAMS 0x00000000e3900000, 0x00000000e3900000| Untracked 
| 570|0x00000000e3a00000, 0x00000000e3a00000, 0x00000000e3b00000|  0%| F|  |TAMS 0x00000000e3a00000, 0x00000000e3a00000| Untracked 
| 571|0x00000000e3b00000, 0x00000000e3b00000, 0x00000000e3c00000|  0%| F|  |TAMS 0x00000000e3b00000, 0x00000000e3b00000| Untracked 
| 572|0x00000000e3c00000, 0x00000000e3c00000, 0x00000000e3d00000|  0%| F|  |TAMS 0x00000000e3c00000, 0x00000000e3c00000| Untracked 
| 573|0x00000000e3d00000, 0x00000000e3d00000, 0x00000000e3e00000|  0%| F|  |TAMS 0x00000000e3d00000, 0x00000000e3d00000| Untracked 
| 574|0x00000000e3e00000, 0x00000000e3e00000, 0x00000000e3f00000|  0%| F|  |TAMS 0x00000000e3e00000, 0x00000000e3e00000| Untracked 
| 575|0x00000000e3f00000, 0x00000000e3f00000, 0x00000000e4000000|  0%| F|  |TAMS 0x00000000e3f00000, 0x00000000e3f00000| Untracked 
| 576|0x00000000e4000000, 0x00000000e4000000, 0x00000000e4100000|  0%| F|  |TAMS 0x00000000e4000000, 0x00000000e4000000| Untracked 
| 577|0x00000000e4100000, 0x00000000e4100000, 0x00000000e4200000|  0%| F|  |TAMS 0x00000000e4100000, 0x00000000e4100000| Untracked 
| 578|0x00000000e4200000, 0x00000000e4200000, 0x00000000e4300000|  0%| F|  |TAMS 0x00000000e4200000, 0x00000000e4200000| Untracked 
| 579|0x00000000e4300000, 0x00000000e4300000, 0x00000000e4400000|  0%| F|  |TAMS 0x00000000e4300000, 0x00000000e4300000| Untracked 
| 580|0x00000000e4400000, 0x00000000e4400000, 0x00000000e4500000|  0%| F|  |TAMS 0x00000000e4400000, 0x00000000e4400000| Untracked 
| 581|0x00000000e4500000, 0x00000000e4500000, 0x00000000e4600000|  0%| F|  |TAMS 0x00000000e4500000, 0x00000000e4500000| Untracked 
| 582|0x00000000e4600000, 0x00000000e4600000, 0x00000000e4700000|  0%| F|  |TAMS 0x00000000e4600000, 0x00000000e4600000| Untracked 
| 583|0x00000000e4700000, 0x00000000e4700000, 0x00000000e4800000|  0%| F|  |TAMS 0x00000000e4700000, 0x00000000e4700000| Untracked 
| 584|0x00000000e4800000, 0x00000000e4900000, 0x00000000e4900000|100%| E|  |TAMS 0x00000000e4800000, 0x00000000e4800000| Complete 
| 585|0x00000000e4900000, 0x00000000e4a00000, 0x00000000e4a00000|100%| E|CS|TAMS 0x00000000e4900000, 0x00000000e4900000| Complete 
| 586|0x00000000e4a00000, 0x00000000e4b00000, 0x00000000e4b00000|100%| E|CS|TAMS 0x00000000e4a00000, 0x00000000e4a00000| Complete 
| 587|0x00000000e4b00000, 0x00000000e4c00000, 0x00000000e4c00000|100%| E|CS|TAMS 0x00000000e4b00000, 0x00000000e4b00000| Complete 
| 588|0x00000000e4c00000, 0x00000000e4d00000, 0x00000000e4d00000|100%| E|CS|TAMS 0x00000000e4c00000, 0x00000000e4c00000| Complete 
| 589|0x00000000e4d00000, 0x00000000e4e00000, 0x00000000e4e00000|100%| E|CS|TAMS 0x00000000e4d00000, 0x00000000e4d00000| Complete 
| 590|0x00000000e4e00000, 0x00000000e4f00000, 0x00000000e4f00000|100%| E|CS|TAMS 0x00000000e4e00000, 0x00000000e4e00000| Complete 
| 591|0x00000000e4f00000, 0x00000000e5000000, 0x00000000e5000000|100%| E|CS|TAMS 0x00000000e4f00000, 0x00000000e4f00000| Complete 
| 592|0x00000000e5000000, 0x00000000e5100000, 0x00000000e5100000|100%| E|CS|TAMS 0x00000000e5000000, 0x00000000e5000000| Complete 
| 593|0x00000000e5100000, 0x00000000e5200000, 0x00000000e5200000|100%| E|CS|TAMS 0x00000000e5100000, 0x00000000e5100000| Complete 
| 594|0x00000000e5200000, 0x00000000e5300000, 0x00000000e5300000|100%| E|CS|TAMS 0x00000000e5200000, 0x00000000e5200000| Complete 
| 595|0x00000000e5300000, 0x00000000e5400000, 0x00000000e5400000|100%| E|CS|TAMS 0x00000000e5300000, 0x00000000e5300000| Complete 
| 596|0x00000000e5400000, 0x00000000e5500000, 0x00000000e5500000|100%| E|CS|TAMS 0x00000000e5400000, 0x00000000e5400000| Complete 

Card table byte_map: [0x00000132a5f80000,0x00000132a6180000] _byte_map_base: 0x00000132a5980000

Marking Bits (Prev, Next): (CMBitMap*) 0x000001328d8f9d20, (CMBitMap*) 0x000001328d8f9d60
 Prev Bits: [0x00000132a6380000, 0x00000132a7380000)
 Next Bits: [0x00000132a7380000, 0x00000132a8380000)

Polling page: 0x000001328d990000

Metaspace:

Usage:
  Non-class:    140.36 MB used.
      Class:     21.03 MB used.
       Both:    161.39 MB used.

Virtual space:
  Non-class space:      192.00 MB reserved,     142.44 MB ( 74%) committed,  3 nodes.
      Class space:      416.00 MB reserved,      22.31 MB (  5%) committed,  1 nodes.
             Both:      608.00 MB reserved,     164.75 MB ( 27%) committed. 

Chunk freelists:
   Non-Class:  18.47 MB
       Class:  10.15 MB
        Both:  28.63 MB

MaxMetaspaceSize: 512.00 MB
CompressedClassSpaceSize: 416.00 MB
Initial GC threshold: 21.00 MB
Current GC threshold: 241.81 MB
CDS: on
MetaspaceReclaimPolicy: balanced
 - commit_granule_bytes: 65536.
 - commit_granule_words: 8192.
 - virtual_space_node_default_size: 8388608.
 - enlarge_chunks_in_place: 1.
 - new_chunks_are_fully_committed: 0.
 - uncommit_free_chunks: 1.
 - use_allocation_guard: 0.
 - handle_deallocations: 1.


Internal statistics:

num_allocs_failed_limit: 15.
num_arena_births: 2908.
num_arena_deaths: 742.
num_vsnodes_births: 4.
num_vsnodes_deaths: 0.
num_space_committed: 2675.
num_space_uncommitted: 41.
num_chunks_returned_to_freelist: 1258.
num_chunks_taken_from_freelist: 10948.
num_chunk_merges: 379.
num_chunk_splits: 6863.
num_chunks_enlarged: 4201.
num_inconsistent_stats: 0.

CodeHeap 'non-profiled nmethods': size=120064Kb used=24453Kb max_used=24453Kb free=95610Kb
 bounds [0x000001329e440000, 0x000001329fc30000, 0x00000132a5980000]
CodeHeap 'profiled nmethods': size=120000Kb used=59752Kb max_used=59874Kb free=60247Kb
 bounds [0x0000013296980000, 0x000001329a450000, 0x000001329deb0000]
CodeHeap 'non-nmethods': size=5696Kb used=2537Kb max_used=2590Kb free=3158Kb
 bounds [0x000001329deb0000, 0x000001329e150000, 0x000001329e440000]
 total_blobs=29761 nmethods=28666 adapters=1005
 compilation: enabled
              stopped_count=0, restarted_count=0
 full_count=0

Compilation events (20 events):
Event: 1601.054 Thread 0x00000132aa78b440 nmethod 36956 0x000001329fc0e810 code [0x000001329fc0e980, 0x000001329fc0eab8]
Event: 1601.054 Thread 0x00000132aa78b440 36955       4       com.android.tools.r8.internal.UA::e (4 bytes)
Event: 1601.054 Thread 0x00000132aa78b440 nmethod 36955 0x000001329fc0eb10 code [0x000001329fc0ec80, 0x000001329fc0ecf8]
Event: 1601.054 Thread 0x00000132aa78b440 36928       4       com.android.tools.r8.internal.Ob::D (2 bytes)
Event: 1601.054 Thread 0x00000132aa78b440 nmethod 36928 0x000001329fc0ee10 code [0x000001329fc0ef80, 0x000001329fc0eff8]
Event: 1601.148 Thread 0x00000132aa78b440 36981       4       com.android.tools.r8.internal.Ad::equals (62 bytes)
Event: 1601.154 Thread 0x00000132aa78b440 nmethod 36981 0x000001329fc0f110 code [0x000001329fc0f2c0, 0x000001329fc0f568]
Event: 1601.620 Thread 0x00000132aa78b440 36982       4       com.android.tools.r8.internal.H5::a (365 bytes)
Event: 1601.887 Thread 0x00000132aa7ce960 36995       2       com.android.tools.r8.internal.s9::a (1719 bytes)
Event: 1601.903 Thread 0x00000132aa7ce960 nmethod 36995 0x000001329a131f90 code [0x000001329a1329c0, 0x000001329a136f68]
Event: 1602.485 Thread 0x00000132aa78b440 nmethod 36982 0x000001329fc0f790 code [0x000001329fc0fc80, 0x000001329fc15ff8]
Event: 1602.486 Thread 0x00000132aa78b440 36987       4       java.util.HashMap$HashIterator::<init> (79 bytes)
Event: 1602.505 Thread 0x00000132aa78b440 nmethod 36987 0x000001329fc1e890 code [0x000001329fc1ea20, 0x000001329fc1ed98]
Event: 1602.505 Thread 0x00000132aa78b440 36985       4       java.util.HashMap::containsKey (14 bytes)
Event: 1602.623 Thread 0x00000132aa78b440 nmethod 36985 0x000001329fc1ef10 code [0x000001329fc1f120, 0x000001329fc20388]
Event: 1602.634 Thread 0x00000132aa78b440 36990       4       com.android.tools.r8.internal.Bx::a (87 bytes)
Event: 1602.653 Thread 0x00000132aa7ce960 36998       3       com.android.tools.r8.internal.Xu0::T (58 bytes)
Event: 1602.658 Thread 0x00000132aa7ce960 nmethod 36998 0x000001329a003e90 code [0x000001329a004080, 0x000001329a0046d8]
Event: 1602.659 Thread 0x00000132aa78b440 nmethod 36990 0x000001329fc21110 code [0x000001329fc212a0, 0x000001329fc21558]
Event: 1602.659 Thread 0x00000132aa78b440 36996       4       com.android.tools.r8.internal.Mn::a (1063 bytes)

GC Heap History (20 events):
Event: 1548.828 GC heap before
{Heap before GC invocations=108 (full 0):
 garbage-first heap   total 611328K, used 529857K [0x00000000c0000000, 0x0000000100000000)
  region size 1024K, 54 young (55296K), 2 survivors (2048K)
 Metaspace       used 164949K, committed 166976K, reserved 622592K
  class space    used 21490K, committed 22464K, reserved 425984K
}
Event: 1548.849 GC heap after
{Heap after GC invocations=109 (full 0):
 garbage-first heap   total 611328K, used 477155K [0x00000000c0000000, 0x0000000100000000)
  region size 1024K, 2 young (2048K), 2 survivors (2048K)
 Metaspace       used 164949K, committed 166976K, reserved 622592K
  class space    used 21490K, committed 22464K, reserved 425984K
}
Event: 1556.260 GC heap before
{Heap before GC invocations=109 (full 0):
 garbage-first heap   total 611328K, used 533475K [0x00000000c0000000, 0x0000000100000000)
  region size 1024K, 57 young (58368K), 2 survivors (2048K)
 Metaspace       used 165586K, committed 167552K, reserved 622592K
  class space    used 21527K, committed 22464K, reserved 425984K
}
Event: 1556.321 GC heap after
{Heap after GC invocations=110 (full 0):
 garbage-first heap   total 611328K, used 477184K [0x00000000c0000000, 0x0000000100000000)
  region size 1024K, 2 young (2048K), 2 survivors (2048K)
 Metaspace       used 165586K, committed 167552K, reserved 622592K
  class space    used 21527K, committed 22464K, reserved 425984K
}
Event: 1559.160 GC heap before
{Heap before GC invocations=110 (full 0):
 garbage-first heap   total 611328K, used 536576K [0x00000000c0000000, 0x0000000100000000)
  region size 1024K, 60 young (61440K), 2 survivors (2048K)
 Metaspace       used 165852K, committed 167808K, reserved 622592K
  class space    used 21547K, committed 22464K, reserved 425984K
}
Event: 1559.250 GC heap after
{Heap after GC invocations=111 (full 0):
 garbage-first heap   total 611328K, used 477373K [0x00000000c0000000, 0x0000000100000000)
  region size 1024K, 3 young (3072K), 3 survivors (3072K)
 Metaspace       used 165852K, committed 167808K, reserved 622592K
  class space    used 21547K, committed 22464K, reserved 425984K
}
Event: 1567.419 GC heap before
{Heap before GC invocations=111 (full 0):
 garbage-first heap   total 611328K, used 537789K [0x00000000c0000000, 0x0000000100000000)
  region size 1024K, 62 young (63488K), 3 survivors (3072K)
 Metaspace       used 167808K, committed 169856K, reserved 622592K
  class space    used 21828K, committed 22784K, reserved 425984K
}
Event: 1567.532 GC heap after
{Heap after GC invocations=112 (full 0):
 garbage-first heap   total 611328K, used 479097K [0x00000000c0000000, 0x0000000100000000)
  region size 1024K, 4 young (4096K), 4 survivors (4096K)
 Metaspace       used 167808K, committed 169856K, reserved 622592K
  class space    used 21828K, committed 22784K, reserved 425984K
}
Event: 1581.861 GC heap before
{Heap before GC invocations=112 (full 0):
 garbage-first heap   total 611328K, used 539513K [0x00000000c0000000, 0x0000000100000000)
  region size 1024K, 63 young (64512K), 4 survivors (4096K)
 Metaspace       used 168202K, committed 170240K, reserved 622592K
  class space    used 21872K, committed 22848K, reserved 425984K
}
Event: 1582.125 GC heap after
{Heap after GC invocations=113 (full 0):
 garbage-first heap   total 611328K, used 479893K [0x00000000c0000000, 0x0000000100000000)
  region size 1024K, 5 young (5120K), 5 survivors (5120K)
 Metaspace       used 168202K, committed 170240K, reserved 622592K
  class space    used 21872K, committed 22848K, reserved 425984K
}
Event: 1589.734 GC heap before
{Heap before GC invocations=113 (full 0):
 garbage-first heap   total 611328K, used 540309K [0x00000000c0000000, 0x0000000100000000)
  region size 1024K, 64 young (65536K), 5 survivors (5120K)
 Metaspace       used 168348K, committed 170432K, reserved 622592K
  class space    used 21880K, committed 22848K, reserved 425984K
}
Event: 1590.080 GC heap after
{Heap after GC invocations=114 (full 0):
 garbage-first heap   total 611328K, used 478934K [0x00000000c0000000, 0x0000000100000000)
  region size 1024K, 3 young (3072K), 3 survivors (3072K)
 Metaspace       used 168348K, committed 170432K, reserved 622592K
  class space    used 21880K, committed 22848K, reserved 425984K
}
Event: 1594.580 GC heap before
{Heap before GC invocations=114 (full 0):
 garbage-first heap   total 611328K, used 537302K [0x00000000c0000000, 0x0000000100000000)
  region size 1024K, 60 young (61440K), 3 survivors (3072K)
 Metaspace       used 168502K, committed 170560K, reserved 622592K
  class space    used 21883K, committed 22848K, reserved 425984K
}
Event: 1594.673 GC heap after
{Heap after GC invocations=115 (full 0):
 garbage-first heap   total 611328K, used 483091K [0x00000000c0000000, 0x0000000100000000)
  region size 1024K, 7 young (7168K), 7 survivors (7168K)
 Metaspace       used 168502K, committed 170560K, reserved 622592K
  class space    used 21883K, committed 22848K, reserved 425984K
}
Event: 1595.527 GC heap before
{Heap before GC invocations=115 (full 0):
 garbage-first heap   total 611328K, used 517907K [0x00000000c0000000, 0x0000000100000000)
  region size 1024K, 41 young (41984K), 7 survivors (7168K)
 Metaspace       used 168544K, committed 170624K, reserved 622592K
  class space    used 21883K, committed 22848K, reserved 425984K
}
Event: 1595.596 GC heap after
{Heap after GC invocations=116 (full 0):
 garbage-first heap   total 611328K, used 483155K [0x00000000c0000000, 0x0000000100000000)
  region size 1024K, 1 young (1024K), 1 survivors (1024K)
 Metaspace       used 168544K, committed 170624K, reserved 622592K
  class space    used 21883K, committed 22848K, reserved 425984K
}
Event: 1596.583 GC heap before
{Heap before GC invocations=116 (full 0):
 garbage-first heap   total 611328K, used 540499K [0x00000000c0000000, 0x0000000100000000)
  region size 1024K, 57 young (58368K), 1 survivors (1024K)
 Metaspace       used 168559K, committed 170624K, reserved 622592K
  class space    used 21884K, committed 22848K, reserved 425984K
}
Event: 1596.590 GC heap after
{Heap after GC invocations=117 (full 0):
 garbage-first heap   total 611328K, used 482924K [0x00000000c0000000, 0x0000000100000000)
  region size 1024K, 1 young (1024K), 1 survivors (1024K)
 Metaspace       used 168559K, committed 170624K, reserved 622592K
  class space    used 21884K, committed 22848K, reserved 425984K
}
Event: 1597.613 GC heap before
{Heap before GC invocations=117 (full 0):
 garbage-first heap   total 611328K, used 542316K [0x00000000c0000000, 0x0000000100000000)
  region size 1024K, 59 young (60416K), 1 survivors (1024K)
 Metaspace       used 168569K, committed 170624K, reserved 622592K
  class space    used 21884K, committed 22848K, reserved 425984K
}
Event: 1597.654 GC heap after
{Heap after GC invocations=118 (full 0):
 garbage-first heap   total 611328K, used 483066K [0x00000000c0000000, 0x0000000100000000)
  region size 1024K, 1 young (1024K), 1 survivors (1024K)
 Metaspace       used 168569K, committed 170624K, reserved 622592K
  class space    used 21884K, committed 22848K, reserved 425984K
}

Deoptimization events (20 events):
Event: 1596.578 Thread 0x00000132d70bd780 DEOPT PACKING pc=0x000001329a3c8b4b sp=0x0000002863af8de0
Event: 1596.578 Thread 0x00000132d70bd780 DEOPT UNPACKING pc=0x000001329df02b24 sp=0x0000002863af83e0 mode 0
Event: 1596.597 Thread 0x00000132d70bd780 Uncommon trap: trap_request=0xffffff45 fr.pc=0x000001329fb93c38 relative=0x0000000000006038
Event: 1596.597 Thread 0x00000132d70bd780 Uncommon trap: reason=unstable_if action=reinterpret pc=0x000001329fb93c38 method=com.android.tools.r8.internal.eR.a(Lcom/android/tools/r8/internal/BS;Lcom/android/tools/r8/internal/cR;)Z @ 782 c2
Event: 1596.597 Thread 0x00000132d70bd780 DEOPT PACKING pc=0x000001329fb93c38 sp=0x0000002863af8130
Event: 1596.597 Thread 0x00000132d70bd780 DEOPT UNPACKING pc=0x000001329df0239d sp=0x0000002863af8140 mode 2
Event: 1596.664 Thread 0x00000132d70bd780 DEOPT PACKING pc=0x000001329a3d701b sp=0x0000002863af8f80
Event: 1596.664 Thread 0x00000132d70bd780 DEOPT UNPACKING pc=0x000001329df02b24 sp=0x0000002863af8620 mode 0
Event: 1596.685 Thread 0x00000132d70bd780 Uncommon trap: trap_request=0xfffffff4 fr.pc=0x000001329faad94c relative=0x0000000000002acc
Event: 1596.685 Thread 0x00000132d70bd780 Uncommon trap: reason=null_check action=make_not_entrant pc=0x000001329faad94c method=java.util.concurrent.ConcurrentHashMap$TreeBin.<init>(Ljava/util/concurrent/ConcurrentHashMap$TreeNode;)V @ 25 c2
Event: 1596.685 Thread 0x00000132d70bd780 DEOPT PACKING pc=0x000001329faad94c sp=0x0000002863af8ab0
Event: 1596.685 Thread 0x00000132d70bd780 DEOPT UNPACKING pc=0x000001329df0239d sp=0x0000002863af89b0 mode 2
Event: 1597.448 Thread 0x00000132d70bd780 DEOPT PACKING pc=0x000001329a3d67c9 sp=0x0000002863af8f80
Event: 1597.449 Thread 0x00000132d70bd780 DEOPT UNPACKING pc=0x000001329df02b24 sp=0x0000002863af8618 mode 0
Event: 1597.471 Thread 0x00000132d70bd780 DEOPT PACKING pc=0x0000013299e9f932 sp=0x0000002863af86b0
Event: 1597.471 Thread 0x00000132d70bd780 DEOPT UNPACKING pc=0x000001329df02b24 sp=0x0000002863af7fb8 mode 0
Event: 1600.751 Thread 0x00000132d70bd780 Uncommon trap: trap_request=0xffffff6e fr.pc=0x000001329fbed250 relative=0x0000000000005e30
Event: 1600.797 Thread 0x00000132d70bd780 Uncommon trap: reason=loop_limit_check action=maybe_recompile pc=0x000001329fbed250 method=com.android.tools.r8.internal.s9.a(Lcom/android/tools/r8/internal/F9;)Z @ 35 c2
Event: 1600.811 Thread 0x00000132d70bd780 DEOPT PACKING pc=0x000001329fbed250 sp=0x0000002863af9120
Event: 1600.813 Thread 0x00000132d70bd780 DEOPT UNPACKING pc=0x000001329df0239d sp=0x0000002863af90b0 mode 2

Classes unloaded (20 events):
Event: 1604.602 Thread 0x00000132aa774400 Unloading class 0x00000132acee2000 'org/gradle/api/plugins/ExtraPropertiesExtension$set$1'
Event: 1604.602 Thread 0x00000132aa774400 Unloading class 0x00000132ace65800 'org/gradle/api/plugins/ExtraPropertiesExtension$get$0'
Event: 1604.602 Thread 0x00000132aa774400 Unloading class 0x00000132ace62000 'org/gradle/api/plugins/ExtraPropertiesExtension$has'
Event: 1604.603 Thread 0x00000132aa774400 Unloading class 0x00000132acf11800 'org/gradle/api/Project$getProperties$1'
Event: 1604.603 Thread 0x00000132aa774400 Unloading class 0x00000132acedd000 'org/gradle/api/Project$configure$0'
Event: 1604.603 Thread 0x00000132aa774400 Unloading class 0x00000132ace31000 'org/gradle/api/Project$hasProperty'
Event: 1604.603 Thread 0x00000132aa774400 Unloading class 0x00000132acc74000 'jdk/internal/reflect/GeneratedSerializationConstructorAccessor86'
Event: 1604.603 Thread 0x00000132aa774400 Unloading class 0x00000132accbf000 'org/gradle/api/Script$file$1'
Event: 1604.604 Thread 0x00000132aa774400 Unloading class 0x00000132aca81800 'org/gradle/api/Script$apply$0'
Event: 1604.604 Thread 0x00000132aa774400 Unloading class 0x00000132aca7c000 'org/gradle/api/Script$buildscript'
Event: 1604.604 Thread 0x00000132aa774400 Unloading class 0x00000132aca1d000 'jdk/internal/reflect/GeneratedSerializationConstructorAccessor53'
Event: 1604.605 Thread 0x00000132aa774400 Unloading class 0x00000132ac952800 'jdk/internal/reflect/GeneratedMethodAccessor41'
Event: 1604.605 Thread 0x00000132aa774400 Unloading class 0x00000132ac952400 'jdk/internal/reflect/GeneratedMethodAccessor40'
Event: 1604.605 Thread 0x00000132aa774400 Unloading class 0x00000132ac933400 'jdk/internal/reflect/GeneratedConstructorAccessor35'
Event: 1604.608 Thread 0x00000132aa774400 Unloading class 0x00000132ac798c00 'jdk/internal/reflect/GeneratedSerializationConstructorAccessor15'
Event: 1604.608 Thread 0x00000132aa774400 Unloading class 0x00000132ac798800 'jdk/internal/reflect/GeneratedSerializationConstructorAccessor14'
Event: 1604.608 Thread 0x00000132aa774400 Unloading class 0x00000132ac798400 'jdk/internal/reflect/GeneratedSerializationConstructorAccessor13'
Event: 1604.608 Thread 0x00000132aa774400 Unloading class 0x00000132ac558800 'java/lang/invoke/LambdaForm$MH+0x00000132ac558800'
Event: 1604.608 Thread 0x00000132aa774400 Unloading class 0x00000132ac4d4000 'org/gradle/plugin/use/internal/PluginsAwareScript$plugins'
Event: 1604.608 Thread 0x00000132aa774400 Unloading class 0x00000132ac038800 'java/lang/invoke/LambdaForm$DMH+0x00000132ac038800'

Classes redefined (0 events):
No events

Internal exceptions (20 events):
Event: 1587.323 Thread 0x00000132d70bd780 Exception <a 'sun/nio/fs/WindowsException'{0x00000000e2ff0640}> (0x00000000e2ff0640) 
thrown [s\open\src\hotspot\share\prims\jni.cpp, line 516]
Event: 1587.325 Thread 0x00000132d70bd780 Exception <a 'sun/nio/fs/WindowsException'{0x00000000e2ff17e8}> (0x00000000e2ff17e8) 
thrown [s\open\src\hotspot\share\prims\jni.cpp, line 516]
Event: 1587.327 Thread 0x00000132d70bd780 Exception <a 'sun/nio/fs/WindowsException'{0x00000000e2ff1878}> (0x00000000e2ff1878) 
thrown [s\open\src\hotspot\share\prims\jni.cpp, line 516]
Event: 1587.327 Thread 0x00000132d70bd780 Exception <a 'sun/nio/fs/WindowsException'{0x00000000e2ff1b30}> (0x00000000e2ff1b30) 
thrown [s\open\src\hotspot\share\prims\jni.cpp, line 516]
Event: 1587.410 Thread 0x00000132d89c70c0 Exception <a 'sun/nio/fs/WindowsException'{0x00000000e2e1f518}> (0x00000000e2e1f518) 
thrown [s\open\src\hotspot\share\prims\jni.cpp, line 516]
Event: 1587.410 Thread 0x00000132d89c70c0 Exception <a 'sun/nio/fs/WindowsException'{0x00000000e2e1f798}> (0x00000000e2e1f798) 
thrown [s\open\src\hotspot\share\prims\jni.cpp, line 516]
Event: 1587.411 Thread 0x00000132d89c70c0 Exception <a 'sun/nio/fs/WindowsException'{0x00000000e2e1f858}> (0x00000000e2e1f858) 
thrown [s\open\src\hotspot\share\prims\jni.cpp, line 516]
Event: 1587.411 Thread 0x00000132d89c70c0 Exception <a 'sun/nio/fs/WindowsException'{0x00000000e2e1fb10}> (0x00000000e2e1fb10) 
thrown [s\open\src\hotspot\share\prims\jni.cpp, line 516]
Event: 1587.705 Thread 0x00000132d70bd780 Exception <a 'sun/nio/fs/WindowsException'{0x00000000e2d8dff0}> (0x00000000e2d8dff0) 
thrown [s\open\src\hotspot\share\prims\jni.cpp, line 516]
Event: 1590.580 Thread 0x00000132d70bd780 Exception <a 'sun/nio/fs/WindowsException'{0x00000000e4cd0ff0}> (0x00000000e4cd0ff0) 
thrown [s\open\src\hotspot\share\prims\jni.cpp, line 516]
Event: 1590.863 Thread 0x00000132d70bd780 Exception <a 'sun/nio/fs/WindowsException'{0x00000000e4b5d9d8}> (0x00000000e4b5d9d8) 
thrown [s\open\src\hotspot\share\prims\jni.cpp, line 516]
Event: 1590.864 Thread 0x00000132d70bd780 Exception <a 'sun/nio/fs/WindowsException'{0x00000000e4b5eb68}> (0x00000000e4b5eb68) 
thrown [s\open\src\hotspot\share\prims\jni.cpp, line 516]
Event: 1590.865 Thread 0x00000132d70bd780 Exception <a 'sun/nio/fs/WindowsException'{0x00000000e4b5ebf8}> (0x00000000e4b5ebf8) 
thrown [s\open\src\hotspot\share\prims\jni.cpp, line 516]
Event: 1590.865 Thread 0x00000132d70bd780 Exception <a 'sun/nio/fs/WindowsException'{0x00000000e4b5ee98}> (0x00000000e4b5ee98) 
thrown [s\open\src\hotspot\share\prims\jni.cpp, line 516]
Event: 1591.082 Thread 0x00000132d89c70c0 Exception <a 'sun/nio/fs/WindowsException'{0x00000000e4be95b0}> (0x00000000e4be95b0) 
thrown [s\open\src\hotspot\share\prims\jni.cpp, line 516]
Event: 1591.083 Thread 0x00000132d89c70c0 Exception <a 'sun/nio/fs/WindowsException'{0x00000000e4be9810}> (0x00000000e4be9810) 
thrown [s\open\src\hotspot\share\prims\jni.cpp, line 516]
Event: 1591.083 Thread 0x00000132d89c70c0 Exception <a 'sun/nio/fs/WindowsException'{0x00000000e4be98d0}> (0x00000000e4be98d0) 
thrown [s\open\src\hotspot\share\prims\jni.cpp, line 516]
Event: 1591.083 Thread 0x00000132d89c70c0 Exception <a 'sun/nio/fs/WindowsException'{0x00000000e4be9b70}> (0x00000000e4be9b70) 
thrown [s\open\src\hotspot\share\prims\jni.cpp, line 516]
Event: 1591.824 Thread 0x00000132d70bd780 Exception <a 'sun/nio/fs/WindowsException'{0x00000000e44a08b8}> (0x00000000e44a08b8) 
thrown [s\open\src\hotspot\share\prims\jni.cpp, line 516]
Event: 1596.685 Thread 0x00000132d70bd780 Implicit null exception at 0x000001329faac4e7 to 0x000001329faad938

VM Operations (20 events):
Event: 1594.673 Executing VM operation: G1CollectForAllocation done
Event: 1595.527 Executing VM operation: G1CollectForAllocation
Event: 1595.596 Executing VM operation: G1CollectForAllocation done
Event: 1596.583 Executing VM operation: G1CollectForAllocation
Event: 1596.590 Executing VM operation: G1CollectForAllocation done
Event: 1597.600 Executing VM operation: Cleanup
Event: 1597.611 Executing VM operation: Cleanup done
Event: 1597.612 Executing VM operation: G1CollectForAllocation
Event: 1597.656 Executing VM operation: G1CollectForAllocation done
Event: 1598.665 Executing VM operation: Cleanup
Event: 1598.725 Executing VM operation: Cleanup done
Event: 1599.730 Executing VM operation: Cleanup
Event: 1599.768 Executing VM operation: Cleanup done
Event: 1600.770 Executing VM operation: Cleanup
Event: 1600.804 Executing VM operation: Cleanup done
Event: 1601.813 Executing VM operation: Cleanup
Event: 1601.820 Executing VM operation: Cleanup done
Event: 1602.840 Executing VM operation: Cleanup
Event: 1602.946 Executing VM operation: Cleanup done
Event: 1604.256 Executing VM operation: G1Concurrent

Events (20 events):
Event: 1585.679 Thread 0x00000132aa8884e0 flushing nmethod 0x000001329a2f3a90
Event: 1585.679 Thread 0x00000132aa8884e0 flushing nmethod 0x000001329a301490
Event: 1585.679 Thread 0x00000132aa8884e0 flushing nmethod 0x000001329a301810
Event: 1585.679 Thread 0x00000132aa8884e0 flushing nmethod 0x000001329a301c90
Event: 1585.679 Thread 0x00000132aa8884e0 flushing nmethod 0x000001329a312810
Event: 1585.679 Thread 0x00000132aa8884e0 flushing nmethod 0x000001329a314710
Event: 1585.679 Thread 0x00000132aa8884e0 flushing nmethod 0x000001329a316790
Event: 1585.679 Thread 0x00000132aa8884e0 flushing nmethod 0x000001329a31a110
Event: 1585.679 Thread 0x00000132aa8884e0 flushing nmethod 0x000001329a31a510
Event: 1585.680 Thread 0x00000132aa8884e0 flushing nmethod 0x000001329a323190
Event: 1585.680 Thread 0x00000132aa8884e0 flushing nmethod 0x000001329a323a90
Event: 1585.680 Thread 0x00000132aa8884e0 flushing nmethod 0x000001329a326690
Event: 1585.680 Thread 0x00000132aa8884e0 flushing nmethod 0x000001329a326e10
Event: 1585.680 Thread 0x00000132aa8884e0 flushing nmethod 0x000001329a328190
Event: 1585.680 Thread 0x00000132aa8884e0 flushing nmethod 0x000001329a328d10
Event: 1585.680 Thread 0x00000132aa8884e0 flushing nmethod 0x000001329a33c090
Event: 1585.680 Thread 0x00000132aa8884e0 flushing nmethod 0x000001329a35be90
Event: 1585.680 Thread 0x00000132aa8884e0 flushing nmethod 0x000001329a381110
Event: 1585.680 Thread 0x00000132aa8884e0 flushing nmethod 0x000001329a39d410
Event: 1585.680 Thread 0x00000132aa8884e0 flushing nmethod 0x000001329a3bf990


Dynamic libraries:
0x00007ff756490000 - 0x00007ff7564a0000 	C:\Program Files\Microsoft\jdk-17.0.12\bin\java.exe
0x00007ff83b090000 - 0x00007ff83b288000 	C:\Windows\SYSTEM32\ntdll.dll
0x00007ff839a40000 - 0x00007ff839b02000 	C:\Windows\System32\KERNEL32.DLL
0x00007ff838920000 - 0x00007ff838c16000 	C:\Windows\System32\KERNELBASE.dll
0x00007ff8387d0000 - 0x00007ff8388d0000 	C:\Windows\System32\ucrtbase.dll
0x00007ff826960000 - 0x00007ff82697b000 	C:\Program Files\Microsoft\jdk-17.0.12\bin\VCRUNTIME140.dll
0x00007ff827e50000 - 0x00007ff827e69000 	C:\Program Files\Microsoft\jdk-17.0.12\bin\jli.dll
0x00007ff83a960000 - 0x00007ff83aa0f000 	C:\Windows\System32\ADVAPI32.dll
0x00007ff83aa70000 - 0x00007ff83ab0e000 	C:\Windows\System32\msvcrt.dll
0x00007ff839df0000 - 0x00007ff839e8f000 	C:\Windows\System32\sechost.dll
0x00007ff839b70000 - 0x00007ff839c93000 	C:\Windows\System32\RPCRT4.dll
0x00007ff839090000 - 0x00007ff8390b7000 	C:\Windows\System32\bcrypt.dll
0x00007ff83a7c0000 - 0x00007ff83a95d000 	C:\Windows\System32\USER32.dll
0x00007ff838fd0000 - 0x00007ff838ff2000 	C:\Windows\System32\win32u.dll
0x00007ff8390e0000 - 0x00007ff83910b000 	C:\Windows\System32\GDI32.dll
0x00007ff838c20000 - 0x00007ff838d3a000 	C:\Windows\System32\gdi32full.dll
0x00007ff838730000 - 0x00007ff8387cd000 	C:\Windows\System32\msvcp_win.dll
0x00007ff825570000 - 0x00007ff82580a000 	C:\Windows\WinSxS\amd64_microsoft.windows.common-controls_6595b64144ccf1df_6.0.19041.5794_none_60bcd33171f2783c\COMCTL32.dll
0x00007ff836e10000 - 0x00007ff836e1a000 	C:\Windows\SYSTEM32\VERSION.dll
0x00007ff839a10000 - 0x00007ff839a3f000 	C:\Windows\System32\IMM32.DLL
0x00007ff836d70000 - 0x00007ff836d7c000 	C:\Program Files\Microsoft\jdk-17.0.12\bin\vcruntime140_1.dll
0x00007ff811200000 - 0x00007ff81128e000 	C:\Program Files\Microsoft\jdk-17.0.12\bin\msvcp140.dll
0x00007fffea5b0000 - 0x00007fffeb190000 	C:\Program Files\Microsoft\jdk-17.0.12\bin\server\jvm.dll
0x00007ff83b040000 - 0x00007ff83b048000 	C:\Windows\System32\PSAPI.DLL
0x00007ff8202c0000 - 0x00007ff8202e7000 	C:\Windows\SYSTEM32\WINMM.dll
0x00007ff8312c0000 - 0x00007ff8312c9000 	C:\Windows\SYSTEM32\WSOCK32.dll
0x00007ff83ac90000 - 0x00007ff83acfb000 	C:\Windows\System32\WS2_32.dll
0x00007ff8371e0000 - 0x00007ff8371f2000 	C:\Windows\SYSTEM32\kernel.appcore.dll
0x00007ff829370000 - 0x00007ff82937a000 	C:\Program Files\Microsoft\jdk-17.0.12\bin\jimage.dll
0x00007ff8360a0000 - 0x00007ff8362a1000 	C:\Windows\SYSTEM32\DBGHELP.DLL
0x00007ff81c9d0000 - 0x00007ff81ca04000 	C:\Windows\SYSTEM32\dbgcore.DLL
0x00007ff839000000 - 0x00007ff839082000 	C:\Windows\System32\bcryptPrimitives.dll
0x00007ff836ec0000 - 0x00007ff836ece000 	C:\Program Files\Microsoft\jdk-17.0.12\bin\instrument.dll
0x00007ff823c30000 - 0x00007ff823c55000 	C:\Program Files\Microsoft\jdk-17.0.12\bin\java.dll
0x00007ffffdbd0000 - 0x00007ffffdca7000 	C:\Program Files\Microsoft\jdk-17.0.12\bin\jsvml.dll
0x00007ff83a050000 - 0x00007ff83a7be000 	C:\Windows\System32\SHELL32.dll
0x00007ff8363c0000 - 0x00007ff836b63000 	C:\Windows\SYSTEM32\windows.storage.dll
0x00007ff839580000 - 0x00007ff8398d3000 	C:\Windows\System32\combase.dll
0x00007ff837fb0000 - 0x00007ff837fdb000 	C:\Windows\SYSTEM32\Wldp.dll
0x00007ff839d20000 - 0x00007ff839ded000 	C:\Windows\System32\OLEAUT32.dll
0x00007ff83aed0000 - 0x00007ff83af7d000 	C:\Windows\System32\SHCORE.dll
0x00007ff83aa10000 - 0x00007ff83aa65000 	C:\Windows\System32\shlwapi.dll
0x00007ff838660000 - 0x00007ff838685000 	C:\Windows\SYSTEM32\profapi.dll
0x00007ff817260000 - 0x00007ff817278000 	C:\Program Files\Microsoft\jdk-17.0.12\bin\zip.dll
0x00007ff826860000 - 0x00007ff826879000 	C:\Program Files\Microsoft\jdk-17.0.12\bin\net.dll
0x00007ff829d00000 - 0x00007ff829e0a000 	C:\Windows\SYSTEM32\WINHTTP.dll
0x00007ff837d90000 - 0x00007ff837dfc000 	C:\Windows\system32\mswsock.dll
0x00007ff825810000 - 0x00007ff825826000 	C:\Program Files\Microsoft\jdk-17.0.12\bin\nio.dll
0x00007ff829200000 - 0x00007ff829210000 	C:\Program Files\Microsoft\jdk-17.0.12\bin\verify.dll
0x00007ff816010000 - 0x00007ff816037000 	C:\Users\Fahad Computer\.gradle\native\1def1411415f61bf3af743bc5b6707747c0891f09f0c88961ee8f79bc544acac\windows-amd64\native-platform.dll
0x00000000753b0000 - 0x0000000075423000 	C:\Users\Fahad Computer\.gradle\native\0.2.5\x86_64-windows-gnu\gradle-fileevents.dll
0x00007ff829110000 - 0x00007ff82911a000 	C:\Program Files\Microsoft\jdk-17.0.12\bin\management.dll
0x00007ff828ef0000 - 0x00007ff828efb000 	C:\Program Files\Microsoft\jdk-17.0.12\bin\management_ext.dll
0x00007ff837ff0000 - 0x00007ff838008000 	C:\Windows\SYSTEM32\CRYPTSP.dll
0x00007ff8376d0000 - 0x00007ff837708000 	C:\Windows\system32\rsaenh.dll
0x00007ff838620000 - 0x00007ff83864e000 	C:\Windows\SYSTEM32\USERENV.dll
0x00007ff837f20000 - 0x00007ff837f2c000 	C:\Windows\SYSTEM32\CRYPTBASE.dll
0x00007ff837a90000 - 0x00007ff837acb000 	C:\Windows\SYSTEM32\IPHLPAPI.DLL
0x00007ff83b030000 - 0x00007ff83b038000 	C:\Windows\System32\NSI.dll
0x00007ff82a0d0000 - 0x00007ff82a0e7000 	C:\Windows\SYSTEM32\dhcpcsvc6.DLL
0x00007ff829f00000 - 0x00007ff829f1d000 	C:\Windows\SYSTEM32\dhcpcsvc.DLL
0x00007ff837ad0000 - 0x00007ff837b9a000 	C:\Windows\SYSTEM32\DNSAPI.dll
0x00007ff8282b0000 - 0x00007ff8282be000 	C:\Program Files\Microsoft\jdk-17.0.12\bin\sunmscapi.dll
0x00007ff838d40000 - 0x00007ff838e9d000 	C:\Windows\System32\CRYPT32.dll
0x00007ff838160000 - 0x00007ff838187000 	C:\Windows\SYSTEM32\ncrypt.dll
0x00007ff838120000 - 0x00007ff83815b000 	C:\Windows\SYSTEM32\NTASN1.dll
0x00007ff823c10000 - 0x00007ff823c17000 	C:\Windows\system32\wshunix.dll
0x0000000075330000 - 0x00000000753a3000 	C:\Users\Fahad Computer\AppData\Local\Temp\native-platform11158971456634724722dir\gradle-fileevents.dll
0x00007ff81b1f0000 - 0x00007ff81b207000 	C:\Windows\system32\napinsp.dll
0x00007ff81b1d0000 - 0x00007ff81b1eb000 	C:\Windows\system32\pnrpnsp.dll
0x00007ff833070000 - 0x00007ff83308d000 	C:\Windows\system32\wshbth.dll
0x00007ff832d70000 - 0x00007ff832d8d000 	C:\Windows\system32\NLAapi.dll
0x00007ff81b1b0000 - 0x00007ff81b1c2000 	C:\Windows\System32\winrnr.dll
0x00007ff82fcd0000 - 0x00007ff82fcda000 	C:\Windows\System32\rasadhlp.dll
0x00007ff829980000 - 0x00007ff829a00000 	C:\Windows\System32\fwpuclnt.dll
0x00007ff837920000 - 0x00007ff837953000 	C:\Windows\SYSTEM32\ntmarta.dll
0x00007ff827ea0000 - 0x00007ff827ea7000 	C:\Program Files\Microsoft\jdk-17.0.12\bin\rmi.dll

dbghelp: loaded successfully - version: 4.0.5 - missing functions: none
symbol engine: initialized successfully - sym options: 0x614 - pdb path: .;C:\Program Files\Microsoft\jdk-17.0.12\bin;C:\Windows\SYSTEM32;C:\Windows\WinSxS\amd64_microsoft.windows.common-controls_6595b64144ccf1df_6.0.19041.5794_none_60bcd33171f2783c;C:\Program Files\Microsoft\jdk-17.0.12\bin\server;C:\Users\Fahad Computer\.gradle\native\1def1411415f61bf3af743bc5b6707747c0891f09f0c88961ee8f79bc544acac\windows-amd64;C:\Users\Fahad Computer\.gradle\native\0.2.5\x86_64-windows-gnu;C:\Users\Fahad Computer\AppData\Local\Temp\native-platform11158971456634724722dir

VM Arguments:
jvm_args: --add-opens=java.base/java.lang=ALL-UNNAMED --add-opens=java.base/java.lang.invoke=ALL-UNNAMED --add-opens=java.base/java.util=ALL-UNNAMED --add-opens=java.prefs/java.util.prefs=ALL-UNNAMED --add-exports=jdk.compiler/com.sun.tools.javac.api=ALL-UNNAMED --add-exports=jdk.compiler/com.sun.tools.javac.util=ALL-UNNAMED --add-opens=java.base/java.util=ALL-UNNAMED --add-opens=java.prefs/java.util.prefs=ALL-UNNAMED --add-opens=java.base/java.nio.charset=ALL-UNNAMED --add-opens=java.base/java.net=ALL-UNNAMED --add-opens=java.base/java.util.concurrent.atomic=ALL-UNNAMED --add-opens=java.xml/javax.xml.namespace=ALL-UNNAMED -XX:MaxMetaspaceSize=512m -Xms512m -Xmx1024m -Dfile.encoding=UTF-8 -Duser.country=US -Duser.language=en -Duser.variant -javaagent:C:\Users\Fahad Computer\.gradle\wrapper\dists\gradle-8.12-all\ejduaidbjup3bmmkhw3rie4zb\gradle-8.12\lib\agents\gradle-instrumentation-agent-8.12.jar 
java_command: org.gradle.launcher.daemon.bootstrap.GradleDaemon 8.12
java_class_path (initial): C:\Users\Fahad Computer\.gradle\wrapper\dists\gradle-8.12-all\ejduaidbjup3bmmkhw3rie4zb\gradle-8.12\lib\gradle-daemon-main-8.12.jar
Launcher Type: SUN_STANDARD

[Global flags]
     intx CICompilerCount                          = 2                                         {product} {ergonomic}
   size_t CompressedClassSpaceSize                 = 436207616                                 {product} {ergonomic}
     uint ConcGCThreads                            = 1                                         {product} {ergonomic}
     uint G1ConcRefinementThreads                  = 2                                         {product} {ergonomic}
   size_t G1HeapRegionSize                         = 1048576                                   {product} {ergonomic}
    uintx GCDrainStackTargetSize                   = 64                                        {product} {ergonomic}
   size_t InitialHeapSize                          = 536870912                                 {product} {command line}
   size_t MarkStackSize                            = 4194304                                   {product} {ergonomic}
   size_t MaxHeapSize                              = 1073741824                                {product} {command line}
   size_t MaxMetaspaceSize                         = 536870912                                 {product} {command line}
   size_t MaxNewSize                               = 643825664                                 {product} {ergonomic}
   size_t MinHeapDeltaBytes                        = 1048576                                   {product} {ergonomic}
   size_t MinHeapSize                              = 536870912                                 {product} {command line}
    uintx NonNMethodCodeHeapSize                   = 5826188                                {pd product} {ergonomic}
    uintx NonProfiledCodeHeapSize                  = 122916026                              {pd product} {ergonomic}
    uintx ProfiledCodeHeapSize                     = 122916026                              {pd product} {ergonomic}
    uintx ReservedCodeCacheSize                    = 251658240                              {pd product} {ergonomic}
     bool SegmentedCodeCache                       = true                                      {product} {ergonomic}
   size_t SoftMaxHeapSize                          = 1073741824                             {manageable} {ergonomic}
     bool UseCompressedClassPointers               = true                           {product lp64_product} {ergonomic}
     bool UseCompressedOops                        = true                           {product lp64_product} {ergonomic}
     bool UseG1GC                                  = true                                      {product} {ergonomic}
     bool UseLargePagesIndividualAllocation        = false                                  {pd product} {ergonomic}

Logging:
Log output configuration:
 #0: stdout all=warning uptime,level,tags
 #1: stderr all=off uptime,level,tags

Environment Variables:
JAVA_HOME=C:\Program Files\Microsoft\jdk-17.0.12\
CLASSPATH=C:\vtT\ChatbotApp\android\\gradle\wrapper\gradle-wrapper.jar
PATH=C:\vtT\ChatbotApp\node_modules\.bin;C:\vtT\ChatbotApp\node_modules\.bin;C:\vtT\node_modules\.bin;C:\node_modules\.bin;C:\Users\Fahad Computer\AppData\Roaming\npm\node_modules\npm\node_modules\@npmcli\run-script\lib\node-gyp-bin;c:\Users\Fahad Computer\AppData\Local\Programs\cursor\resources\app\bin;C:\Python313\Scripts\;C:\Python313\;C:\Program Files\Microsoft\jdk-11.0.26.4-hotspot\bin;C:\Program Files\Common Files\Oracle\Java\javapath;C:\Program Files\Microsoft\jdk-17.0.12.7-hotspot\bin;C:\Windows\system32;C:\Windows;C:\Windows\System32\Wbem;C:\Windows\System32\WindowsPowerShell\v1.0\;C:\Windows\System32\OpenSSH\;C:\ProgramData\chocolatey\bin;C:\Users\Fahad Computer\AppData\Local\Android\Sdk\platform-tools;C:\Program Files\Git\cmd;C:\Android\Sdk\emulator;C:\Android\Sdk\tools;C:\Program Files\nodejs\;C:\Users\Fahad Computer\AppData\Local\Android\Sdk\tools;C:\Users\Fahad Computer\AppData\Local\Android\Sdk\tools;C:\Users\Fahad Computer\AppData\Local\Microsoft\WindowsApps;C:\Program Files\MongoDB\Server\7.0\bin;C:\Program Files\MongoDB\Server\7.0\bin;C:\Users\Fahad Computer\AppData\Roaming\npm;c:\Users\Fahad Computer\AppData\Local\Programs\cursor\resources\app\bin;c:\Users\Fahad Computer\AppData\Local\Programs\cursor\resources\app\bin;C:\Program Files\Microsoft\jdk-17.0.12\\bin;C:\Users\Fahad Computer\AppData\Local\Android\Sdk\tools;C:\Users\Fahad Computer\AppData\Local\Android\Sdk\tools;C:\Users\Fahad Computer\AppData\Local\Microsoft\WindowsApps;C:\Users\Fahad Computer\AppData\Local\Programs\Microsoft VS Code\bin;C:\Program Files\MongoDB\Server\7.0\bin;C:\Program Files\MongoDB\Server\7.0\bin;C:\Users\Fahad Computer\AppData\Roaming\npm;C:\Users\Fahad Computer\AppData\Local\Programs\cursor\resources\app\bin
USERNAME=Fahad Computer
LANG=en_US.UTF-8
OS=Windows_NT
PROCESSOR_IDENTIFIER=Intel64 Family 6 Model 122 Stepping 8, GenuineIntel



---------------  S Y S T E M  ---------------

OS:
 Windows 10 , 64 bit Build 19041 (10.0.19041.5794)
OS uptime: 11 days 9:43 hours
Hyper-V role detected

CPU: total 2 (initial active 2) (2 cores per cpu, 1 threads per core) family 6 model 122 stepping 8 microcode 0x18, cx8, cmov, fxsr, mmx, 3dnowpref, sse, sse2, sse3, ssse3, sse4.1, sse4.2, popcnt, tsc, tscinvbit, aes, erms, clmul, sha, clflush, clflushopt, hv

Memory: 4k page, system-wide physical 3918M (49M free)
TotalPageFile size 15694M (AvailPageFile size 57M)
current process WorkingSet (physical memory assigned to process): 254M, peak: 540M
current process commit charge ("private bytes"): 1104M, peak: 1262M

vm_info: Java HotSpot(TM) 64-Bit Server VM (17.0.12+8-LTS-286) for windows-amd64 JRE (17.0.12+8-LTS-286), built on Jun  5 2024 06:46:59 by "mach5one" with MS VC++ 17.6 (VS2022)

END.
