#
# There is insufficient memory for the Java Runtime Environment to continue.
# Native memory allocation (mmap) failed to map 983564288 bytes for G1 virtual space
# Possible reasons:
#   The system is out of physical RAM or swap space
#   The process is running with CompressedOops enabled, and the Java Heap may be blocking the growth of the native heap
# Possible solutions:
#   Reduce memory load on the system
#   Increase physical memory or swap space
#   Check if swap backing store is full
#   Decrease Java heap size (-Xmx/-Xms)
#   Decrease number of Java threads
#   Decrease Java thread stack sizes (-Xss)
#   Set larger code cache with -XX:ReservedCodeCacheSize=
#   JVM is running with Zero Based Compressed Oops mode in which the Java heap is
#     placed in the first 32GB address space. The Java Heap base address is the
#     maximum limit for the native heap growth. Please use -XX:HeapBaseMinAddress
#     to set the Java Heap base and to place the Java Heap above 32GB virtual address.
# This output file may be truncated or incomplete.
#
#  Out of Memory Error (os_windows.cpp:3548), pid=14224, tid=14472
#
# JRE version: Java(TM) SE Runtime Environment (17.0.12+8) (build 17.0.12+8-LTS-286)
# Java VM: Java HotSpot(TM) 64-Bit Server VM (17.0.12+8-LTS-286, mixed mode, sharing, tiered, compressed oops, compressed class ptrs, g1 gc, windows-amd64)
# No core dump will be written. Minidumps are not enabled by default on client versions of Windows
#

---------------  S U M M A R Y ------------

Command Line: --add-opens=java.base/java.lang=ALL-UNNAMED --add-opens=java.base/java.lang.invoke=ALL-UNNAMED --add-opens=java.base/java.util=ALL-UNNAMED --add-opens=java.prefs/java.util.prefs=ALL-UNNAMED --add-exports=jdk.compiler/com.sun.tools.javac.api=ALL-UNNAMED --add-exports=jdk.compiler/com.sun.tools.javac.util=ALL-UNNAMED --add-opens=java.base/java.util=ALL-UNNAMED --add-opens=java.prefs/java.util.prefs=ALL-UNNAMED --add-opens=java.base/java.nio.charset=ALL-UNNAMED --add-opens=java.base/java.net=ALL-UNNAMED --add-opens=java.base/java.util.concurrent.atomic=ALL-UNNAMED --add-opens=java.xml/javax.xml.namespace=ALL-UNNAMED -XX:MaxMetaspaceSize=1024m -XX:+HeapDumpOnOutOfMemoryError -Xmx4096m -Dfile.encoding=UTF-8 -Duser.country=US -Duser.language=en -Duser.variant -javaagent:C:\Users\Fahad Computer\.gradle\wrapper\dists\gradle-8.12-all\ejduaidbjup3bmmkhw3rie4zb\gradle-8.12\lib\agents\gradle-instrumentation-agent-8.12.jar org.gradle.launcher.daemon.bootstrap.GradleDaemon 8.12

Host: Intel(R) Celeron(R) N4020 CPU @ 1.10GHz, 2 cores, 3G,  Windows 10 , 64 bit Build 19041 (10.0.19041.5794)
Time: Fri May 30 06:38:49 2025 Pacific Daylight Time elapsed time: 204.064956 seconds (0d 0h 3m 24s)

---------------  T H R E A D  ---------------

Current thread (0x000001ebe142eac0):  VMThread "VM Thread" [stack: 0x0000003bd0e00000,0x0000003bd0f00000] [id=14472]

Stack: [0x0000003bd0e00000,0x0000003bd0f00000]
Native frames: (J=compiled Java code, j=interpreted, Vv=VM code, C=native code)
V  [jvm.dll+0x67a04a]
V  [jvm.dll+0x7da4ed]
V  [jvm.dll+0x7dbe33]
V  [jvm.dll+0x7dc4a3]
V  [jvm.dll+0x24508f]
V  [jvm.dll+0x677089]
V  [jvm.dll+0x66bd32]
V  [jvm.dll+0x301fa6]
V  [jvm.dll+0x309546]
V  [jvm.dll+0x359d2e]
V  [jvm.dll+0x359f5f]
V  [jvm.dll+0x2d9078]
V  [jvm.dll+0x2d74ad]
V  [jvm.dll+0x2d6afc]
V  [jvm.dll+0x31a65b]
V  [jvm.dll+0x7e0d9b]
V  [jvm.dll+0x7e1ad4]
V  [jvm.dll+0x7e1fed]
V  [jvm.dll+0x7e23c4]
V  [jvm.dll+0x7e2490]
V  [jvm.dll+0x78abea]
V  [jvm.dll+0x678f35]
C  [ucrtbase.dll+0x21bb2]
C  [KERNEL32.DLL+0x17374]
C  [ntdll.dll+0x4cc91]

VM_Operation (0x0000003bd40f80b0): G1CollectForAllocation, mode: safepoint, requested by thread 0x000001ebf373fe80


---------------  P R O C E S S  ---------------

Threads class SMR info:
_java_thread_list=0x000001ebf3f7d890, length=57, elements={
0x000001ebbd4002c0, 0x000001ebe143a670, 0x000001ebe143b400, 0x000001ebe1445350,
0x000001ebe1449050, 0x000001ebe1449920, 0x000001ebe144a1f0, 0x000001ebe144b6b0,
0x000001ebe14b92c0, 0x000001ebe14bffb0, 0x000001ebe14ee020, 0x000001ebe17a7b80,
0x000001ebe176bb30, 0x000001ebe6b5a590, 0x000001ebe68b46f0, 0x000001ebe72d45c0,
0x000001ebe7545530, 0x000001ebe6c6c9b0, 0x000001ebe6c6ba80, 0x000001ebe6c6d3d0,
0x000001ebe6c6e300, 0x000001ebe6c6e810, 0x000001ebe6c6b060, 0x000001ebe6c6b570,
0x000001ebe6c6d8e0, 0x000001ebe6c6ddf0, 0x000001ebe6c6bf90, 0x000001ebe6c6cec0,
0x000001ebe8644300, 0x000001ebe8645c50, 0x000001ebe8643df0, 0x000001ebe8644810,
0x000001ebe8641570, 0x000001ebe8645230, 0x000001ebe8642ec0, 0x000001ebe8641060,
0x000001ebe8645740, 0x000001ebe8646160, 0x000001ebe8646b80, 0x000001ebe8647090,
0x000001ebe86475a0, 0x000001ebe8647fc0, 0x000001ebe86484d0, 0x000001ebe87f6090,
0x000001ebe87f5b80, 0x000001ebe87f65a0, 0x000001ebe87f4c50, 0x000001ebe87f6ab0,
0x000001ebe87f6fc0, 0x000001ebe87f2df0, 0x000001ebe87f8910, 0x000001ebf373ef50,
0x000001ebf373cbe0, 0x000001ebf37421f0, 0x000001ebf373fe80, 0x000001ebf37417d0,
0x000001ebf3742700
}

Java Threads: ( => current thread )
  0x000001ebbd4002c0 JavaThread "main" [_thread_blocked, id=10924, stack(0x0000003bd0800000,0x0000003bd0900000)]
  0x000001ebe143a670 JavaThread "Reference Handler" daemon [_thread_blocked, id=15280, stack(0x0000003bd0f00000,0x0000003bd1000000)]
  0x000001ebe143b400 JavaThread "Finalizer" daemon [_thread_blocked, id=12528, stack(0x0000003bd1000000,0x0000003bd1100000)]
  0x000001ebe1445350 JavaThread "Signal Dispatcher" daemon [_thread_blocked, id=2124, stack(0x0000003bd1100000,0x0000003bd1200000)]
  0x000001ebe1449050 JavaThread "Attach Listener" daemon [_thread_blocked, id=13328, stack(0x0000003bd1200000,0x0000003bd1300000)]
  0x000001ebe1449920 JavaThread "Service Thread" daemon [_thread_blocked, id=14628, stack(0x0000003bd1300000,0x0000003bd1400000)]
  0x000001ebe144a1f0 JavaThread "Monitor Deflation Thread" daemon [_thread_blocked, id=2068, stack(0x0000003bd1400000,0x0000003bd1500000)]
  0x000001ebe144b6b0 JavaThread "C2 CompilerThread0" daemon [_thread_blocked, id=14420, stack(0x0000003bd1500000,0x0000003bd1600000)]
  0x000001ebe14b92c0 JavaThread "C1 CompilerThread0" daemon [_thread_blocked, id=12044, stack(0x0000003bd1600000,0x0000003bd1700000)]
  0x000001ebe14bffb0 JavaThread "Sweeper thread" daemon [_thread_blocked, id=11104, stack(0x0000003bd1700000,0x0000003bd1800000)]
  0x000001ebe14ee020 JavaThread "Common-Cleaner" daemon [_thread_blocked, id=13492, stack(0x0000003bd1800000,0x0000003bd1900000)]
  0x000001ebe17a7b80 JavaThread "Notification Thread" daemon [_thread_blocked, id=8648, stack(0x0000003bd1900000,0x0000003bd1a00000)]
  0x000001ebe176bb30 JavaThread "Daemon health stats" [_thread_blocked, id=13856, stack(0x0000003bd1c00000,0x0000003bd1d00000)]
  0x000001ebe6b5a590 JavaThread "Incoming local TCP Connector on port 12562" [_thread_in_native, id=11912, stack(0x0000003bd1d00000,0x0000003bd1e00000)]
  0x000001ebe68b46f0 JavaThread "Daemon periodic checks" [_thread_blocked, id=3360, stack(0x0000003bd1e00000,0x0000003bd1f00000)]
  0x000001ebe72d45c0 JavaThread "Daemon" [_thread_blocked, id=3500, stack(0x0000003bd1f00000,0x0000003bd2000000)]
  0x000001ebe7545530 JavaThread "Handler for socket connection from /127.0.0.1:12562 to /127.0.0.1:12563" [_thread_in_native, id=11964, stack(0x0000003bd2000000,0x0000003bd2100000)]
  0x000001ebe6c6c9b0 JavaThread "Cancel handler" [_thread_blocked, id=2328, stack(0x0000003bd2100000,0x0000003bd2200000)]
  0x000001ebe6c6ba80 JavaThread "Daemon worker" [_thread_blocked, id=8836, stack(0x0000003bd2200000,0x0000003bd2300000)]
  0x000001ebe6c6d3d0 JavaThread "Asynchronous log dispatcher for DefaultDaemonConnection: socket connection from /127.0.0.1:12562 to /127.0.0.1:12563" [_thread_blocked, id=15148, stack(0x0000003bd2300000,0x0000003bd2400000)]
  0x000001ebe6c6e300 JavaThread "Stdin handler" [_thread_blocked, id=7072, stack(0x0000003bd2400000,0x0000003bd2500000)]
  0x000001ebe6c6e810 JavaThread "Daemon client event forwarder" [_thread_blocked, id=15332, stack(0x0000003bd2500000,0x0000003bd2600000)]
  0x000001ebe6c6b060 JavaThread "Cache worker for journal cache (C:\Users\Fahad Computer\.gradle\caches\journal-1)" [_thread_blocked, id=6168, stack(0x0000003bd2600000,0x0000003bd2700000)]
  0x000001ebe6c6b570 JavaThread "File lock request listener" [_thread_in_native, id=12860, stack(0x0000003bd2700000,0x0000003bd2800000)]
  0x000001ebe6c6d8e0 JavaThread "Cache worker for file hash cache (C:\Users\Fahad Computer\.gradle\caches\8.12\fileHashes)" [_thread_blocked, id=10984, stack(0x0000003bd2800000,0x0000003bd2900000)]
  0x000001ebe6c6ddf0 JavaThread "Cache worker for file hash cache (C:\vtT\ChatbotApp\android\.gradle\8.12\fileHashes)" [_thread_blocked, id=4944, stack(0x0000003bd2900000,0x0000003bd2a00000)]
  0x000001ebe6c6bf90 JavaThread "Cache worker for Build Output Cleanup Cache (C:\vtT\ChatbotApp\android\.gradle\buildOutputCleanup)" [_thread_blocked, id=12496, stack(0x0000003bd2a00000,0x0000003bd2b00000)]
  0x000001ebe6c6cec0 JavaThread "File watcher server" daemon [_thread_blocked, id=5968, stack(0x0000003bd2b00000,0x0000003bd2c00000)]
  0x000001ebe8644300 JavaThread "File watcher consumer" daemon [_thread_blocked, id=5132, stack(0x0000003bd2c00000,0x0000003bd2d00000)]
  0x000001ebe8645c50 JavaThread "jar transforms" [_thread_blocked, id=12340, stack(0x0000003bd2e00000,0x0000003bd2f00000)]
  0x000001ebe8643df0 JavaThread "Cache worker for checksums cache (C:\vtT\ChatbotApp\android\.gradle\8.12\checksums)" [_thread_blocked, id=3104, stack(0x0000003bd2f00000,0x0000003bd3000000)]
  0x000001ebe8644810 JavaThread "Cache worker for file content cache (C:\Users\Fahad Computer\.gradle\caches\8.12\fileContent)" [_thread_blocked, id=12208, stack(0x0000003bd3000000,0x0000003bd3100000)]
  0x000001ebe8641570 JavaThread "Cache worker for cache directory md-rule (C:\Users\Fahad Computer\.gradle\caches\8.12\md-rule)" [_thread_blocked, id=6212, stack(0x0000003bd3100000,0x0000003bd3200000)]
  0x000001ebe8645230 JavaThread "Cache worker for cache directory md-supplier (C:\Users\Fahad Computer\.gradle\caches\8.12\md-supplier)" [_thread_blocked, id=10096, stack(0x0000003bd3200000,0x0000003bd3300000)]
  0x000001ebe8642ec0 JavaThread "Cache worker for Build Output Cleanup Cache (C:\vtT\ChatbotApp\node_modules\@react-native\gradle-plugin\.gradle\buildOutputCleanup)" [_thread_blocked, id=14324, stack(0x0000003bd3300000,0x0000003bd3400000)]
  0x000001ebe8641060 JavaThread "Unconstrained build operations" [_thread_blocked, id=9676, stack(0x0000003bd3400000,0x0000003bd3500000)]
  0x000001ebe8645740 JavaThread "Unconstrained build operations Thread 2" [_thread_blocked, id=8064, stack(0x0000003bd3500000,0x0000003bd3600000)]
  0x000001ebe8646160 JavaThread "Unconstrained build operations Thread 3" [_thread_blocked, id=11388, stack(0x0000003bd3600000,0x0000003bd3700000)]
  0x000001ebe8646b80 JavaThread "Unconstrained build operations Thread 4" [_thread_blocked, id=4500, stack(0x0000003bd3700000,0x0000003bd3800000)]
  0x000001ebe8647090 JavaThread "Unconstrained build operations Thread 5" [_thread_blocked, id=11888, stack(0x0000003bd3800000,0x0000003bd3900000)]
  0x000001ebe86475a0 JavaThread "Unconstrained build operations Thread 6" [_thread_blocked, id=1776, stack(0x0000003bd3900000,0x0000003bd3a00000)]
  0x000001ebe8647fc0 JavaThread "build event listener" [_thread_blocked, id=12708, stack(0x0000003bd3c00000,0x0000003bd3d00000)]
  0x000001ebe86484d0 JavaThread "Memory manager" [_thread_blocked, id=6404, stack(0x0000003bd3d00000,0x0000003bd3e00000)]
  0x000001ebe87f6090 JavaThread "Cache worker for execution history cache (C:\vtT\ChatbotApp\node_modules\@react-native\gradle-plugin\.gradle\8.12\executionHistory)" [_thread_blocked, id=4700, stack(0x0000003bd4300000,0x0000003bd4400000)]
  0x000001ebe87f5b80 JavaThread "Unconstrained build operations Thread 7" [_thread_blocked, id=2700, stack(0x0000003bd4400000,0x0000003bd4500000)]
  0x000001ebe87f65a0 JavaThread "Unconstrained build operations Thread 8" [_thread_blocked, id=11440, stack(0x0000003bd4500000,0x0000003bd4600000)]
  0x000001ebe87f4c50 JavaThread "Unconstrained build operations Thread 9" [_thread_blocked, id=13772, stack(0x0000003bd4600000,0x0000003bd4700000)]
  0x000001ebe87f6ab0 JavaThread "Unconstrained build operations Thread 10" [_thread_blocked, id=10320, stack(0x0000003bd4700000,0x0000003bd4800000)]
  0x000001ebe87f6fc0 JavaThread "jar transforms Thread 2" [_thread_blocked, id=4772, stack(0x0000003bd4800000,0x0000003bd4900000)]
  0x000001ebe87f2df0 JavaThread "build event listener" [_thread_blocked, id=4840, stack(0x0000003bd0600000,0x0000003bd0700000)]
  0x000001ebe87f8910 JavaThread "Problems report writer" [_thread_blocked, id=10308, stack(0x0000003bd0700000,0x0000003bd0800000)]
  0x000001ebf373ef50 JavaThread "ForkJoinPool.commonPool-worker-2" daemon [_thread_blocked, id=7428, stack(0x0000003bd3a00000,0x0000003bd3b00000)]
  0x000001ebf373cbe0 JavaThread "pool-3-thread-1" [_thread_blocked, id=15040, stack(0x0000003bd3e00000,0x0000003bd3f00000)]
  0x000001ebf37421f0 JavaThread "build event listener" [_thread_blocked, id=4272, stack(0x0000003bd3f00000,0x0000003bd4000000)]
  0x000001ebf373fe80 JavaThread "included builds Thread 2" [_thread_blocked, id=11864, stack(0x0000003bd4000000,0x0000003bd4100000)]
  0x000001ebf37417d0 JavaThread "Cache worker for execution history cache (C:\vtT\ChatbotApp\android\.gradle\8.12\executionHistory)" [_thread_blocked, id=12624, stack(0x0000003bd4100000,0x0000003bd4200000)]
  0x000001ebf3742700 JavaThread "WorkerExecutor Queue" [_thread_blocked, id=13260, stack(0x0000003bd4200000,0x0000003bd4300000)]

Other Threads:
=>0x000001ebe142eac0 VMThread "VM Thread" [stack: 0x0000003bd0e00000,0x0000003bd0f00000] [id=14472]
  0x000001ebe16eb840 WatcherThread [stack: 0x0000003bd1a00000,0x0000003bd1b00000] [id=13520]
  0x000001ebbd468d70 GCTaskThread "GC Thread#0" [stack: 0x0000003bd0900000,0x0000003bd0a00000] [id=14464]
  0x000001ebe17abdf0 GCTaskThread "GC Thread#1" [stack: 0x0000003bd1b00000,0x0000003bd1c00000] [id=6880]
  0x000001ebbd47abe0 ConcurrentGCThread "G1 Main Marker" [stack: 0x0000003bd0a00000,0x0000003bd0b00000] [id=6128]
  0x000001ebbd47b500 ConcurrentGCThread "G1 Conc#0" [stack: 0x0000003bd0b00000,0x0000003bd0c00000] [id=14212]
  0x000001ebbd4ca160 ConcurrentGCThread "G1 Refine#0" [stack: 0x0000003bd0c00000,0x0000003bd0d00000] [id=7344]
  0x000001ebe8b69ae0 ConcurrentGCThread "G1 Refine#1" [stack: 0x0000003bd2d00000,0x0000003bd2e00000] [id=14392]
  0x000001ebbd4caaa0 ConcurrentGCThread "G1 Service" [stack: 0x0000003bd0d00000,0x0000003bd0e00000] [id=12052]

Threads with active compile tasks:
C2 CompilerThread0   204153 20665       4       com.android.utils.XmlUtils::append (597 bytes)

VM state: at safepoint (normal execution)

VM Mutex/Monitor currently owned by a thread:  ([mutex/lock_event])
[0x000001ebbd3fc0f0] Threads_lock - owner thread: 0x000001ebe142eac0
[0x000001ebbd3fc210] Heap_lock - owner thread: 0x000001ebf373fe80

Heap address: 0x0000000700000000, size: 4096 MB, Compressed Oops mode: Zero based, Oop shift amount: 3

CDS archive(s) mapped at: [0x000001eb80000000-0x000001eb80bd0000-0x000001eb80bd0000), size 12386304, SharedBaseAddress: 0x000001eb80000000, ArchiveRelocationMode: 1.
Compressed class space mapped at: 0x000001eb81000000-0x000001ebb5000000, reserved size: 872415232
Narrow klass base: 0x000001eb80000000, Narrow klass shift: 0, Narrow klass range: 0x100000000

GC Precious Log:
 CPUs: 2 total, 2 available
 Memory: 3918M
 Large Page Support: Disabled
 NUMA Support: Disabled
 Compressed Oops: Enabled (Zero based)
 Heap Region Size: 2M
 Heap Min Capacity: 8M
 Heap Initial Capacity: 62M
 Heap Max Capacity: 4G
 Pre-touch: Disabled
 Parallel Workers: 2
 Concurrent Workers: 1
 Concurrent Refinement Workers: 2
 Periodic GC: Disabled

Heap:
 garbage-first heap   total 741376K, used 315624K [0x0000000700000000, 0x0000000800000000)
  region size 2048K, 4 young (8192K), 4 survivors (8192K)
 Metaspace       used 123757K, committed 125568K, reserved 983040K
  class space    used 16735K, committed 17536K, reserved 851968K

Heap Regions: E=young(eden), S=young(survivor), O=old, HS=humongous(starts), HC=humongous(continues), CS=collection set, F=free, OA=open archive, CA=closed archive, TAMS=top-at-mark-start (previous, next)
|   0|0x0000000700000000, 0x0000000700200000, 0x0000000700200000|100%| O|  |TAMS 0x0000000700200000, 0x0000000700000000| Untracked 
|   1|0x0000000700200000, 0x0000000700400000, 0x0000000700400000|100%|HS|  |TAMS 0x0000000700400000, 0x0000000700200000| Complete 
|   2|0x0000000700400000, 0x0000000700600000, 0x0000000700600000|100%|HC|  |TAMS 0x0000000700600000, 0x0000000700400000| Complete 
|   3|0x0000000700600000, 0x0000000700800000, 0x0000000700800000|100%| O|  |TAMS 0x0000000700800000, 0x0000000700600000| Untracked 
|   4|0x0000000700800000, 0x0000000700a00000, 0x0000000700a00000|100%| O|  |TAMS 0x0000000700a00000, 0x0000000700800000| Untracked 
|   5|0x0000000700a00000, 0x0000000700c00000, 0x0000000700c00000|100%| O|  |TAMS 0x0000000700c00000, 0x0000000700a00000| Untracked 
|   6|0x0000000700c00000, 0x0000000700e00000, 0x0000000700e00000|100%| O|  |TAMS 0x0000000700e00000, 0x0000000700c00000| Untracked 
|   7|0x0000000700e00000, 0x0000000701000000, 0x0000000701000000|100%| O|  |TAMS 0x0000000701000000, 0x0000000700e00000| Untracked 
|   8|0x0000000701000000, 0x0000000701200000, 0x0000000701200000|100%| O|  |TAMS 0x0000000701200000, 0x0000000701000000| Untracked 
|   9|0x0000000701200000, 0x0000000701400000, 0x0000000701400000|100%| O|  |TAMS 0x0000000701400000, 0x0000000701200000| Untracked 
|  10|0x0000000701400000, 0x0000000701600000, 0x0000000701600000|100%| O|  |TAMS 0x0000000701600000, 0x0000000701400000| Untracked 
|  11|0x0000000701600000, 0x0000000701800000, 0x0000000701800000|100%| O|  |TAMS 0x0000000701800000, 0x0000000701600000| Untracked 
|  12|0x0000000701800000, 0x0000000701a00000, 0x0000000701a00000|100%| O|  |TAMS 0x0000000701a00000, 0x0000000701800000| Untracked 
|  13|0x0000000701a00000, 0x0000000701c00000, 0x0000000701c00000|100%| O|  |TAMS 0x0000000701c00000, 0x0000000701a00000| Untracked 
|  14|0x0000000701c00000, 0x0000000701e00000, 0x0000000701e00000|100%| O|  |TAMS 0x0000000701e00000, 0x0000000701c00000| Untracked 
|  15|0x0000000701e00000, 0x0000000702000000, 0x0000000702000000|100%| O|  |TAMS 0x0000000702000000, 0x0000000701e00000| Untracked 
|  16|0x0000000702000000, 0x0000000702200000, 0x0000000702200000|100%| O|  |TAMS 0x0000000702200000, 0x0000000702000000| Untracked 
|  17|0x0000000702200000, 0x0000000702400000, 0x0000000702400000|100%| O|  |TAMS 0x0000000702400000, 0x0000000702200000| Untracked 
|  18|0x0000000702400000, 0x0000000702600000, 0x0000000702600000|100%| O|  |TAMS 0x0000000702600000, 0x0000000702400000| Untracked 
|  19|0x0000000702600000, 0x0000000702800000, 0x0000000702800000|100%| O|  |TAMS 0x0000000702800000, 0x0000000702600000| Untracked 
|  20|0x0000000702800000, 0x0000000702a00000, 0x0000000702a00000|100%| O|  |TAMS 0x0000000702a00000, 0x0000000702800000| Untracked 
|  21|0x0000000702a00000, 0x0000000702c00000, 0x0000000702c00000|100%| O|  |TAMS 0x0000000702c00000, 0x0000000702a00000| Untracked 
|  22|0x0000000702c00000, 0x0000000702e00000, 0x0000000702e00000|100%|HS|  |TAMS 0x0000000702e00000, 0x0000000702c00000| Complete 
|  23|0x0000000702e00000, 0x0000000703000000, 0x0000000703000000|100%|HS|  |TAMS 0x0000000703000000, 0x0000000702e00000| Complete 
|  24|0x0000000703000000, 0x0000000703200000, 0x0000000703200000|100%|HC|  |TAMS 0x0000000703200000, 0x0000000703000000| Complete 
|  25|0x0000000703200000, 0x0000000703400000, 0x0000000703400000|100%|HS|  |TAMS 0x0000000703400000, 0x0000000703200000| Complete 
|  26|0x0000000703400000, 0x0000000703600000, 0x0000000703600000|100%| O|  |TAMS 0x0000000703400000, 0x0000000703400000| Untracked 
|  27|0x0000000703600000, 0x0000000703800000, 0x0000000703800000|100%| O|  |TAMS 0x0000000703800000, 0x0000000703600000| Untracked 
|  28|0x0000000703800000, 0x0000000703a00000, 0x0000000703a00000|100%| O|  |TAMS 0x0000000703a00000, 0x0000000703800000| Untracked 
|  29|0x0000000703a00000, 0x0000000703c00000, 0x0000000703c00000|100%| O|  |TAMS 0x0000000703c00000, 0x0000000703a00000| Untracked 
|  30|0x0000000703c00000, 0x0000000703e00000, 0x0000000703e00000|100%|HS|  |TAMS 0x0000000703e00000, 0x0000000703c00000| Complete 
|  31|0x0000000703e00000, 0x0000000704000000, 0x0000000704000000|100%|HC|  |TAMS 0x0000000704000000, 0x0000000703e00000| Complete 
|  32|0x0000000704000000, 0x0000000704200000, 0x0000000704200000|100%| O|  |TAMS 0x0000000704200000, 0x0000000704000000| Untracked 
|  33|0x0000000704200000, 0x0000000704400000, 0x0000000704400000|100%| O|  |TAMS 0x0000000704400000, 0x0000000704200000| Untracked 
|  34|0x0000000704400000, 0x0000000704600000, 0x0000000704600000|100%| O|  |TAMS 0x0000000704600000, 0x0000000704400000| Untracked 
|  35|0x0000000704600000, 0x0000000704800000, 0x0000000704800000|100%| O|  |TAMS 0x0000000704800000, 0x0000000704600000| Untracked 
|  36|0x0000000704800000, 0x0000000704a00000, 0x0000000704a00000|100%| O|  |TAMS 0x0000000704a00000, 0x0000000704800000| Untracked 
|  37|0x0000000704a00000, 0x0000000704c00000, 0x0000000704c00000|100%| O|  |TAMS 0x0000000704c00000, 0x0000000704a00000| Untracked 
|  38|0x0000000704c00000, 0x0000000704e00000, 0x0000000704e00000|100%| O|  |TAMS 0x0000000704e00000, 0x0000000704c00000| Untracked 
|  39|0x0000000704e00000, 0x0000000705000000, 0x0000000705000000|100%| O|  |TAMS 0x0000000705000000, 0x0000000704e00000| Untracked 
|  40|0x0000000705000000, 0x0000000705200000, 0x0000000705200000|100%| O|  |TAMS 0x0000000705200000, 0x0000000705000000| Untracked 
|  41|0x0000000705200000, 0x0000000705400000, 0x0000000705400000|100%| O|  |TAMS 0x0000000705400000, 0x0000000705200000| Untracked 
|  42|0x0000000705400000, 0x0000000705600000, 0x0000000705600000|100%| O|  |TAMS 0x0000000705600000, 0x0000000705400000| Untracked 
|  43|0x0000000705600000, 0x0000000705800000, 0x0000000705800000|100%| O|  |TAMS 0x0000000705800000, 0x0000000705600000| Untracked 
|  44|0x0000000705800000, 0x0000000705a00000, 0x0000000705a00000|100%| O|  |TAMS 0x0000000705a00000, 0x0000000705800000| Untracked 
|  45|0x0000000705a00000, 0x0000000705c00000, 0x0000000705c00000|100%| O|  |TAMS 0x0000000705c00000, 0x0000000705a00000| Untracked 
|  46|0x0000000705c00000, 0x0000000705e00000, 0x0000000705e00000|100%| O|  |TAMS 0x0000000705e00000, 0x0000000705c00000| Untracked 
|  47|0x0000000705e00000, 0x0000000706000000, 0x0000000706000000|100%| O|  |TAMS 0x0000000706000000, 0x0000000705e00000| Untracked 
|  48|0x0000000706000000, 0x0000000706200000, 0x0000000706200000|100%| O|  |TAMS 0x0000000706200000, 0x0000000706000000| Untracked 
|  49|0x0000000706200000, 0x0000000706400000, 0x0000000706400000|100%| O|  |TAMS 0x0000000706200000, 0x0000000706200000| Untracked 
|  50|0x0000000706400000, 0x0000000706600000, 0x0000000706600000|100%| O|  |TAMS 0x0000000706600000, 0x0000000706400000| Untracked 
|  51|0x0000000706600000, 0x0000000706800000, 0x0000000706800000|100%|HS|  |TAMS 0x0000000706800000, 0x0000000706600000| Complete 
|  52|0x0000000706800000, 0x0000000706a00000, 0x0000000706a00000|100%| O|  |TAMS 0x0000000706a00000, 0x0000000706800000| Untracked 
|  53|0x0000000706a00000, 0x0000000706c00000, 0x0000000706c00000|100%| O|  |TAMS 0x0000000706c00000, 0x0000000706a00000| Untracked 
|  54|0x0000000706c00000, 0x0000000706e00000, 0x0000000706e00000|100%| O|  |TAMS 0x0000000706e00000, 0x0000000706c00000| Untracked 
|  55|0x0000000706e00000, 0x0000000707000000, 0x0000000707000000|100%| O|  |TAMS 0x0000000707000000, 0x0000000706e00000| Untracked 
|  56|0x0000000707000000, 0x0000000707200000, 0x0000000707200000|100%| O|  |TAMS 0x000000070701f200, 0x0000000707000000| Untracked 
|  57|0x0000000707200000, 0x0000000707400000, 0x0000000707400000|100%| O|  |TAMS 0x0000000707200000, 0x0000000707200000| Untracked 
|  58|0x0000000707400000, 0x0000000707600000, 0x0000000707600000|100%| O|  |TAMS 0x0000000707400000, 0x0000000707400000| Untracked 
|  59|0x0000000707600000, 0x0000000707800000, 0x0000000707800000|100%| O|  |TAMS 0x0000000707600000, 0x0000000707600000| Untracked 
|  60|0x0000000707800000, 0x0000000707a00000, 0x0000000707a00000|100%| O|  |TAMS 0x0000000707800000, 0x0000000707800000| Untracked 
|  61|0x0000000707a00000, 0x0000000707c00000, 0x0000000707c00000|100%| O|  |TAMS 0x0000000707a00000, 0x0000000707a00000| Untracked 
|  62|0x0000000707c00000, 0x0000000707e00000, 0x0000000707e00000|100%| O|  |TAMS 0x0000000707c00000, 0x0000000707c00000| Untracked 
|  63|0x0000000707e00000, 0x0000000708000000, 0x0000000708000000|100%| O|  |TAMS 0x0000000707e00000, 0x0000000707e00000| Untracked 
|  64|0x0000000708000000, 0x0000000708200000, 0x0000000708200000|100%| O|  |TAMS 0x0000000708000000, 0x0000000708000000| Untracked 
|  65|0x0000000708200000, 0x0000000708400000, 0x0000000708400000|100%|HS|  |TAMS 0x0000000708200000, 0x0000000708200000| Complete 
|  66|0x0000000708400000, 0x0000000708600000, 0x0000000708600000|100%| O|  |TAMS 0x0000000708400000, 0x0000000708400000| Untracked 
|  67|0x0000000708600000, 0x0000000708800000, 0x0000000708800000|100%| O|  |TAMS 0x0000000708600000, 0x0000000708600000| Untracked 
|  68|0x0000000708800000, 0x0000000708a00000, 0x0000000708a00000|100%| O|  |TAMS 0x0000000708800000, 0x0000000708800000| Untracked 
|  69|0x0000000708a00000, 0x0000000708c00000, 0x0000000708c00000|100%| O|  |TAMS 0x0000000708a00000, 0x0000000708a00000| Untracked 
|  70|0x0000000708c00000, 0x0000000708e00000, 0x0000000708e00000|100%| O|  |TAMS 0x0000000708c00000, 0x0000000708c00000| Untracked 
|  71|0x0000000708e00000, 0x0000000709000000, 0x0000000709000000|100%| O|  |TAMS 0x0000000708e00000, 0x0000000708e00000| Untracked 
|  72|0x0000000709000000, 0x0000000709200000, 0x0000000709200000|100%| O|  |TAMS 0x0000000709000000, 0x0000000709000000| Untracked 
|  73|0x0000000709200000, 0x0000000709400000, 0x0000000709400000|100%| O|  |TAMS 0x0000000709200000, 0x0000000709200000| Untracked 
|  74|0x0000000709400000, 0x0000000709600000, 0x0000000709600000|100%| O|  |TAMS 0x0000000709400000, 0x0000000709400000| Untracked 
|  75|0x0000000709600000, 0x0000000709800000, 0x0000000709800000|100%| O|  |TAMS 0x0000000709600000, 0x0000000709600000| Untracked 
|  76|0x0000000709800000, 0x0000000709a00000, 0x0000000709a00000|100%| O|  |TAMS 0x0000000709800000, 0x0000000709800000| Untracked 
|  77|0x0000000709a00000, 0x0000000709c00000, 0x0000000709c00000|100%| O|  |TAMS 0x0000000709a00000, 0x0000000709a00000| Untracked 
|  78|0x0000000709c00000, 0x0000000709e00000, 0x0000000709e00000|100%| O|  |TAMS 0x0000000709c00000, 0x0000000709c00000| Untracked 
|  79|0x0000000709e00000, 0x000000070a000000, 0x000000070a000000|100%| O|  |TAMS 0x0000000709e00000, 0x0000000709e00000| Untracked 
|  80|0x000000070a000000, 0x000000070a200000, 0x000000070a200000|100%| O|  |TAMS 0x000000070a000000, 0x000000070a000000| Untracked 
|  81|0x000000070a200000, 0x000000070a400000, 0x000000070a400000|100%| O|  |TAMS 0x000000070a200000, 0x000000070a200000| Untracked 
|  82|0x000000070a400000, 0x000000070a600000, 0x000000070a600000|100%| O|  |TAMS 0x000000070a400000, 0x000000070a400000| Untracked 
|  83|0x000000070a600000, 0x000000070a800000, 0x000000070a800000|100%| O|  |TAMS 0x000000070a600000, 0x000000070a600000| Untracked 
|  84|0x000000070a800000, 0x000000070aa00000, 0x000000070aa00000|100%| O|  |TAMS 0x000000070a800000, 0x000000070a800000| Untracked 
|  85|0x000000070aa00000, 0x000000070ac00000, 0x000000070ac00000|100%| O|  |TAMS 0x000000070aa00000, 0x000000070aa00000| Untracked 
|  86|0x000000070ac00000, 0x000000070ae00000, 0x000000070ae00000|100%| O|  |TAMS 0x000000070ac00000, 0x000000070ac00000| Untracked 
|  87|0x000000070ae00000, 0x000000070b000000, 0x000000070b000000|100%| O|  |TAMS 0x000000070ae00000, 0x000000070ae00000| Untracked 
|  88|0x000000070b000000, 0x000000070b200000, 0x000000070b200000|100%| O|  |TAMS 0x000000070b000000, 0x000000070b000000| Untracked 
|  89|0x000000070b200000, 0x000000070b400000, 0x000000070b400000|100%| O|  |TAMS 0x000000070b200000, 0x000000070b200000| Untracked 
|  90|0x000000070b400000, 0x000000070b600000, 0x000000070b600000|100%| O|  |TAMS 0x000000070b400000, 0x000000070b400000| Untracked 
|  91|0x000000070b600000, 0x000000070b800000, 0x000000070b800000|100%| O|  |TAMS 0x000000070b600000, 0x000000070b600000| Untracked 
|  92|0x000000070b800000, 0x000000070ba00000, 0x000000070ba00000|100%| O|  |TAMS 0x000000070b800000, 0x000000070b800000| Untracked 
|  93|0x000000070ba00000, 0x000000070bc00000, 0x000000070bc00000|100%| O|  |TAMS 0x000000070ba00000, 0x000000070ba00000| Untracked 
|  94|0x000000070bc00000, 0x000000070be00000, 0x000000070be00000|100%| O|  |TAMS 0x000000070bc00000, 0x000000070bc00000| Untracked 
|  95|0x000000070be00000, 0x000000070c000000, 0x000000070c000000|100%| O|  |TAMS 0x000000070be00000, 0x000000070be00000| Untracked 
|  96|0x000000070c000000, 0x000000070c200000, 0x000000070c200000|100%| O|  |TAMS 0x000000070c000000, 0x000000070c000000| Untracked 
|  97|0x000000070c200000, 0x000000070c400000, 0x000000070c400000|100%| O|  |TAMS 0x000000070c200000, 0x000000070c200000| Untracked 
|  98|0x000000070c400000, 0x000000070c600000, 0x000000070c600000|100%| O|  |TAMS 0x000000070c400000, 0x000000070c400000| Untracked 
|  99|0x000000070c600000, 0x000000070c800000, 0x000000070c800000|100%| O|  |TAMS 0x000000070c600000, 0x000000070c600000| Untracked 
| 100|0x000000070c800000, 0x000000070ca00000, 0x000000070ca00000|100%| O|  |TAMS 0x000000070c800000, 0x000000070c800000| Untracked 
| 101|0x000000070ca00000, 0x000000070cc00000, 0x000000070cc00000|100%| O|  |TAMS 0x000000070ca00000, 0x000000070ca00000| Untracked 
| 102|0x000000070cc00000, 0x000000070ce00000, 0x000000070ce00000|100%| O|  |TAMS 0x000000070cc00000, 0x000000070cc00000| Untracked 
| 103|0x000000070ce00000, 0x000000070d000000, 0x000000070d000000|100%| O|  |TAMS 0x000000070ce00000, 0x000000070ce00000| Untracked 
| 104|0x000000070d000000, 0x000000070d200000, 0x000000070d200000|100%| O|  |TAMS 0x000000070d000000, 0x000000070d000000| Untracked 
| 105|0x000000070d200000, 0x000000070d400000, 0x000000070d400000|100%| O|  |TAMS 0x000000070d200000, 0x000000070d200000| Untracked 
| 106|0x000000070d400000, 0x000000070d600000, 0x000000070d600000|100%| O|  |TAMS 0x000000070d400000, 0x000000070d400000| Untracked 
| 107|0x000000070d600000, 0x000000070d800000, 0x000000070d800000|100%| O|  |TAMS 0x000000070d600000, 0x000000070d600000| Untracked 
| 108|0x000000070d800000, 0x000000070da00000, 0x000000070da00000|100%| O|  |TAMS 0x000000070d800000, 0x000000070d800000| Untracked 
| 109|0x000000070da00000, 0x000000070dc00000, 0x000000070dc00000|100%| O|  |TAMS 0x000000070da00000, 0x000000070da00000| Untracked 
| 110|0x000000070dc00000, 0x000000070de00000, 0x000000070de00000|100%| O|  |TAMS 0x000000070dc00000, 0x000000070dc00000| Untracked 
| 111|0x000000070de00000, 0x000000070e000000, 0x000000070e000000|100%| O|  |TAMS 0x000000070de00000, 0x000000070de00000| Untracked 
| 112|0x000000070e000000, 0x000000070e200000, 0x000000070e200000|100%| O|  |TAMS 0x000000070e000000, 0x000000070e000000| Untracked 
| 113|0x000000070e200000, 0x000000070e400000, 0x000000070e400000|100%| O|  |TAMS 0x000000070e200000, 0x000000070e200000| Untracked 
| 114|0x000000070e400000, 0x000000070e600000, 0x000000070e600000|100%| O|  |TAMS 0x000000070e400000, 0x000000070e400000| Untracked 
| 115|0x000000070e600000, 0x000000070e800000, 0x000000070e800000|100%| O|  |TAMS 0x000000070e600000, 0x000000070e600000| Untracked 
| 116|0x000000070e800000, 0x000000070ea00000, 0x000000070ea00000|100%| O|  |TAMS 0x000000070e800000, 0x000000070e800000| Untracked 
| 117|0x000000070ea00000, 0x000000070ec00000, 0x000000070ec00000|100%| O|  |TAMS 0x000000070ea00000, 0x000000070ea00000| Untracked 
| 118|0x000000070ec00000, 0x000000070ee00000, 0x000000070ee00000|100%| O|  |TAMS 0x000000070ec00000, 0x000000070ec00000| Untracked 
| 119|0x000000070ee00000, 0x000000070f000000, 0x000000070f000000|100%| O|  |TAMS 0x000000070ee00000, 0x000000070ee00000| Untracked 
| 120|0x000000070f000000, 0x000000070f200000, 0x000000070f200000|100%| O|  |TAMS 0x000000070f000000, 0x000000070f000000| Untracked 
| 121|0x000000070f200000, 0x000000070f400000, 0x000000070f400000|100%| O|  |TAMS 0x000000070f200000, 0x000000070f200000| Untracked 
| 122|0x000000070f400000, 0x000000070f600000, 0x000000070f600000|100%| O|  |TAMS 0x000000070f400000, 0x000000070f400000| Untracked 
| 123|0x000000070f600000, 0x000000070f800000, 0x000000070f800000|100%| O|  |TAMS 0x000000070f600000, 0x000000070f600000| Untracked 
| 124|0x000000070f800000, 0x000000070fa00000, 0x000000070fa00000|100%| O|  |TAMS 0x000000070f800000, 0x000000070f800000| Untracked 
| 125|0x000000070fa00000, 0x000000070fc00000, 0x000000070fc00000|100%| O|  |TAMS 0x000000070fa00000, 0x000000070fa00000| Untracked 
| 126|0x000000070fc00000, 0x000000070fe00000, 0x000000070fe00000|100%| O|  |TAMS 0x000000070fc00000, 0x000000070fc00000| Untracked 
| 127|0x000000070fe00000, 0x0000000710000000, 0x0000000710000000|100%| O|  |TAMS 0x000000070fe00000, 0x000000070fe00000| Untracked 
| 128|0x0000000710000000, 0x0000000710200000, 0x0000000710200000|100%| O|  |TAMS 0x0000000710000000, 0x0000000710000000| Untracked 
| 129|0x0000000710200000, 0x0000000710400000, 0x0000000710400000|100%| O|  |TAMS 0x0000000710200000, 0x0000000710200000| Untracked 
| 130|0x0000000710400000, 0x0000000710600000, 0x0000000710600000|100%| O|  |TAMS 0x0000000710400000, 0x0000000710400000| Untracked 
| 131|0x0000000710600000, 0x0000000710800000, 0x0000000710800000|100%| O|  |TAMS 0x0000000710600000, 0x0000000710600000| Untracked 
| 132|0x0000000710800000, 0x0000000710a00000, 0x0000000710a00000|100%| O|  |TAMS 0x0000000710800000, 0x0000000710800000| Untracked 
| 133|0x0000000710a00000, 0x0000000710c00000, 0x0000000710c00000|100%| O|  |TAMS 0x0000000710a00000, 0x0000000710a00000| Untracked 
| 134|0x0000000710c00000, 0x0000000710e00000, 0x0000000710e00000|100%| O|  |TAMS 0x0000000710c00000, 0x0000000710c00000| Untracked 
| 135|0x0000000710e00000, 0x0000000711000000, 0x0000000711000000|100%| O|  |TAMS 0x0000000710e00000, 0x0000000710e00000| Untracked 
| 136|0x0000000711000000, 0x0000000711200000, 0x0000000711200000|100%| O|  |TAMS 0x0000000711000000, 0x0000000711000000| Untracked 
| 137|0x0000000711200000, 0x0000000711400000, 0x0000000711400000|100%| O|  |TAMS 0x0000000711200000, 0x0000000711200000| Untracked 
| 138|0x0000000711400000, 0x0000000711600000, 0x0000000711600000|100%| O|  |TAMS 0x0000000711400000, 0x0000000711400000| Untracked 
| 139|0x0000000711600000, 0x0000000711800000, 0x0000000711800000|100%| O|  |TAMS 0x0000000711600000, 0x0000000711600000| Untracked 
| 140|0x0000000711800000, 0x0000000711a00000, 0x0000000711a00000|100%| O|  |TAMS 0x0000000711800000, 0x0000000711800000| Untracked 
| 141|0x0000000711a00000, 0x0000000711c00000, 0x0000000711c00000|100%| O|  |TAMS 0x0000000711a00000, 0x0000000711a00000| Untracked 
| 142|0x0000000711c00000, 0x0000000711e00000, 0x0000000711e00000|100%| O|  |TAMS 0x0000000711c00000, 0x0000000711c00000| Untracked 
| 143|0x0000000711e00000, 0x0000000712000000, 0x0000000712000000|100%| O|  |TAMS 0x0000000711e00000, 0x0000000711e00000| Untracked 
| 144|0x0000000712000000, 0x0000000712200000, 0x0000000712200000|100%| O|  |TAMS 0x0000000712000000, 0x0000000712000000| Untracked 
| 145|0x0000000712200000, 0x0000000712400000, 0x0000000712400000|100%| O|  |TAMS 0x0000000712200000, 0x0000000712200000| Untracked 
| 146|0x0000000712400000, 0x0000000712600000, 0x0000000712600000|100%| O|  |TAMS 0x0000000712400000, 0x0000000712400000| Untracked 
| 147|0x0000000712600000, 0x0000000712800000, 0x0000000712800000|100%| O|  |TAMS 0x0000000712600000, 0x0000000712600000| Untracked 
| 148|0x0000000712800000, 0x0000000712800000, 0x0000000712a00000|  0%| F|  |TAMS 0x0000000712800000, 0x0000000712800000| Untracked 
| 149|0x0000000712a00000, 0x0000000712a00000, 0x0000000712c00000|  0%| F|  |TAMS 0x0000000712a00000, 0x0000000712a00000| Untracked 
| 150|0x0000000712c00000, 0x0000000712c00000, 0x0000000712e00000|  0%| F|  |TAMS 0x0000000712c00000, 0x0000000712c00000| Untracked 
| 151|0x0000000712e00000, 0x0000000712e00000, 0x0000000713000000|  0%| F|  |TAMS 0x0000000712e00000, 0x0000000712e00000| Untracked 
| 152|0x0000000713000000, 0x0000000713000000, 0x0000000713200000|  0%| F|  |TAMS 0x0000000713000000, 0x0000000713000000| Untracked 
| 153|0x0000000713200000, 0x0000000713200000, 0x0000000713400000|  0%| F|  |TAMS 0x0000000713200000, 0x0000000713200000| Untracked 
| 154|0x0000000713400000, 0x0000000713400000, 0x0000000713600000|  0%| F|  |TAMS 0x0000000713400000, 0x0000000713400000| Untracked 
| 155|0x0000000713600000, 0x0000000713600000, 0x0000000713800000|  0%| F|  |TAMS 0x0000000713600000, 0x0000000713600000| Untracked 
| 156|0x0000000713800000, 0x0000000713800000, 0x0000000713a00000|  0%| F|  |TAMS 0x0000000713800000, 0x0000000713800000| Untracked 
| 157|0x0000000713a00000, 0x0000000713a00000, 0x0000000713c00000|  0%| F|  |TAMS 0x0000000713a00000, 0x0000000713a00000| Untracked 
| 158|0x0000000713c00000, 0x0000000713c00000, 0x0000000713e00000|  0%| F|  |TAMS 0x0000000713c00000, 0x0000000713c00000| Untracked 
| 159|0x0000000713e00000, 0x0000000713e00000, 0x0000000714000000|  0%| F|  |TAMS 0x0000000713e00000, 0x0000000713e00000| Untracked 
| 160|0x0000000714000000, 0x0000000714000000, 0x0000000714200000|  0%| F|  |TAMS 0x0000000714000000, 0x0000000714000000| Untracked 
| 161|0x0000000714200000, 0x0000000714200000, 0x0000000714400000|  0%| F|  |TAMS 0x0000000714200000, 0x0000000714200000| Untracked 
| 162|0x0000000714400000, 0x0000000714400000, 0x0000000714600000|  0%| F|  |TAMS 0x0000000714400000, 0x0000000714400000| Untracked 
| 163|0x0000000714600000, 0x0000000714600000, 0x0000000714800000|  0%| F|  |TAMS 0x0000000714600000, 0x0000000714600000| Untracked 
| 164|0x0000000714800000, 0x0000000714800000, 0x0000000714a00000|  0%| F|  |TAMS 0x0000000714800000, 0x0000000714800000| Untracked 
| 165|0x0000000714a00000, 0x0000000714a00000, 0x0000000714c00000|  0%| F|  |TAMS 0x0000000714a00000, 0x0000000714a00000| Untracked 
| 166|0x0000000714c00000, 0x0000000714e00000, 0x0000000714e00000|100%| O|  |TAMS 0x0000000714c00000, 0x0000000714c00000| Untracked 
| 167|0x0000000714e00000, 0x0000000715000000, 0x0000000715000000|100%| O|  |TAMS 0x0000000714e00000, 0x0000000714e00000| Untracked 
| 168|0x0000000715000000, 0x0000000715200000, 0x0000000715200000|100%| O|  |TAMS 0x0000000715000000, 0x0000000715000000| Untracked 
| 169|0x0000000715200000, 0x0000000715200000, 0x0000000715400000|  0%| F|  |TAMS 0x0000000715200000, 0x0000000715200000| Untracked 
| 170|0x0000000715400000, 0x0000000715400000, 0x0000000715600000|  0%| F|  |TAMS 0x0000000715400000, 0x0000000715400000| Untracked 
| 171|0x0000000715600000, 0x0000000715600000, 0x0000000715800000|  0%| F|  |TAMS 0x0000000715600000, 0x0000000715600000| Untracked 
| 172|0x0000000715800000, 0x0000000715800000, 0x0000000715a00000|  0%| F|  |TAMS 0x0000000715800000, 0x0000000715800000| Untracked 
| 173|0x0000000715a00000, 0x0000000715a00000, 0x0000000715c00000|  0%| F|  |TAMS 0x0000000715a00000, 0x0000000715a00000| Untracked 
| 174|0x0000000715c00000, 0x0000000715c00000, 0x0000000715e00000|  0%| F|  |TAMS 0x0000000715c00000, 0x0000000715c00000| Untracked 
| 175|0x0000000715e00000, 0x0000000715e00000, 0x0000000716000000|  0%| F|  |TAMS 0x0000000715e00000, 0x0000000715e00000| Untracked 
| 176|0x0000000716000000, 0x0000000716000000, 0x0000000716200000|  0%| F|  |TAMS 0x0000000716000000, 0x0000000716000000| Untracked 
| 177|0x0000000716200000, 0x0000000716200000, 0x0000000716400000|  0%| F|  |TAMS 0x0000000716200000, 0x0000000716200000| Untracked 
| 178|0x0000000716400000, 0x0000000716400000, 0x0000000716600000|  0%| F|  |TAMS 0x0000000716400000, 0x0000000716400000| Untracked 
| 179|0x0000000716600000, 0x0000000716600000, 0x0000000716800000|  0%| F|  |TAMS 0x0000000716600000, 0x0000000716600000| Untracked 
| 180|0x0000000716800000, 0x0000000716800000, 0x0000000716a00000|  0%| F|  |TAMS 0x0000000716800000, 0x0000000716800000| Untracked 
| 181|0x0000000716a00000, 0x0000000716a00000, 0x0000000716c00000|  0%| F|  |TAMS 0x0000000716a00000, 0x0000000716a00000| Untracked 
| 182|0x0000000716c00000, 0x0000000716c00000, 0x0000000716e00000|  0%| F|  |TAMS 0x0000000716c00000, 0x0000000716c00000| Untracked 
| 183|0x0000000716e00000, 0x0000000716e00000, 0x0000000717000000|  0%| F|  |TAMS 0x0000000716e00000, 0x0000000716e00000| Untracked 
| 184|0x0000000717000000, 0x0000000717000000, 0x0000000717200000|  0%| F|  |TAMS 0x0000000717000000, 0x0000000717000000| Untracked 
| 185|0x0000000717200000, 0x0000000717200000, 0x0000000717400000|  0%| F|  |TAMS 0x0000000717200000, 0x0000000717200000| Untracked 
| 186|0x0000000717400000, 0x0000000717400000, 0x0000000717600000|  0%| F|  |TAMS 0x0000000717400000, 0x0000000717400000| Untracked 
| 187|0x0000000717600000, 0x0000000717600000, 0x0000000717800000|  0%| F|  |TAMS 0x0000000717600000, 0x0000000717600000| Untracked 
| 188|0x0000000717800000, 0x0000000717800000, 0x0000000717a00000|  0%| F|  |TAMS 0x0000000717800000, 0x0000000717800000| Untracked 
| 189|0x0000000717a00000, 0x0000000717a00000, 0x0000000717c00000|  0%| F|  |TAMS 0x0000000717a00000, 0x0000000717a00000| Untracked 
| 190|0x0000000717c00000, 0x0000000717c00000, 0x0000000717e00000|  0%| F|  |TAMS 0x0000000717c00000, 0x0000000717c00000| Untracked 
| 191|0x0000000717e00000, 0x0000000717e00000, 0x0000000718000000|  0%| F|  |TAMS 0x0000000717e00000, 0x0000000717e00000| Untracked 
| 192|0x0000000718000000, 0x0000000718000000, 0x0000000718200000|  0%| F|  |TAMS 0x0000000718000000, 0x0000000718000000| Untracked 
| 193|0x0000000718200000, 0x0000000718200000, 0x0000000718400000|  0%| F|  |TAMS 0x0000000718200000, 0x0000000718200000| Untracked 
| 194|0x0000000718400000, 0x0000000718400000, 0x0000000718600000|  0%| F|  |TAMS 0x0000000718400000, 0x0000000718400000| Untracked 
| 195|0x0000000718600000, 0x0000000718600000, 0x0000000718800000|  0%| F|  |TAMS 0x0000000718600000, 0x0000000718600000| Untracked 
| 196|0x0000000718800000, 0x0000000718800000, 0x0000000718a00000|  0%| F|  |TAMS 0x0000000718800000, 0x0000000718800000| Untracked 
| 197|0x0000000718a00000, 0x0000000718a00000, 0x0000000718c00000|  0%| F|  |TAMS 0x0000000718a00000, 0x0000000718a00000| Untracked 
| 198|0x0000000718c00000, 0x0000000718c00000, 0x0000000718e00000|  0%| F|  |TAMS 0x0000000718c00000, 0x0000000718c00000| Untracked 
| 199|0x0000000718e00000, 0x0000000718e00000, 0x0000000719000000|  0%| F|  |TAMS 0x0000000718e00000, 0x0000000718e00000| Untracked 
| 200|0x0000000719000000, 0x0000000719000000, 0x0000000719200000|  0%| F|  |TAMS 0x0000000719000000, 0x0000000719000000| Untracked 
| 201|0x0000000719200000, 0x0000000719200000, 0x0000000719400000|  0%| F|  |TAMS 0x0000000719200000, 0x0000000719200000| Untracked 
| 202|0x0000000719400000, 0x0000000719400000, 0x0000000719600000|  0%| F|  |TAMS 0x0000000719400000, 0x0000000719400000| Untracked 
| 203|0x0000000719600000, 0x0000000719600000, 0x0000000719800000|  0%| F|  |TAMS 0x0000000719600000, 0x0000000719600000| Untracked 
| 204|0x0000000719800000, 0x0000000719800000, 0x0000000719a00000|  0%| F|  |TAMS 0x0000000719800000, 0x0000000719800000| Untracked 
| 205|0x0000000719a00000, 0x0000000719a00000, 0x0000000719c00000|  0%| F|  |TAMS 0x0000000719a00000, 0x0000000719a00000| Untracked 
| 206|0x0000000719c00000, 0x0000000719c00000, 0x0000000719e00000|  0%| F|  |TAMS 0x0000000719c00000, 0x0000000719c00000| Untracked 
| 207|0x0000000719e00000, 0x0000000719e00000, 0x000000071a000000|  0%| F|  |TAMS 0x0000000719e00000, 0x0000000719e00000| Untracked 
| 208|0x000000071a000000, 0x000000071a000000, 0x000000071a200000|  0%| F|  |TAMS 0x000000071a000000, 0x000000071a000000| Untracked 
| 209|0x000000071a200000, 0x000000071a200000, 0x000000071a400000|  0%| F|  |TAMS 0x000000071a200000, 0x000000071a200000| Untracked 
| 210|0x000000071a400000, 0x000000071a400000, 0x000000071a600000|  0%| F|  |TAMS 0x000000071a400000, 0x000000071a400000| Untracked 
| 211|0x000000071a600000, 0x000000071a600000, 0x000000071a800000|  0%| F|  |TAMS 0x000000071a600000, 0x000000071a600000| Untracked 
| 212|0x000000071a800000, 0x000000071a800000, 0x000000071aa00000|  0%| F|  |TAMS 0x000000071a800000, 0x000000071a800000| Untracked 
| 213|0x000000071aa00000, 0x000000071aa00000, 0x000000071ac00000|  0%| F|  |TAMS 0x000000071aa00000, 0x000000071aa00000| Untracked 
| 214|0x000000071ac00000, 0x000000071ac00000, 0x000000071ae00000|  0%| F|  |TAMS 0x000000071ac00000, 0x000000071ac00000| Untracked 
| 215|0x000000071ae00000, 0x000000071ae00000, 0x000000071b000000|  0%| F|  |TAMS 0x000000071ae00000, 0x000000071ae00000| Untracked 
| 216|0x000000071b000000, 0x000000071b000000, 0x000000071b200000|  0%| F|  |TAMS 0x000000071b000000, 0x000000071b000000| Untracked 
| 217|0x000000071b200000, 0x000000071b200000, 0x000000071b400000|  0%| F|  |TAMS 0x000000071b200000, 0x000000071b200000| Untracked 
| 218|0x000000071b400000, 0x000000071b400000, 0x000000071b600000|  0%| F|  |TAMS 0x000000071b400000, 0x000000071b400000| Untracked 
| 219|0x000000071b600000, 0x000000071b600000, 0x000000071b800000|  0%| F|  |TAMS 0x000000071b600000, 0x000000071b600000| Untracked 
| 220|0x000000071b800000, 0x000000071b800000, 0x000000071ba00000|  0%| F|  |TAMS 0x000000071b800000, 0x000000071b800000| Untracked 
| 221|0x000000071ba00000, 0x000000071ba00000, 0x000000071bc00000|  0%| F|  |TAMS 0x000000071ba00000, 0x000000071ba00000| Untracked 
| 222|0x000000071bc00000, 0x000000071bc00000, 0x000000071be00000|  0%| F|  |TAMS 0x000000071bc00000, 0x000000071bc00000| Untracked 
| 223|0x000000071be00000, 0x000000071be00000, 0x000000071c000000|  0%| F|  |TAMS 0x000000071be00000, 0x000000071be00000| Untracked 
| 224|0x000000071c000000, 0x000000071c000000, 0x000000071c200000|  0%| F|  |TAMS 0x000000071c000000, 0x000000071c000000| Untracked 
| 225|0x000000071c200000, 0x000000071c200000, 0x000000071c400000|  0%| F|  |TAMS 0x000000071c200000, 0x000000071c200000| Untracked 
| 226|0x000000071c400000, 0x000000071c400000, 0x000000071c600000|  0%| F|  |TAMS 0x000000071c400000, 0x000000071c400000| Untracked 
| 227|0x000000071c600000, 0x000000071c600000, 0x000000071c800000|  0%| F|  |TAMS 0x000000071c600000, 0x000000071c600000| Untracked 
| 228|0x000000071c800000, 0x000000071c800000, 0x000000071ca00000|  0%| F|  |TAMS 0x000000071c800000, 0x000000071c800000| Untracked 
| 229|0x000000071ca00000, 0x000000071ca00000, 0x000000071cc00000|  0%| F|  |TAMS 0x000000071ca00000, 0x000000071ca00000| Untracked 
| 230|0x000000071cc00000, 0x000000071cc00000, 0x000000071ce00000|  0%| F|  |TAMS 0x000000071cc00000, 0x000000071cc00000| Untracked 
| 231|0x000000071ce00000, 0x000000071ce00000, 0x000000071d000000|  0%| F|  |TAMS 0x000000071ce00000, 0x000000071ce00000| Untracked 
| 232|0x000000071d000000, 0x000000071d000000, 0x000000071d200000|  0%| F|  |TAMS 0x000000071d000000, 0x000000071d000000| Untracked 
| 233|0x000000071d200000, 0x000000071d200000, 0x000000071d400000|  0%| F|  |TAMS 0x000000071d200000, 0x000000071d200000| Untracked 
| 234|0x000000071d400000, 0x000000071d400000, 0x000000071d600000|  0%| F|  |TAMS 0x000000071d400000, 0x000000071d400000| Untracked 
| 235|0x000000071d600000, 0x000000071d600000, 0x000000071d800000|  0%| F|  |TAMS 0x000000071d600000, 0x000000071d600000| Untracked 
| 236|0x000000071d800000, 0x000000071d800000, 0x000000071da00000|  0%| F|  |TAMS 0x000000071d800000, 0x000000071d800000| Untracked 
| 237|0x000000071da00000, 0x000000071da00000, 0x000000071dc00000|  0%| F|  |TAMS 0x000000071da00000, 0x000000071da00000| Untracked 
| 238|0x000000071dc00000, 0x000000071dc00000, 0x000000071de00000|  0%| F|  |TAMS 0x000000071dc00000, 0x000000071dc00000| Untracked 
| 239|0x000000071de00000, 0x000000071de00000, 0x000000071e000000|  0%| F|  |TAMS 0x000000071de00000, 0x000000071de00000| Untracked 
| 240|0x000000071e000000, 0x000000071e000000, 0x000000071e200000|  0%| F|  |TAMS 0x000000071e000000, 0x000000071e000000| Untracked 
| 241|0x000000071e200000, 0x000000071e200000, 0x000000071e400000|  0%| F|  |TAMS 0x000000071e200000, 0x000000071e200000| Untracked 
| 242|0x000000071e400000, 0x000000071e400000, 0x000000071e600000|  0%| F|  |TAMS 0x000000071e400000, 0x000000071e400000| Untracked 
| 243|0x000000071e600000, 0x000000071e600000, 0x000000071e800000|  0%| F|  |TAMS 0x000000071e600000, 0x000000071e600000| Untracked 
| 244|0x000000071e800000, 0x000000071e800000, 0x000000071ea00000|  0%| F|  |TAMS 0x000000071e800000, 0x000000071e800000| Untracked 
| 245|0x000000071ea00000, 0x000000071ea00000, 0x000000071ec00000|  0%| F|  |TAMS 0x000000071ea00000, 0x000000071ea00000| Untracked 
| 246|0x000000071ec00000, 0x000000071ec00000, 0x000000071ee00000|  0%| F|  |TAMS 0x000000071ec00000, 0x000000071ec00000| Untracked 
| 247|0x000000071ee00000, 0x000000071ee00000, 0x000000071f000000|  0%| F|  |TAMS 0x000000071ee00000, 0x000000071ee00000| Untracked 
| 248|0x000000071f000000, 0x000000071f000000, 0x000000071f200000|  0%| F|  |TAMS 0x000000071f000000, 0x000000071f000000| Untracked 
| 249|0x000000071f200000, 0x000000071f200000, 0x000000071f400000|  0%| F|  |TAMS 0x000000071f200000, 0x000000071f200000| Untracked 
| 250|0x000000071f400000, 0x000000071f400000, 0x000000071f600000|  0%| F|  |TAMS 0x000000071f400000, 0x000000071f400000| Untracked 
| 251|0x000000071f600000, 0x000000071f600000, 0x000000071f800000|  0%| F|  |TAMS 0x000000071f600000, 0x000000071f600000| Untracked 
| 252|0x000000071f800000, 0x000000071f800000, 0x000000071fa00000|  0%| F|  |TAMS 0x000000071f800000, 0x000000071f800000| Untracked 
| 253|0x000000071fa00000, 0x000000071fa00000, 0x000000071fc00000|  0%| F|  |TAMS 0x000000071fa00000, 0x000000071fa00000| Untracked 
| 254|0x000000071fc00000, 0x000000071fc00000, 0x000000071fe00000|  0%| F|  |TAMS 0x000000071fc00000, 0x000000071fc00000| Untracked 
| 255|0x000000071fe00000, 0x000000071fe00000, 0x0000000720000000|  0%| F|  |TAMS 0x000000071fe00000, 0x000000071fe00000| Untracked 
| 256|0x0000000720000000, 0x0000000720000000, 0x0000000720200000|  0%| F|  |TAMS 0x0000000720000000, 0x0000000720000000| Untracked 
| 257|0x0000000720200000, 0x0000000720200000, 0x0000000720400000|  0%| F|  |TAMS 0x0000000720200000, 0x0000000720200000| Untracked 
| 258|0x0000000720400000, 0x0000000720400000, 0x0000000720600000|  0%| F|  |TAMS 0x0000000720400000, 0x0000000720400000| Untracked 
| 259|0x0000000720600000, 0x0000000720600000, 0x0000000720800000|  0%| F|  |TAMS 0x0000000720600000, 0x0000000720600000| Untracked 
| 260|0x0000000720800000, 0x0000000720800000, 0x0000000720a00000|  0%| F|  |TAMS 0x0000000720800000, 0x0000000720800000| Untracked 
| 261|0x0000000720a00000, 0x0000000720a00000, 0x0000000720c00000|  0%| F|  |TAMS 0x0000000720a00000, 0x0000000720a00000| Untracked 
| 262|0x0000000720c00000, 0x0000000720c00000, 0x0000000720e00000|  0%| F|  |TAMS 0x0000000720c00000, 0x0000000720c00000| Untracked 
| 263|0x0000000720e00000, 0x0000000720e00000, 0x0000000721000000|  0%| F|  |TAMS 0x0000000720e00000, 0x0000000720e00000| Untracked 
| 264|0x0000000721000000, 0x0000000721000000, 0x0000000721200000|  0%| F|  |TAMS 0x0000000721000000, 0x0000000721000000| Untracked 
| 265|0x0000000721200000, 0x0000000721200000, 0x0000000721400000|  0%| F|  |TAMS 0x0000000721200000, 0x0000000721200000| Untracked 
| 266|0x0000000721400000, 0x0000000721400000, 0x0000000721600000|  0%| F|  |TAMS 0x0000000721400000, 0x0000000721400000| Untracked 
| 267|0x0000000721600000, 0x0000000721600000, 0x0000000721800000|  0%| F|  |TAMS 0x0000000721600000, 0x0000000721600000| Untracked 
| 268|0x0000000721800000, 0x0000000721800000, 0x0000000721a00000|  0%| F|  |TAMS 0x0000000721800000, 0x0000000721800000| Untracked 
| 269|0x0000000721a00000, 0x0000000721a00000, 0x0000000721c00000|  0%| F|  |TAMS 0x0000000721a00000, 0x0000000721a00000| Untracked 
| 270|0x0000000721c00000, 0x0000000721c00000, 0x0000000721e00000|  0%| F|  |TAMS 0x0000000721c00000, 0x0000000721c00000| Untracked 
| 271|0x0000000721e00000, 0x0000000721e00000, 0x0000000722000000|  0%| F|  |TAMS 0x0000000721e00000, 0x0000000721e00000| Untracked 
| 272|0x0000000722000000, 0x0000000722000000, 0x0000000722200000|  0%| F|  |TAMS 0x0000000722000000, 0x0000000722000000| Untracked 
| 273|0x0000000722200000, 0x0000000722200000, 0x0000000722400000|  0%| F|  |TAMS 0x0000000722200000, 0x0000000722200000| Untracked 
| 274|0x0000000722400000, 0x0000000722400000, 0x0000000722600000|  0%| F|  |TAMS 0x0000000722400000, 0x0000000722400000| Untracked 
| 275|0x0000000722600000, 0x0000000722600000, 0x0000000722800000|  0%| F|  |TAMS 0x0000000722600000, 0x0000000722600000| Untracked 
| 276|0x0000000722800000, 0x0000000722800000, 0x0000000722a00000|  0%| F|  |TAMS 0x0000000722800000, 0x0000000722800000| Untracked 
| 277|0x0000000722a00000, 0x0000000722a00000, 0x0000000722c00000|  0%| F|  |TAMS 0x0000000722a00000, 0x0000000722a00000| Untracked 
| 278|0x0000000722c00000, 0x0000000722c00000, 0x0000000722e00000|  0%| F|  |TAMS 0x0000000722c00000, 0x0000000722c00000| Untracked 
| 279|0x0000000722e00000, 0x0000000722e00000, 0x0000000723000000|  0%| F|  |TAMS 0x0000000722e00000, 0x0000000722e00000| Untracked 
| 280|0x0000000723000000, 0x0000000723000000, 0x0000000723200000|  0%| F|  |TAMS 0x0000000723000000, 0x0000000723000000| Untracked 
| 281|0x0000000723200000, 0x0000000723200000, 0x0000000723400000|  0%| F|  |TAMS 0x0000000723200000, 0x0000000723200000| Untracked 
| 282|0x0000000723400000, 0x0000000723400000, 0x0000000723600000|  0%| F|  |TAMS 0x0000000723400000, 0x0000000723400000| Untracked 
| 283|0x0000000723600000, 0x0000000723600000, 0x0000000723800000|  0%| F|  |TAMS 0x0000000723600000, 0x0000000723600000| Untracked 
| 284|0x0000000723800000, 0x0000000723800000, 0x0000000723a00000|  0%| F|  |TAMS 0x0000000723800000, 0x0000000723800000| Untracked 
| 285|0x0000000723a00000, 0x0000000723a00000, 0x0000000723c00000|  0%| F|  |TAMS 0x0000000723a00000, 0x0000000723a00000| Untracked 
| 286|0x0000000723c00000, 0x0000000723c00000, 0x0000000723e00000|  0%| F|  |TAMS 0x0000000723c00000, 0x0000000723c00000| Untracked 
| 287|0x0000000723e00000, 0x0000000723e00000, 0x0000000724000000|  0%| F|  |TAMS 0x0000000723e00000, 0x0000000723e00000| Untracked 
| 288|0x0000000724000000, 0x0000000724000000, 0x0000000724200000|  0%| F|  |TAMS 0x0000000724000000, 0x0000000724000000| Untracked 
| 289|0x0000000724200000, 0x0000000724200000, 0x0000000724400000|  0%| F|  |TAMS 0x0000000724200000, 0x0000000724200000| Untracked 
| 290|0x0000000724400000, 0x0000000724400000, 0x0000000724600000|  0%| F|  |TAMS 0x0000000724400000, 0x0000000724400000| Untracked 
| 291|0x0000000724600000, 0x0000000724600000, 0x0000000724800000|  0%| F|  |TAMS 0x0000000724600000, 0x0000000724600000| Untracked 
| 292|0x0000000724800000, 0x0000000724800000, 0x0000000724a00000|  0%| F|  |TAMS 0x0000000724800000, 0x0000000724800000| Untracked 
| 293|0x0000000724a00000, 0x0000000724a00000, 0x0000000724c00000|  0%| F|  |TAMS 0x0000000724a00000, 0x0000000724a00000| Untracked 
| 294|0x0000000724c00000, 0x0000000724c00000, 0x0000000724e00000|  0%| F|  |TAMS 0x0000000724c00000, 0x0000000724c00000| Untracked 
| 295|0x0000000724e00000, 0x0000000724e00000, 0x0000000725000000|  0%| F|  |TAMS 0x0000000724e00000, 0x0000000724e00000| Untracked 
| 296|0x0000000725000000, 0x0000000725000000, 0x0000000725200000|  0%| F|  |TAMS 0x0000000725000000, 0x0000000725000000| Untracked 
| 297|0x0000000725200000, 0x0000000725200000, 0x0000000725400000|  0%| F|  |TAMS 0x0000000725200000, 0x0000000725200000| Untracked 
| 298|0x0000000725400000, 0x0000000725400000, 0x0000000725600000|  0%| F|  |TAMS 0x0000000725400000, 0x0000000725400000| Untracked 
| 299|0x0000000725600000, 0x0000000725600000, 0x0000000725800000|  0%| F|  |TAMS 0x0000000725600000, 0x0000000725600000| Untracked 
| 300|0x0000000725800000, 0x0000000725800000, 0x0000000725a00000|  0%| F|  |TAMS 0x0000000725800000, 0x0000000725800000| Untracked 
| 301|0x0000000725a00000, 0x0000000725a00000, 0x0000000725c00000|  0%| F|  |TAMS 0x0000000725a00000, 0x0000000725a00000| Untracked 
| 302|0x0000000725c00000, 0x0000000725c00000, 0x0000000725e00000|  0%| F|  |TAMS 0x0000000725c00000, 0x0000000725c00000| Untracked 
| 303|0x0000000725e00000, 0x0000000725e00000, 0x0000000726000000|  0%| F|  |TAMS 0x0000000725e00000, 0x0000000725e00000| Untracked 
| 304|0x0000000726000000, 0x0000000726000000, 0x0000000726200000|  0%| F|  |TAMS 0x0000000726000000, 0x0000000726000000| Untracked 
| 305|0x0000000726200000, 0x0000000726200000, 0x0000000726400000|  0%| F|  |TAMS 0x0000000726200000, 0x0000000726200000| Untracked 
| 306|0x0000000726400000, 0x0000000726400000, 0x0000000726600000|  0%| F|  |TAMS 0x0000000726400000, 0x0000000726400000| Untracked 
| 307|0x0000000726600000, 0x0000000726600000, 0x0000000726800000|  0%| F|  |TAMS 0x0000000726600000, 0x0000000726600000| Untracked 
| 308|0x0000000726800000, 0x0000000726800000, 0x0000000726a00000|  0%| F|  |TAMS 0x0000000726800000, 0x0000000726800000| Untracked 
| 309|0x0000000726a00000, 0x0000000726a00000, 0x0000000726c00000|  0%| F|  |TAMS 0x0000000726a00000, 0x0000000726a00000| Untracked 
| 310|0x0000000726c00000, 0x0000000726c00000, 0x0000000726e00000|  0%| F|  |TAMS 0x0000000726c00000, 0x0000000726c00000| Untracked 
| 311|0x0000000726e00000, 0x0000000726e00000, 0x0000000727000000|  0%| F|  |TAMS 0x0000000726e00000, 0x0000000726e00000| Untracked 
| 312|0x0000000727000000, 0x0000000727000000, 0x0000000727200000|  0%| F|  |TAMS 0x0000000727000000, 0x0000000727000000| Untracked 
| 313|0x0000000727200000, 0x0000000727200000, 0x0000000727400000|  0%| F|  |TAMS 0x0000000727200000, 0x0000000727200000| Untracked 
| 314|0x0000000727400000, 0x0000000727400000, 0x0000000727600000|  0%| F|  |TAMS 0x0000000727400000, 0x0000000727400000| Untracked 
| 315|0x0000000727600000, 0x0000000727600000, 0x0000000727800000|  0%| F|  |TAMS 0x0000000727600000, 0x0000000727600000| Untracked 
| 316|0x0000000727800000, 0x0000000727800000, 0x0000000727a00000|  0%| F|  |TAMS 0x0000000727800000, 0x0000000727800000| Untracked 
| 317|0x0000000727a00000, 0x0000000727a00000, 0x0000000727c00000|  0%| F|  |TAMS 0x0000000727a00000, 0x0000000727a00000| Untracked 
| 318|0x0000000727c00000, 0x0000000727c00000, 0x0000000727e00000|  0%| F|  |TAMS 0x0000000727c00000, 0x0000000727c00000| Untracked 
| 319|0x0000000727e00000, 0x0000000727e00000, 0x0000000728000000|  0%| F|  |TAMS 0x0000000727e00000, 0x0000000727e00000| Untracked 
| 320|0x0000000728000000, 0x0000000728000000, 0x0000000728200000|  0%| F|  |TAMS 0x0000000728000000, 0x0000000728000000| Untracked 
| 321|0x0000000728200000, 0x0000000728200000, 0x0000000728400000|  0%| F|  |TAMS 0x0000000728200000, 0x0000000728200000| Untracked 
| 322|0x0000000728400000, 0x0000000728400000, 0x0000000728600000|  0%| F|  |TAMS 0x0000000728400000, 0x0000000728400000| Untracked 
| 323|0x0000000728600000, 0x000000072863a310, 0x0000000728800000| 11%| S|CS|TAMS 0x0000000728600000, 0x0000000728600000| Complete 
| 324|0x0000000728800000, 0x0000000728a00000, 0x0000000728a00000|100%| S|CS|TAMS 0x0000000728800000, 0x0000000728800000| Complete 
| 325|0x0000000728a00000, 0x0000000728c00000, 0x0000000728c00000|100%| S|CS|TAMS 0x0000000728a00000, 0x0000000728a00000| Complete 
| 326|0x0000000728c00000, 0x0000000728e00000, 0x0000000728e00000|100%| S|CS|TAMS 0x0000000728c00000, 0x0000000728c00000| Complete 
| 327|0x0000000728e00000, 0x0000000728e00000, 0x0000000729000000|  0%| F|  |TAMS 0x0000000728e00000, 0x0000000728e00000| Untracked 
| 328|0x0000000729000000, 0x0000000729000000, 0x0000000729200000|  0%| F|  |TAMS 0x0000000729000000, 0x0000000729000000| Untracked 
| 329|0x0000000729200000, 0x0000000729200000, 0x0000000729400000|  0%| F|  |TAMS 0x0000000729200000, 0x0000000729200000| Untracked 
| 330|0x0000000729400000, 0x0000000729400000, 0x0000000729600000|  0%| F|  |TAMS 0x0000000729400000, 0x0000000729400000| Untracked 
| 331|0x0000000729600000, 0x0000000729600000, 0x0000000729800000|  0%| F|  |TAMS 0x0000000729600000, 0x0000000729600000| Untracked 
| 332|0x0000000729800000, 0x0000000729800000, 0x0000000729a00000|  0%| F|  |TAMS 0x0000000729800000, 0x0000000729800000| Untracked 
| 333|0x0000000729a00000, 0x0000000729a00000, 0x0000000729c00000|  0%| F|  |TAMS 0x0000000729a00000, 0x0000000729a00000| Untracked 
| 334|0x0000000729c00000, 0x0000000729c00000, 0x0000000729e00000|  0%| F|  |TAMS 0x0000000729c00000, 0x0000000729c00000| Untracked 
| 335|0x0000000729e00000, 0x0000000729e00000, 0x000000072a000000|  0%| F|  |TAMS 0x0000000729e00000, 0x0000000729e00000| Untracked 
| 336|0x000000072a000000, 0x000000072a000000, 0x000000072a200000|  0%| F|  |TAMS 0x000000072a000000, 0x000000072a000000| Untracked 
| 337|0x000000072a200000, 0x000000072a200000, 0x000000072a400000|  0%| F|  |TAMS 0x000000072a200000, 0x000000072a200000| Untracked 
| 338|0x000000072a400000, 0x000000072a400000, 0x000000072a600000|  0%| F|  |TAMS 0x000000072a400000, 0x000000072a400000| Untracked 
| 339|0x000000072a600000, 0x000000072a600000, 0x000000072a800000|  0%| F|  |TAMS 0x000000072a600000, 0x000000072a600000| Untracked 
| 340|0x000000072a800000, 0x000000072a800000, 0x000000072aa00000|  0%| F|  |TAMS 0x000000072a800000, 0x000000072a800000| Untracked 
| 341|0x000000072aa00000, 0x000000072aa00000, 0x000000072ac00000|  0%| F|  |TAMS 0x000000072aa00000, 0x000000072aa00000| Untracked 
| 342|0x000000072ac00000, 0x000000072ac00000, 0x000000072ae00000|  0%| F|  |TAMS 0x000000072ac00000, 0x000000072ac00000| Untracked 
| 343|0x000000072ae00000, 0x000000072ae00000, 0x000000072b000000|  0%| F|  |TAMS 0x000000072ae00000, 0x000000072ae00000| Untracked 
| 344|0x000000072b000000, 0x000000072b000000, 0x000000072b200000|  0%| F|  |TAMS 0x000000072b000000, 0x000000072b000000| Untracked 
| 345|0x000000072b200000, 0x000000072b200000, 0x000000072b400000|  0%| F|  |TAMS 0x000000072b200000, 0x000000072b200000| Untracked 
| 346|0x000000072b400000, 0x000000072b400000, 0x000000072b600000|  0%| F|  |TAMS 0x000000072b400000, 0x000000072b400000| Untracked 
| 347|0x000000072b600000, 0x000000072b600000, 0x000000072b800000|  0%| F|  |TAMS 0x000000072b600000, 0x000000072b600000| Untracked 
| 348|0x000000072b800000, 0x000000072b800000, 0x000000072ba00000|  0%| F|  |TAMS 0x000000072b800000, 0x000000072b800000| Untracked 
| 349|0x000000072ba00000, 0x000000072ba00000, 0x000000072bc00000|  0%| F|  |TAMS 0x000000072ba00000, 0x000000072ba00000| Untracked 
| 350|0x000000072bc00000, 0x000000072bc00000, 0x000000072be00000|  0%| F|  |TAMS 0x000000072bc00000, 0x000000072bc00000| Untracked 
| 351|0x000000072be00000, 0x000000072be00000, 0x000000072c000000|  0%| F|  |TAMS 0x000000072be00000, 0x000000072be00000| Untracked 
| 352|0x000000072c000000, 0x000000072c000000, 0x000000072c200000|  0%| F|  |TAMS 0x000000072c000000, 0x000000072c000000| Untracked 
| 353|0x000000072c200000, 0x000000072c200000, 0x000000072c400000|  0%| F|  |TAMS 0x000000072c200000, 0x000000072c200000| Untracked 
| 354|0x000000072c400000, 0x000000072c400000, 0x000000072c600000|  0%| F|  |TAMS 0x000000072c400000, 0x000000072c400000| Untracked 
| 355|0x000000072c600000, 0x000000072c600000, 0x000000072c800000|  0%| F|  |TAMS 0x000000072c600000, 0x000000072c600000| Untracked 
| 356|0x000000072c800000, 0x000000072c800000, 0x000000072ca00000|  0%| F|  |TAMS 0x000000072c800000, 0x000000072c800000| Untracked 
| 357|0x000000072ca00000, 0x000000072ca00000, 0x000000072cc00000|  0%| F|  |TAMS 0x000000072ca00000, 0x000000072ca00000| Untracked 
| 358|0x000000072cc00000, 0x000000072cc00000, 0x000000072ce00000|  0%| F|  |TAMS 0x000000072cc00000, 0x000000072cc00000| Untracked 
| 359|0x000000072ce00000, 0x000000072ce00000, 0x000000072d000000|  0%| F|  |TAMS 0x000000072ce00000, 0x000000072ce00000| Untracked 
| 360|0x000000072d000000, 0x000000072d000000, 0x000000072d200000|  0%| F|  |TAMS 0x000000072d000000, 0x000000072d000000| Untracked 
| 361|0x000000072d200000, 0x000000072d200000, 0x000000072d400000|  0%| F|  |TAMS 0x000000072d200000, 0x000000072d200000| Untracked 

Card table byte_map: [0x000001ebd6080000,0x000001ebd6880000] _byte_map_base: 0x000001ebd2880000

Marking Bits (Prev, Next): (CMBitMap*) 0x000001ebbd46a2b0, (CMBitMap*) 0x000001ebbd46a2f0
 Prev Bits: [0x000001ebd7080000, 0x000001ebdb080000)
 Next Bits: [0x000001ebdb080000, 0x000001ebdf080000)

Polling page: 0x000001ebbd1c0000

Metaspace:

Usage:
  Non-class:    104.51 MB used.
      Class:     16.34 MB used.
       Both:    120.86 MB used.

Virtual space:
  Non-class space:      128.00 MB reserved,     105.50 MB ( 82%) committed,  2 nodes.
      Class space:      832.00 MB reserved,      17.12 MB (  2%) committed,  1 nodes.
             Both:      960.00 MB reserved,     122.62 MB ( 13%) committed. 

Chunk freelists:
   Non-Class:  6.50 MB
       Class:  14.73 MB
        Both:  21.23 MB

MaxMetaspaceSize: 1.00 GB
CompressedClassSpaceSize: 832.00 MB
Initial GC threshold: 21.00 MB
Current GC threshold: 155.88 MB
CDS: on
MetaspaceReclaimPolicy: balanced
 - commit_granule_bytes: 65536.
 - commit_granule_words: 8192.
 - virtual_space_node_default_size: 8388608.
 - enlarge_chunks_in_place: 1.
 - new_chunks_are_fully_committed: 0.
 - uncommit_free_chunks: 1.
 - use_allocation_guard: 0.
 - handle_deallocations: 1.


Internal statistics:

num_allocs_failed_limit: 6.
num_arena_births: 2318.
num_arena_deaths: 0.
num_vsnodes_births: 3.
num_vsnodes_deaths: 0.
num_space_committed: 1961.
num_space_uncommitted: 0.
num_chunks_returned_to_freelist: 6.
num_chunks_taken_from_freelist: 8212.
num_chunk_merges: 6.
num_chunk_splits: 5142.
num_chunks_enlarged: 2998.
num_inconsistent_stats: 0.

CodeHeap 'non-profiled nmethods': size=120064Kb used=13107Kb max_used=13352Kb free=106956Kb
 bounds [0x000001ebcdf40000, 0x000001ebcec60000, 0x000001ebd5480000]
CodeHeap 'profiled nmethods': size=120000Kb used=32513Kb max_used=33868Kb free=87486Kb
 bounds [0x000001ebc6480000, 0x000001ebc85a0000, 0x000001ebcd9b0000]
CodeHeap 'non-nmethods': size=5696Kb used=2462Kb max_used=2504Kb free=3233Kb
 bounds [0x000001ebcd9b0000, 0x000001ebcdc30000, 0x000001ebcdf40000]
 total_blobs=17712 nmethods=16701 adapters=923
 compilation: enabled
              stopped_count=0, restarted_count=0
 full_count=0

Compilation events (20 events):
Event: 203.792 Thread 0x000001ebe144b6b0 nmethod 20623 0x000001ebcec51e10 code [0x000001ebcec52460, 0x000001ebcec582c0]
Event: 203.793 Thread 0x000001ebe144b6b0 20665       4       com.android.utils.XmlUtils::append (597 bytes)
Event: 203.815 Thread 0x000001ebe14b92c0 20666       2       kotlin.text.StringsKt__StringsKt::substringAfterLast (77 bytes)
Event: 203.817 Thread 0x000001ebe14b92c0 nmethod 20666 0x000001ebc7ff7890 code [0x000001ebc7ff7b60, 0x000001ebc7ff83e8]
Event: 203.817 Thread 0x000001ebe14b92c0 20667       2       kotlin.text.StringsKt__StringsKt::split$StringsKt__StringsKt (161 bytes)
Event: 203.819 Thread 0x000001ebe14b92c0 nmethod 20667 0x000001ebc65cc890 code [0x000001ebc65ccb00, 0x000001ebc65cd3a8]
Event: 203.833 Thread 0x000001ebe14b92c0 20668       2       kotlin.text.StringsKt__StringsKt::split (143 bytes)
Event: 203.836 Thread 0x000001ebe14b92c0 nmethod 20668 0x000001ebc7665b90 code [0x000001ebc7665ea0, 0x000001ebc76669a8]
Event: 203.857 Thread 0x000001ebe14b92c0 20669       1       com.android.aaptcompiler.ResourcePathData::getExtension (5 bytes)
Event: 203.857 Thread 0x000001ebe14b92c0 nmethod 20669 0x000001ebce3dbe90 code [0x000001ebce3dc020, 0x000001ebce3dc0f8]
Event: 203.857 Thread 0x000001ebe14b92c0 20670       1       com.android.aaptcompiler.ResourcePathData::getResourceDirectory (5 bytes)
Event: 203.857 Thread 0x000001ebe14b92c0 nmethod 20670 0x000001ebcea0a290 code [0x000001ebcea0a420, 0x000001ebcea0a4f8]
Event: 203.858 Thread 0x000001ebe14b92c0 20671       1       com.android.ide.common.resources.CompileResourceRequest::isPngCrunching (5 bytes)
Event: 203.858 Thread 0x000001ebe14b92c0 nmethod 20671 0x000001ebcea09f90 code [0x000001ebcea0a120, 0x000001ebcea0a1f8]
Event: 203.858 Thread 0x000001ebe14b92c0 20672       2       com.android.aaptcompiler.android.ResTableConfig::<init> (401 bytes)
Event: 203.862 Thread 0x000001ebe14b92c0 nmethod 20672 0x000001ebc7289b90 code [0x000001ebc7289f80, 0x000001ebc728b668]
Event: 203.867 Thread 0x000001ebe14b92c0 20673       1       com.android.aaptcompiler.android.ResTableConfig::getDensity (5 bytes)
Event: 203.867 Thread 0x000001ebe14b92c0 nmethod 20673 0x000001ebcea09c90 code [0x000001ebcea09e20, 0x000001ebcea09ef8]
Event: 203.895 Thread 0x000001ebe14b92c0 20674       2       java.io.ObjectStreamClass$5::compare (13 bytes)
Event: 203.896 Thread 0x000001ebe14b92c0 nmethod 20674 0x000001ebc721d010 code [0x000001ebc721d1c0, 0x000001ebc721d3d8]

GC Heap History (20 events):
Event: 118.276 GC heap after
{Heap after GC invocations=66 (full 0):
 garbage-first heap   total 741376K, used 175699K [0x0000000700000000, 0x0000000800000000)
  region size 2048K, 21 young (43008K), 21 survivors (43008K)
 Metaspace       used 107152K, committed 108480K, reserved 983040K
  class space    used 14840K, committed 15424K, reserved 851968K
}
Event: 132.548 GC heap before
{Heap before GC invocations=66 (full 0):
 garbage-first heap   total 741376K, used 552531K [0x0000000700000000, 0x0000000800000000)
  region size 2048K, 206 young (421888K), 21 survivors (43008K)
 Metaspace       used 107717K, committed 109120K, reserved 983040K
  class space    used 14913K, committed 15552K, reserved 851968K
}
Event: 132.767 GC heap after
{Heap after GC invocations=67 (full 0):
 garbage-first heap   total 741376K, used 197731K [0x0000000700000000, 0x0000000800000000)
  region size 2048K, 12 young (24576K), 12 survivors (24576K)
 Metaspace       used 107717K, committed 109120K, reserved 983040K
  class space    used 14913K, committed 15552K, reserved 851968K
}
Event: 147.766 GC heap before
{Heap before GC invocations=67 (full 0):
 garbage-first heap   total 741376K, used 564323K [0x0000000700000000, 0x0000000800000000)
  region size 2048K, 192 young (393216K), 12 survivors (24576K)
 Metaspace       used 110141K, committed 111616K, reserved 983040K
  class space    used 15211K, committed 15872K, reserved 851968K
}
Event: 147.944 GC heap after
{Heap after GC invocations=68 (full 0):
 garbage-first heap   total 741376K, used 225280K [0x0000000700000000, 0x0000000800000000)
  region size 2048K, 24 young (49152K), 24 survivors (49152K)
 Metaspace       used 110141K, committed 111616K, reserved 983040K
  class space    used 15211K, committed 15872K, reserved 851968K
}
Event: 152.066 GC heap before
{Heap before GC invocations=68 (full 0):
 garbage-first heap   total 741376K, used 333824K [0x0000000700000000, 0x0000000800000000)
  region size 2048K, 77 young (157696K), 24 survivors (49152K)
 Metaspace       used 112379K, committed 113984K, reserved 983040K
  class space    used 15528K, committed 16256K, reserved 851968K
}
Event: 152.291 GC heap after
{Heap after GC invocations=69 (full 0):
 garbage-first heap   total 741376K, used 233754K [0x0000000700000000, 0x0000000800000000)
  region size 2048K, 5 young (10240K), 5 survivors (10240K)
 Metaspace       used 112379K, committed 113984K, reserved 983040K
  class space    used 15528K, committed 16256K, reserved 851968K
}
Event: 177.252 GC heap before
{Heap before GC invocations=69 (full 0):
 garbage-first heap   total 741376K, used 592154K [0x0000000700000000, 0x0000000800000000)
  region size 2048K, 181 young (370688K), 5 survivors (10240K)
 Metaspace       used 121008K, committed 122752K, reserved 983040K
  class space    used 16514K, committed 17280K, reserved 851968K
}
Event: 177.939 GC heap after
{Heap after GC invocations=70 (full 0):
 garbage-first heap   total 741376K, used 267546K [0x0000000700000000, 0x0000000800000000)
  region size 2048K, 21 young (43008K), 21 survivors (43008K)
 Metaspace       used 121008K, committed 122752K, reserved 983040K
  class space    used 16514K, committed 17280K, reserved 851968K
}
Event: 178.121 GC heap before
{Heap before GC invocations=70 (full 0):
 garbage-first heap   total 741376K, used 267546K [0x0000000700000000, 0x0000000800000000)
  region size 2048K, 22 young (45056K), 21 survivors (43008K)
 Metaspace       used 121009K, committed 122752K, reserved 983040K
  class space    used 16514K, committed 17280K, reserved 851968K
}
Event: 178.475 GC heap after
{Heap after GC invocations=71 (full 0):
 garbage-first heap   total 741376K, used 269739K [0x0000000700000000, 0x0000000800000000)
  region size 2048K, 1 young (2048K), 1 survivors (2048K)
 Metaspace       used 121009K, committed 122752K, reserved 983040K
  class space    used 16514K, committed 17280K, reserved 851968K
}
Event: 181.075 GC heap before
{Heap before GC invocations=71 (full 0):
 garbage-first heap   total 741376K, used 351659K [0x0000000700000000, 0x0000000800000000)
  region size 2048K, 41 young (83968K), 1 survivors (2048K)
 Metaspace       used 121010K, committed 122752K, reserved 983040K
  class space    used 16514K, committed 17280K, reserved 851968K
}
Event: 181.105 GC heap after
{Heap after GC invocations=72 (full 0):
 garbage-first heap   total 741376K, used 271787K [0x0000000700000000, 0x0000000800000000)
  region size 2048K, 2 young (4096K), 2 survivors (4096K)
 Metaspace       used 121010K, committed 122752K, reserved 983040K
  class space    used 16514K, committed 17280K, reserved 851968K
}
Event: 183.229 GC heap before
{Heap before GC invocations=72 (full 0):
 garbage-first heap   total 741376K, used 384427K [0x0000000700000000, 0x0000000800000000)
  region size 2048K, 57 young (116736K), 2 survivors (4096K)
 Metaspace       used 121395K, committed 123136K, reserved 983040K
  class space    used 16561K, committed 17344K, reserved 851968K
}
Event: 183.308 GC heap after
{Heap after GC invocations=73 (full 0):
 garbage-first heap   total 741376K, used 275385K [0x0000000700000000, 0x0000000800000000)
  region size 2048K, 4 young (8192K), 4 survivors (8192K)
 Metaspace       used 121395K, committed 123136K, reserved 983040K
  class space    used 16561K, committed 17344K, reserved 851968K
}
Event: 192.561 GC heap before
{Heap before GC invocations=73 (full 0):
 garbage-first heap   total 741376K, used 394169K [0x0000000700000000, 0x0000000800000000)
  region size 2048K, 63 young (129024K), 4 survivors (8192K)
 Metaspace       used 123257K, committed 124992K, reserved 983040K
  class space    used 16705K, committed 17472K, reserved 851968K
}
Event: 192.769 GC heap after
{Heap after GC invocations=74 (full 0):
 garbage-first heap   total 741376K, used 298542K [0x0000000700000000, 0x0000000800000000)
  region size 2048K, 8 young (16384K), 8 survivors (16384K)
 Metaspace       used 123257K, committed 124992K, reserved 983040K
  class space    used 16705K, committed 17472K, reserved 851968K
}
Event: 195.112 GC heap before
{Heap before GC invocations=74 (full 0):
 garbage-first heap   total 741376K, used 331310K [0x0000000700000000, 0x0000000800000000)
  region size 2048K, 24 young (49152K), 8 survivors (16384K)
 Metaspace       used 123268K, committed 124992K, reserved 983040K
  class space    used 16705K, committed 17472K, reserved 851968K
}
Event: 195.271 GC heap after
{Heap after GC invocations=75 (full 0):
 garbage-first heap   total 741376K, used 309001K [0x0000000700000000, 0x0000000800000000)
  region size 2048K, 3 young (6144K), 3 survivors (6144K)
 Metaspace       used 123268K, committed 124992K, reserved 983040K
  class space    used 16705K, committed 17472K, reserved 851968K
}
Event: 204.006 GC heap before
{Heap before GC invocations=75 (full 0):
 garbage-first heap   total 741376K, used 411401K [0x0000000700000000, 0x0000000800000000)
  region size 2048K, 35 young (71680K), 3 survivors (6144K)
 Metaspace       used 123757K, committed 125568K, reserved 983040K
  class space    used 16735K, committed 17536K, reserved 851968K
}

Deoptimization events (20 events):
Event: 203.475 Thread 0x000001ebf373fe80 DEOPT PACKING pc=0x000001ebcebd6ddc sp=0x0000003bd40f9b20
Event: 203.475 Thread 0x000001ebf373fe80 DEOPT UNPACKING pc=0x000001ebcda0239d sp=0x0000003bd40f9ab8 mode 2
Event: 203.500 Thread 0x000001ebf373fe80 DEOPT PACKING pc=0x000001ebc75c5801 sp=0x0000003bd40f9dc0
Event: 203.500 Thread 0x000001ebf373fe80 DEOPT UNPACKING pc=0x000001ebcda02b24 sp=0x0000003bd40f9368 mode 0
Event: 203.510 Thread 0x000001ebf373fe80 Uncommon trap: trap_request=0xffffff45 fr.pc=0x000001ebce8b6470 relative=0x0000000000005af0
Event: 203.511 Thread 0x000001ebf373fe80 Uncommon trap: reason=unstable_if action=reinterpret pc=0x000001ebce8b6470 method=com.android.utils.XmlUtils.append(Lcom/android/utils/XmlUtils$PositionAwareStringBuilder;Lorg/w3c/dom/Node;Ljava/util/Map;Ljava/util/Set;)V @ 516 c2
Event: 203.516 Thread 0x000001ebf373fe80 DEOPT PACKING pc=0x000001ebce8b6470 sp=0x0000003bd40f9b80
Event: 203.516 Thread 0x000001ebf373fe80 DEOPT UNPACKING pc=0x000001ebcda0239d sp=0x0000003bd40f9b58 mode 2
Event: 203.517 Thread 0x000001ebf373fe80 Uncommon trap: trap_request=0xffffff45 fr.pc=0x000001ebce8b6470 relative=0x0000000000005af0
Event: 203.517 Thread 0x000001ebf373fe80 Uncommon trap: reason=unstable_if action=reinterpret pc=0x000001ebce8b6470 method=com.android.utils.XmlUtils.append(Lcom/android/utils/XmlUtils$PositionAwareStringBuilder;Lorg/w3c/dom/Node;Ljava/util/Map;Ljava/util/Set;)V @ 516 c2
Event: 203.517 Thread 0x000001ebf373fe80 DEOPT PACKING pc=0x000001ebce8b6470 sp=0x0000003bd40f9c60
Event: 203.517 Thread 0x000001ebf373fe80 DEOPT UNPACKING pc=0x000001ebcda0239d sp=0x0000003bd40f9c38 mode 2
Event: 203.718 Thread 0x000001ebf373fe80 Uncommon trap: trap_request=0xffffff45 fr.pc=0x000001ebce8b6470 relative=0x0000000000005af0
Event: 203.718 Thread 0x000001ebf373fe80 Uncommon trap: reason=unstable_if action=reinterpret pc=0x000001ebce8b6470 method=com.android.utils.XmlUtils.append(Lcom/android/utils/XmlUtils$PositionAwareStringBuilder;Lorg/w3c/dom/Node;Ljava/util/Map;Ljava/util/Set;)V @ 516 c2
Event: 203.718 Thread 0x000001ebf373fe80 DEOPT PACKING pc=0x000001ebce8b6470 sp=0x0000003bd40f9d40
Event: 203.718 Thread 0x000001ebf373fe80 DEOPT UNPACKING pc=0x000001ebcda0239d sp=0x0000003bd40f9d18 mode 2
Event: 203.809 Thread 0x000001ebf373fe80 Uncommon trap: trap_request=0xffffff45 fr.pc=0x000001ebce03e8c8 relative=0x00000000000000a8
Event: 203.809 Thread 0x000001ebf373fe80 Uncommon trap: reason=unstable_if action=reinterpret pc=0x000001ebce03e8c8 method=java.lang.CharacterDataLatin1.digit(II)I @ 12 c2
Event: 203.809 Thread 0x000001ebf373fe80 DEOPT PACKING pc=0x000001ebce03e8c8 sp=0x0000003bd40f9bf0
Event: 203.809 Thread 0x000001ebf373fe80 DEOPT UNPACKING pc=0x000001ebcda0239d sp=0x0000003bd40f9b68 mode 2

Classes unloaded (0 events):
No events

Classes redefined (0 events):
No events

Internal exceptions (20 events):
Event: 187.468 Thread 0x000001ebf373fe80 Exception <a 'sun/nio/fs/WindowsException'{0x000000072bb8e4a8}> (0x000000072bb8e4a8) 
thrown [s\open\src\hotspot\share\prims\jni.cpp, line 516]
Event: 187.468 Thread 0x000001ebf373fe80 Exception <a 'sun/nio/fs/WindowsException'{0x000000072bb8e8e8}> (0x000000072bb8e8e8) 
thrown [s\open\src\hotspot\share\prims\jni.cpp, line 516]
Event: 187.481 Thread 0x000001ebf373fe80 Exception <a 'sun/nio/fs/WindowsException'{0x000000072bba41b0}> (0x000000072bba41b0) 
thrown [s\open\src\hotspot\share\prims\jni.cpp, line 516]
Event: 188.248 Thread 0x000001ebf373fe80 Exception <a 'sun/nio/fs/WindowsException'{0x000000072a2b0188}> (0x000000072a2b0188) 
thrown [s\open\src\hotspot\share\prims\jni.cpp, line 516]
Event: 188.248 Thread 0x000001ebf373fe80 Exception <a 'sun/nio/fs/WindowsException'{0x000000072a2b12c8}> (0x000000072a2b12c8) 
thrown [s\open\src\hotspot\share\prims\jni.cpp, line 516]
Event: 188.248 Thread 0x000001ebf373fe80 Exception <a 'sun/nio/fs/WindowsException'{0x000000072a2b1358}> (0x000000072a2b1358) 
thrown [s\open\src\hotspot\share\prims\jni.cpp, line 516]
Event: 188.248 Thread 0x000001ebf373fe80 Exception <a 'sun/nio/fs/WindowsException'{0x000000072a2b1728}> (0x000000072a2b1728) 
thrown [s\open\src\hotspot\share\prims\jni.cpp, line 516]
Event: 188.373 Thread 0x000001ebf373fe80 Exception <a 'sun/nio/fs/WindowsException'{0x000000072a3b2a78}> (0x000000072a3b2a78) 
thrown [s\open\src\hotspot\share\prims\jni.cpp, line 516]
Event: 188.373 Thread 0x000001ebf373fe80 Exception <a 'sun/nio/fs/WindowsException'{0x000000072a3b3c08}> (0x000000072a3b3c08) 
thrown [s\open\src\hotspot\share\prims\jni.cpp, line 516]
Event: 188.374 Thread 0x000001ebf373fe80 Exception <a 'sun/nio/fs/WindowsException'{0x000000072a3b3c98}> (0x000000072a3b3c98) 
thrown [s\open\src\hotspot\share\prims\jni.cpp, line 516]
Event: 188.374 Thread 0x000001ebf373fe80 Exception <a 'sun/nio/fs/WindowsException'{0x000000072a3b4148}> (0x000000072a3b4148) 
thrown [s\open\src\hotspot\share\prims\jni.cpp, line 516]
Event: 188.374 Thread 0x000001ebf373fe80 Exception <a 'sun/nio/fs/WindowsException'{0x000000072a3b73d0}> (0x000000072a3b73d0) 
thrown [s\open\src\hotspot\share\prims\jni.cpp, line 516]
Event: 203.510 Thread 0x000001ebf373fe80 Implicit null exception at 0x000001ebce8b108d to 0x000001ebce8b644c
Event: 203.516 Thread 0x000001ebf373fe80 Implicit null exception at 0x000001ebce8b108d to 0x000001ebce8b644c
Event: 203.718 Thread 0x000001ebf373fe80 Implicit null exception at 0x000001ebce8b108d to 0x000001ebce8b644c
Event: 203.892 Thread 0x000001ebf373fe80 Exception <a 'java/lang/NoSuchMethodError'{0x000000072917b158}: static Lcom/android/ide/common/resources/CompileResourceRequest;.<clinit>()V> (0x000000072917b158) 
thrown [s\open\src\hotspot\share\prims\jni.cpp, line 1112]
Event: 203.895 Thread 0x000001ebf373fe80 Exception <a 'java/lang/NoSuchMethodError'{0x0000000729193ee8}: static Ljava/lang/Object;.<clinit>()V> (0x0000000729193ee8) 
thrown [s\open\src\hotspot\share\prims\jni.cpp, line 1112]
Event: 203.899 Thread 0x000001ebf373fe80 Exception <a 'java/lang/NoSuchMethodError'{0x00000007291a7850}: static Ljava/lang/Object;.<clinit>()V> (0x00000007291a7850) 
thrown [s\open\src\hotspot\share\prims\jni.cpp, line 1112]
Event: 203.901 Thread 0x000001ebf373fe80 Exception <a 'java/lang/NoSuchMethodError'{0x00000007291bb000}: static Ljava/lang/Object;.<clinit>()V> (0x00000007291bb000) 
thrown [s\open\src\hotspot\share\prims\jni.cpp, line 1112]
Event: 204.000 Thread 0x000001ebf373fe80 Exception <a 'java/lang/NoSuchMethodError'{0x0000000728f35ee0}: static Lkotlin/InitializedLazyImpl;.<clinit>()V> (0x0000000728f35ee0) 
thrown [s\open\src\hotspot\share\prims\jni.cpp, line 1112]

VM Operations (20 events):
Event: 196.495 Executing VM operation: HandshakeAllThreads done
Event: 196.496 Executing VM operation: HandshakeAllThreads
Event: 196.496 Executing VM operation: HandshakeAllThreads done
Event: 196.759 Executing VM operation: HandshakeAllThreads
Event: 196.760 Executing VM operation: HandshakeAllThreads done
Event: 196.853 Executing VM operation: HandshakeAllThreads
Event: 196.853 Executing VM operation: HandshakeAllThreads done
Event: 197.371 Executing VM operation: ICBufferFull
Event: 197.372 Executing VM operation: ICBufferFull done
Event: 198.384 Executing VM operation: Cleanup
Event: 198.384 Executing VM operation: Cleanup done
Event: 199.385 Executing VM operation: Cleanup
Event: 199.386 Executing VM operation: Cleanup done
Event: 200.402 Executing VM operation: Cleanup
Event: 200.403 Executing VM operation: Cleanup done
Event: 202.417 Executing VM operation: Cleanup
Event: 202.417 Executing VM operation: Cleanup done
Event: 203.430 Executing VM operation: Cleanup
Event: 203.432 Executing VM operation: Cleanup done
Event: 204.006 Executing VM operation: G1CollectForAllocation

Events (20 events):
Event: 196.898 Thread 0x000001ebe14bffb0 flushing nmethod 0x000001ebc8543990
Event: 196.898 Thread 0x000001ebe14bffb0 flushing nmethod 0x000001ebc8545290
Event: 196.898 Thread 0x000001ebe14bffb0 flushing nmethod 0x000001ebc8546590
Event: 196.898 Thread 0x000001ebe14bffb0 flushing nmethod 0x000001ebc8548490
Event: 196.898 Thread 0x000001ebe14bffb0 flushing nmethod 0x000001ebc855bf10
Event: 196.898 Thread 0x000001ebe14bffb0 flushing nmethod 0x000001ebc855c410
Event: 196.898 Thread 0x000001ebe14bffb0 flushing nmethod 0x000001ebc855ca10
Event: 196.898 Thread 0x000001ebe14bffb0 flushing nmethod 0x000001ebc855cd90
Event: 196.898 Thread 0x000001ebe14bffb0 flushing nmethod 0x000001ebc855d190
Event: 196.899 Thread 0x000001ebe14bffb0 flushing nmethod 0x000001ebc855fa90
Event: 196.899 Thread 0x000001ebe14bffb0 flushing nmethod 0x000001ebc8560c90
Event: 196.899 Thread 0x000001ebe14bffb0 flushing nmethod 0x000001ebc8562010
Event: 196.899 Thread 0x000001ebe14bffb0 flushing nmethod 0x000001ebc8563990
Event: 196.899 Thread 0x000001ebe14bffb0 flushing nmethod 0x000001ebc857a810
Event: 196.899 Thread 0x000001ebe14bffb0 flushing nmethod 0x000001ebc857b410
Event: 196.899 Thread 0x000001ebe14bffb0 flushing nmethod 0x000001ebc857b990
Event: 196.899 Thread 0x000001ebe14bffb0 flushing nmethod 0x000001ebc857ca90
Event: 196.899 Thread 0x000001ebe14bffb0 flushing nmethod 0x000001ebc857d290
Event: 196.899 Thread 0x000001ebe14bffb0 flushing nmethod 0x000001ebc857da90
Event: 196.899 Thread 0x000001ebe14bffb0 flushing nmethod 0x000001ebc857de90


Dynamic libraries:
0x00007ff6180f0000 - 0x00007ff618100000 	C:\Program Files\Microsoft\jdk-17.0.12\bin\java.exe
0x00007ffed6f30000 - 0x00007ffed7128000 	C:\Windows\SYSTEM32\ntdll.dll
0x00007ffed5560000 - 0x00007ffed5622000 	C:\Windows\System32\KERNEL32.DLL
0x00007ffed49d0000 - 0x00007ffed4cc6000 	C:\Windows\System32\KERNELBASE.dll
0x00007ffed45d0000 - 0x00007ffed46d0000 	C:\Windows\System32\ucrtbase.dll
0x00007ffecc7f0000 - 0x00007ffecc809000 	C:\Program Files\Microsoft\jdk-17.0.12\bin\jli.dll
0x00007ffed5210000 - 0x00007ffed52bf000 	C:\Windows\System32\ADVAPI32.dll
0x00007ffed5e30000 - 0x00007ffed5ece000 	C:\Windows\System32\msvcrt.dll
0x00007ffed54c0000 - 0x00007ffed555f000 	C:\Windows\System32\sechost.dll
0x00007ffed67c0000 - 0x00007ffed68e3000 	C:\Windows\System32\RPCRT4.dll
0x00007ffed4cd0000 - 0x00007ffed4cf7000 	C:\Windows\System32\bcrypt.dll
0x00007ffed4f60000 - 0x00007ffed50fd000 	C:\Windows\System32\USER32.dll
0x00007ffecbfb0000 - 0x00007ffecbfcb000 	C:\Program Files\Microsoft\jdk-17.0.12\bin\VCRUNTIME140.dll
0x00007ffed4840000 - 0x00007ffed4862000 	C:\Windows\System32\win32u.dll
0x00007ffed51e0000 - 0x00007ffed520b000 	C:\Windows\System32\GDI32.dll
0x00007ffed4db0000 - 0x00007ffed4eca000 	C:\Windows\System32\gdi32full.dll
0x00007ffed4720000 - 0x00007ffed47bd000 	C:\Windows\System32\msvcp_win.dll
0x00007ffec1750000 - 0x00007ffec19ea000 	C:\Windows\WinSxS\amd64_microsoft.windows.common-controls_6595b64144ccf1df_6.0.19041.5794_none_60bcd33171f2783c\COMCTL32.dll
0x00007ffecba20000 - 0x00007ffecba2a000 	C:\Windows\SYSTEM32\VERSION.dll
0x00007ffed5340000 - 0x00007ffed536f000 	C:\Windows\System32\IMM32.DLL
0x00007ffecd280000 - 0x00007ffecd28c000 	C:\Program Files\Microsoft\jdk-17.0.12\bin\vcruntime140_1.dll
0x00007ffeaed80000 - 0x00007ffeaee0e000 	C:\Program Files\Microsoft\jdk-17.0.12\bin\msvcp140.dll
0x00007ffe66230000 - 0x00007ffe66e10000 	C:\Program Files\Microsoft\jdk-17.0.12\bin\server\jvm.dll
0x00007ffed6000000 - 0x00007ffed6008000 	C:\Windows\System32\PSAPI.DLL
0x00007ffebcd80000 - 0x00007ffebcda7000 	C:\Windows\SYSTEM32\WINMM.dll
0x00007ffecbed0000 - 0x00007ffecbed9000 	C:\Windows\SYSTEM32\WSOCK32.dll
0x00007ffed5450000 - 0x00007ffed54bb000 	C:\Windows\System32\WS2_32.dll
0x00007ffed2de0000 - 0x00007ffed2df2000 	C:\Windows\SYSTEM32\kernel.appcore.dll
0x00007ffecb6e0000 - 0x00007ffecb6ea000 	C:\Program Files\Microsoft\jdk-17.0.12\bin\jimage.dll
0x00007ffed2a90000 - 0x00007ffed2c91000 	C:\Windows\SYSTEM32\DBGHELP.DLL
0x00007ffeb8a40000 - 0x00007ffeb8a74000 	C:\Windows\SYSTEM32\dbgcore.DLL
0x00007ffed4ed0000 - 0x00007ffed4f52000 	C:\Windows\System32\bcryptPrimitives.dll
0x00007ffebf700000 - 0x00007ffebf70e000 	C:\Program Files\Microsoft\jdk-17.0.12\bin\instrument.dll
0x00007ffec5db0000 - 0x00007ffec5dd5000 	C:\Program Files\Microsoft\jdk-17.0.12\bin\java.dll
0x00007ffe9ce50000 - 0x00007ffe9cf27000 	C:\Program Files\Microsoft\jdk-17.0.12\bin\jsvml.dll
0x00007ffed5630000 - 0x00007ffed5d9e000 	C:\Windows\System32\SHELL32.dll
0x00007ffed2210000 - 0x00007ffed29b3000 	C:\Windows\SYSTEM32\windows.storage.dll
0x00007ffed6270000 - 0x00007ffed65c3000 	C:\Windows\System32\combase.dll
0x00007ffed3e50000 - 0x00007ffed3e7b000 	C:\Windows\SYSTEM32\Wldp.dll
0x00007ffed5370000 - 0x00007ffed543d000 	C:\Windows\System32\OLEAUT32.dll
0x00007ffed61c0000 - 0x00007ffed626d000 	C:\Windows\System32\SHCORE.dll
0x00007ffed6760000 - 0x00007ffed67b5000 	C:\Windows\System32\shlwapi.dll
0x00007ffed4500000 - 0x00007ffed4525000 	C:\Windows\SYSTEM32\profapi.dll
0x00007ffebf720000 - 0x00007ffebf738000 	C:\Program Files\Microsoft\jdk-17.0.12\bin\zip.dll
0x00007ffec5d90000 - 0x00007ffec5da9000 	C:\Program Files\Microsoft\jdk-17.0.12\bin\net.dll
0x00007ffec3dc0000 - 0x00007ffec3eca000 	C:\Windows\SYSTEM32\WINHTTP.dll
0x00007ffed3c30000 - 0x00007ffed3c9c000 	C:\Windows\system32\mswsock.dll
0x00007ffec04c0000 - 0x00007ffec04d6000 	C:\Program Files\Microsoft\jdk-17.0.12\bin\nio.dll
0x00007ffec5ff0000 - 0x00007ffec6000000 	C:\Program Files\Microsoft\jdk-17.0.12\bin\verify.dll
0x00007ffecf030000 - 0x00007ffecf057000 	C:\Users\Fahad Computer\.gradle\native\1def1411415f61bf3af743bc5b6707747c0891f09f0c88961ee8f79bc544acac\windows-amd64\native-platform.dll
0x000000006e690000 - 0x000000006e703000 	C:\Users\Fahad Computer\.gradle\native\0.2.5\x86_64-windows-gnu\gradle-fileevents.dll
0x00007ffec5d80000 - 0x00007ffec5d8a000 	C:\Program Files\Microsoft\jdk-17.0.12\bin\management.dll
0x00007ffec0670000 - 0x00007ffec067b000 	C:\Program Files\Microsoft\jdk-17.0.12\bin\management_ext.dll
0x00007ffed3e90000 - 0x00007ffed3ea8000 	C:\Windows\SYSTEM32\CRYPTSP.dll
0x00007ffed3570000 - 0x00007ffed35a8000 	C:\Windows\system32\rsaenh.dll
0x00007ffed44c0000 - 0x00007ffed44ee000 	C:\Windows\SYSTEM32\USERENV.dll
0x00007ffed3dc0000 - 0x00007ffed3dcc000 	C:\Windows\SYSTEM32\CRYPTBASE.dll
0x00007ffed3930000 - 0x00007ffed396b000 	C:\Windows\SYSTEM32\IPHLPAPI.DLL
0x00007ffed5440000 - 0x00007ffed5448000 	C:\Windows\System32\NSI.dll
0x00007ffecb670000 - 0x00007ffecb687000 	C:\Windows\SYSTEM32\dhcpcsvc6.DLL
0x00007ffecb610000 - 0x00007ffecb62d000 	C:\Windows\SYSTEM32\dhcpcsvc.DLL
0x00007ffed3970000 - 0x00007ffed3a3a000 	C:\Windows\SYSTEM32\DNSAPI.dll
0x00007ffec5d70000 - 0x00007ffec5d7e000 	C:\Program Files\Microsoft\jdk-17.0.12\bin\sunmscapi.dll
0x00007ffed4870000 - 0x00007ffed49cd000 	C:\Windows\System32\CRYPT32.dll
0x00007ffed4000000 - 0x00007ffed4027000 	C:\Windows\SYSTEM32\ncrypt.dll
0x00007ffed3fc0000 - 0x00007ffed3ffb000 	C:\Windows\SYSTEM32\NTASN1.dll
0x00007ffebe380000 - 0x00007ffebe387000 	C:\Windows\system32\wshunix.dll
0x000000006e610000 - 0x000000006e683000 	C:\Users\Fahad Computer\AppData\Local\Temp\native-platform13808031559222373897dir\gradle-fileevents.dll
0x00007ffeb7af0000 - 0x00007ffeb7b07000 	C:\Windows\system32\napinsp.dll
0x00007ffeb7ad0000 - 0x00007ffeb7aeb000 	C:\Windows\system32\pnrpnsp.dll
0x00007ffecf060000 - 0x00007ffecf07d000 	C:\Windows\system32\wshbth.dll
0x00007ffeceef0000 - 0x00007ffecef0d000 	C:\Windows\system32\NLAapi.dll
0x00007ffeb7ab0000 - 0x00007ffeb7ac2000 	C:\Windows\System32\winrnr.dll
0x00007ffecbc00000 - 0x00007ffecbc0a000 	C:\Windows\System32\rasadhlp.dll
0x00007ffec3ab0000 - 0x00007ffec3b30000 	C:\Windows\System32\fwpuclnt.dll
0x00007ffed37c0000 - 0x00007ffed37f3000 	C:\Windows\SYSTEM32\ntmarta.dll

dbghelp: loaded successfully - version: 4.0.5 - missing functions: none
symbol engine: initialized successfully - sym options: 0x614 - pdb path: .;C:\Program Files\Microsoft\jdk-17.0.12\bin;C:\Windows\SYSTEM32;C:\Windows\WinSxS\amd64_microsoft.windows.common-controls_6595b64144ccf1df_6.0.19041.5794_none_60bcd33171f2783c;C:\Program Files\Microsoft\jdk-17.0.12\bin\server;C:\Users\Fahad Computer\.gradle\native\1def1411415f61bf3af743bc5b6707747c0891f09f0c88961ee8f79bc544acac\windows-amd64;C:\Users\Fahad Computer\.gradle\native\0.2.5\x86_64-windows-gnu;C:\Users\Fahad Computer\AppData\Local\Temp\native-platform13808031559222373897dir

VM Arguments:
jvm_args: --add-opens=java.base/java.lang=ALL-UNNAMED --add-opens=java.base/java.lang.invoke=ALL-UNNAMED --add-opens=java.base/java.util=ALL-UNNAMED --add-opens=java.prefs/java.util.prefs=ALL-UNNAMED --add-exports=jdk.compiler/com.sun.tools.javac.api=ALL-UNNAMED --add-exports=jdk.compiler/com.sun.tools.javac.util=ALL-UNNAMED --add-opens=java.base/java.util=ALL-UNNAMED --add-opens=java.prefs/java.util.prefs=ALL-UNNAMED --add-opens=java.base/java.nio.charset=ALL-UNNAMED --add-opens=java.base/java.net=ALL-UNNAMED --add-opens=java.base/java.util.concurrent.atomic=ALL-UNNAMED --add-opens=java.xml/javax.xml.namespace=ALL-UNNAMED -XX:MaxMetaspaceSize=1024m -XX:+HeapDumpOnOutOfMemoryError -Xmx4096m -Dfile.encoding=UTF-8 -Duser.country=US -Duser.language=en -Duser.variant -javaagent:C:\Users\Fahad Computer\.gradle\wrapper\dists\gradle-8.12-all\ejduaidbjup3bmmkhw3rie4zb\gradle-8.12\lib\agents\gradle-instrumentation-agent-8.12.jar 
java_command: org.gradle.launcher.daemon.bootstrap.GradleDaemon 8.12
java_class_path (initial): C:\Users\Fahad Computer\.gradle\wrapper\dists\gradle-8.12-all\ejduaidbjup3bmmkhw3rie4zb\gradle-8.12\lib\gradle-daemon-main-8.12.jar
Launcher Type: SUN_STANDARD

[Global flags]
     intx CICompilerCount                          = 2                                         {product} {ergonomic}
   size_t CompressedClassSpaceSize                 = 872415232                                 {product} {ergonomic}
     uint ConcGCThreads                            = 1                                         {product} {ergonomic}
     uint G1ConcRefinementThreads                  = 2                                         {product} {ergonomic}
   size_t G1HeapRegionSize                         = 2097152                                   {product} {ergonomic}
    uintx GCDrainStackTargetSize                   = 64                                        {product} {ergonomic}
     bool HeapDumpOnOutOfMemoryError               = true                                   {manageable} {command line}
   size_t InitialHeapSize                          = 65011712                                  {product} {ergonomic}
   size_t MarkStackSize                            = 4194304                                   {product} {ergonomic}
   size_t MaxHeapSize                              = 4294967296                                {product} {command line}
   size_t MaxMetaspaceSize                         = 1073741824                                {product} {command line}
   size_t MaxNewSize                               = 2575302656                                {product} {ergonomic}
   size_t MinHeapDeltaBytes                        = 2097152                                   {product} {ergonomic}
   size_t MinHeapSize                              = 8388608                                   {product} {ergonomic}
    uintx NonNMethodCodeHeapSize                   = 5826188                                {pd product} {ergonomic}
    uintx NonProfiledCodeHeapSize                  = 122916026                              {pd product} {ergonomic}
    uintx ProfiledCodeHeapSize                     = 122916026                              {pd product} {ergonomic}
    uintx ReservedCodeCacheSize                    = 251658240                              {pd product} {ergonomic}
     bool SegmentedCodeCache                       = true                                      {product} {ergonomic}
   size_t SoftMaxHeapSize                          = 4294967296                             {manageable} {ergonomic}
     bool UseCompressedClassPointers               = true                           {product lp64_product} {ergonomic}
     bool UseCompressedOops                        = true                           {product lp64_product} {ergonomic}
     bool UseG1GC                                  = true                                      {product} {ergonomic}
     bool UseLargePagesIndividualAllocation        = false                                  {pd product} {ergonomic}

Logging:
Log output configuration:
 #0: stdout all=warning uptime,level,tags
 #1: stderr all=off uptime,level,tags

Environment Variables:
JAVA_HOME=C:\Program Files\Microsoft\jdk-17.0.12\
CLASSPATH=C:\vtT\ChatbotApp\android\\gradle\wrapper\gradle-wrapper.jar
PATH=C:\vtT\ChatbotApp\node_modules\.bin;C:\vtT\ChatbotApp\node_modules\.bin;C:\vtT\node_modules\.bin;C:\node_modules\.bin;C:\Users\Fahad Computer\AppData\Roaming\npm\node_modules\npm\node_modules\@npmcli\run-script\lib\node-gyp-bin;c:\Users\Fahad Computer\AppData\Local\Programs\cursor\resources\app\bin;C:\Python313\Scripts\;C:\Python313\;C:\Program Files\Microsoft\jdk-11.0.26.4-hotspot\bin;C:\Program Files\Common Files\Oracle\Java\javapath;C:\Program Files\Microsoft\jdk-17.0.12.7-hotspot\bin;C:\Windows\system32;C:\Windows;C:\Windows\System32\Wbem;C:\Windows\System32\WindowsPowerShell\v1.0\;C:\Windows\System32\OpenSSH\;C:\ProgramData\chocolatey\bin;C:\Users\Fahad Computer\AppData\Local\Android\Sdk\platform-tools;C:\Program Files\Git\cmd;C:\Android\Sdk\emulator;C:\Android\Sdk\tools;C:\Program Files\nodejs\;C:\Users\Fahad Computer\AppData\Local\Android\Sdk\tools;C:\Users\Fahad Computer\AppData\Local\Android\Sdk\tools;C:\Users\Fahad Computer\AppData\Local\Microsoft\WindowsApps;C:\Program Files\MongoDB\Server\7.0\bin;C:\Program Files\MongoDB\Server\7.0\bin;C:\Users\Fahad Computer\AppData\Roaming\npm;c:\Users\Fahad Computer\AppData\Local\Programs\cursor\resources\app\bin;c:\Users\Fahad Computer\AppData\Local\Programs\cursor\resources\app\bin;C:\Program Files\Microsoft\jdk-17.0.12\\bin;C:\Users\Fahad Computer\AppData\Local\Android\Sdk\tools;C:\Users\Fahad Computer\AppData\Local\Android\Sdk\tools;C:\Users\Fahad Computer\AppData\Local\Microsoft\WindowsApps;C:\Users\Fahad Computer\AppData\Local\Programs\Microsoft VS Code\bin;C:\Program Files\MongoDB\Server\7.0\bin;C:\Program Files\MongoDB\Server\7.0\bin;C:\Users\Fahad Computer\AppData\Roaming\npm;C:\Users\Fahad Computer\AppData\Local\Programs\cursor\resources\app\bin
USERNAME=Fahad Computer
LANG=en_US.UTF-8
OS=Windows_NT
PROCESSOR_IDENTIFIER=Intel64 Family 6 Model 122 Stepping 8, GenuineIntel



---------------  S Y S T E M  ---------------

OS:
 Windows 10 , 64 bit Build 19041 (10.0.19041.5794)
OS uptime: 0 days 18:16 hours
Hyper-V role detected

CPU: total 2 (initial active 2) (2 cores per cpu, 1 threads per core) family 6 model 122 stepping 8 microcode 0x18, cx8, cmov, fxsr, mmx, 3dnowpref, sse, sse2, sse3, ssse3, sse4.1, sse4.2, popcnt, tsc, tscinvbit, aes, erms, clmul, sha, clflush, clflushopt, hv

Memory: 4k page, system-wide physical 3918M (138M free)
TotalPageFile size 15694M (AvailPageFile size 335M)
current process WorkingSet (physical memory assigned to process): 690M, peak: 837M
current process commit charge ("private bytes"): 1125M, peak: 2063M

vm_info: Java HotSpot(TM) 64-Bit Server VM (17.0.12+8-LTS-286) for windows-amd64 JRE (17.0.12+8-LTS-286), built on Jun  5 2024 06:46:59 by "mach5one" with MS VC++ 17.6 (VS2022)

END.
