#
# There is insufficient memory for the Java Runtime Environment to continue.
# Native memory allocation (mmap) failed to map 698351616 bytes for G1 virtual space
# Possible reasons:
#   The system is out of physical RAM or swap space
#   The process is running with CompressedOops enabled, and the Java Heap may be blocking the growth of the native heap
# Possible solutions:
#   Reduce memory load on the system
#   Increase physical memory or swap space
#   Check if swap backing store is full
#   Decrease Java heap size (-Xmx/-Xms)
#   Decrease number of Java threads
#   Decrease Java thread stack sizes (-Xss)
#   Set larger code cache with -XX:ReservedCodeCacheSize=
#   JVM is running with Zero Based Compressed Oops mode in which the Java heap is
#     placed in the first 32GB address space. The Java Heap base address is the
#     maximum limit for the native heap growth. Please use -XX:HeapBaseMinAddress
#     to set the Java Heap base and to place the Java Heap above 32GB virtual address.
# This output file may be truncated or incomplete.
#
#  Out of Memory Error (os_windows.cpp:3548), pid=8952, tid=9788
#
# JRE version: Java(TM) SE Runtime Environment (17.0.12+8) (build 17.0.12+8-LTS-286)
# Java VM: Java HotSpot(TM) 64-Bit Server VM (17.0.12+8-LTS-286, mixed mode, sharing, tiered, compressed oops, compressed class ptrs, g1 gc, windows-amd64)
# No core dump will be written. Minidumps are not enabled by default on client versions of Windows
#

---------------  S U M M A R Y ------------

Command Line: --add-opens=java.base/java.lang=ALL-UNNAMED --add-opens=java.base/java.lang.invoke=ALL-UNNAMED --add-opens=java.base/java.util=ALL-UNNAMED --add-opens=java.prefs/java.util.prefs=ALL-UNNAMED --add-exports=jdk.compiler/com.sun.tools.javac.api=ALL-UNNAMED --add-exports=jdk.compiler/com.sun.tools.javac.util=ALL-UNNAMED --add-opens=java.base/java.util=ALL-UNNAMED --add-opens=java.prefs/java.util.prefs=ALL-UNNAMED --add-opens=java.base/java.nio.charset=ALL-UNNAMED --add-opens=java.base/java.net=ALL-UNNAMED --add-opens=java.base/java.util.concurrent.atomic=ALL-UNNAMED --add-opens=java.xml/javax.xml.namespace=ALL-UNNAMED -Xmx4096m -Dfile.encoding=UTF-8 -Duser.country=US -Duser.language=en -Duser.variant -javaagent:C:\Users\Fahad Computer\.gradle\wrapper\dists\gradle-8.12-all\ejduaidbjup3bmmkhw3rie4zb\gradle-8.12\lib\agents\gradle-instrumentation-agent-8.12.jar org.gradle.launcher.daemon.bootstrap.GradleDaemon 8.12

Host: Intel(R) Celeron(R) N4020 CPU @ 1.10GHz, 2 cores, 3G,  Windows 10 , 64 bit Build 19041 (10.0.19041.5794)
Time: Fri May 30 07:19:34 2025 Pacific Daylight Time elapsed time: 2131.363511 seconds (0d 0h 35m 31s)

---------------  T H R E A D  ---------------

Current thread (0x000001e66a640a50):  VMThread "VM Thread" [stack: 0x000000191b500000,0x000000191b600000] [id=9788]

Stack: [0x000000191b500000,0x000000191b600000]
Native frames: (J=compiled Java code, j=interpreted, Vv=VM code, C=native code)
V  [jvm.dll+0x67a04a]
V  [jvm.dll+0x7da4ed]
V  [jvm.dll+0x7dbe33]
V  [jvm.dll+0x7dc4a3]
V  [jvm.dll+0x24508f]
V  [jvm.dll+0x677089]
V  [jvm.dll+0x66bd32]
V  [jvm.dll+0x301fa6]
V  [jvm.dll+0x309546]
V  [jvm.dll+0x359d2e]
V  [jvm.dll+0x359f5f]
V  [jvm.dll+0x2d9078]
V  [jvm.dll+0x2d74ad]
V  [jvm.dll+0x2d6afc]
V  [jvm.dll+0x31a65b]
V  [jvm.dll+0x7e0d9b]
V  [jvm.dll+0x7e1ad4]
V  [jvm.dll+0x7e1fed]
V  [jvm.dll+0x7e23c4]
V  [jvm.dll+0x7e2490]
V  [jvm.dll+0x78abea]
V  [jvm.dll+0x678f35]
C  [ucrtbase.dll+0x21bb2]
C  [KERNEL32.DLL+0x17374]
C  [ntdll.dll+0x4cc91]

VM_Operation (0x000000191effeb80): G1CollectForAllocation, mode: safepoint, requested by thread 0x000001e67c5a9790


---------------  P R O C E S S  ---------------

Threads class SMR info:
_java_thread_list=0x000001e67bf0fdc0, length=67, elements={
0x000001e6465efaf0, 0x000001e66a6444c0, 0x000001e66a645250, 0x000001e66a657bc0,
0x000001e66a6594a0, 0x000001e66a65ad80, 0x000001e66a65b650, 0x000001e66a65c300,
0x000001e66a6c7af0, 0x000001e66a6ce7e0, 0x000001e66a6303b0, 0x000001e66a936930,
0x000001e67020cd80, 0x000001e66fd3f6c0, 0x000001e66fd3e820, 0x000001e66ff23f50,
0x000001e66ab15540, 0x000001e66abc41f0, 0x000001e66abc1970, 0x000001e66abc1e80,
0x000001e66abc28a0, 0x000001e66abc0a40, 0x000001e66abc1460, 0x000001e66abc0f50,
0x000001e66abc32c0, 0x000001e6718519b0, 0x000001e671852df0, 0x000001e671850060,
0x000001e6718528e0, 0x000001e671850a80, 0x000001e671850f90, 0x000001e671851ec0,
0x000001e6723d0a80, 0x000001e6723d6090, 0x000001e6723d4230, 0x000001e6723d74d0,
0x000001e6723d19b0, 0x000001e6723d23d0, 0x000001e6723d0f90, 0x000001e6723d6fc0,
0x000001e6723d0060, 0x000001e6723d28e0, 0x000001e6723d5b80, 0x000001e6723d3d20,
0x000001e6723d4c50, 0x000001e6723d5160, 0x000001e6723d5670, 0x000001e6726e8970,
0x000001e6726e8e80, 0x000001e6723d14a0, 0x000001e6723d1ec0, 0x000001e674246950,
0x000001e6742496e0, 0x000001e674245f30, 0x000001e674247880, 0x000001e6726ea7d0,
0x000001e67a4d6310, 0x000001e67a4d9fd0, 0x000001e67a4d7c60, 0x000001e67a4d4ed0,
0x000001e67a4d53e0, 0x000001e67a4d49c0, 0x000001e67c5a8350, 0x000001e67c5a5ad0,
0x000001e67c5a6f10, 0x000001e67c5a9790, 0x000001e6726e98a0
}

Java Threads: ( => current thread )
  0x000001e6465efaf0 JavaThread "main" [_thread_blocked, id=2428, stack(0x000000191ae00000,0x000000191af00000)]
  0x000001e66a6444c0 JavaThread "Reference Handler" daemon [_thread_blocked, id=4800, stack(0x000000191b600000,0x000000191b700000)]
  0x000001e66a645250 JavaThread "Finalizer" daemon [_thread_blocked, id=3728, stack(0x000000191b700000,0x000000191b800000)]
  0x000001e66a657bc0 JavaThread "Signal Dispatcher" daemon [_thread_blocked, id=8056, stack(0x000000191b800000,0x000000191b900000)]
  0x000001e66a6594a0 JavaThread "Attach Listener" daemon [_thread_blocked, id=14556, stack(0x000000191b900000,0x000000191ba00000)]
  0x000001e66a65ad80 JavaThread "Service Thread" daemon [_thread_blocked, id=3896, stack(0x000000191ba00000,0x000000191bb00000)]
  0x000001e66a65b650 JavaThread "Monitor Deflation Thread" daemon [_thread_blocked, id=10352, stack(0x000000191bb00000,0x000000191bc00000)]
  0x000001e66a65c300 JavaThread "C2 CompilerThread0" daemon [_thread_blocked, id=13444, stack(0x000000191bc00000,0x000000191bd00000)]
  0x000001e66a6c7af0 JavaThread "C1 CompilerThread0" daemon [_thread_blocked, id=12388, stack(0x000000191bd00000,0x000000191be00000)]
  0x000001e66a6ce7e0 JavaThread "Sweeper thread" daemon [_thread_blocked, id=13340, stack(0x000000191be00000,0x000000191bf00000)]
  0x000001e66a6303b0 JavaThread "Common-Cleaner" daemon [_thread_blocked, id=13388, stack(0x000000191bf00000,0x000000191c000000)]
  0x000001e66a936930 JavaThread "Notification Thread" daemon [_thread_blocked, id=14320, stack(0x000000191c000000,0x000000191c100000)]
  0x000001e67020cd80 JavaThread "Daemon health stats" [_thread_blocked, id=8108, stack(0x000000191c300000,0x000000191c400000)]
  0x000001e66fd3f6c0 JavaThread "Incoming local TCP Connector on port 12737" [_thread_in_native, id=13588, stack(0x000000191c400000,0x000000191c500000)]
  0x000001e66fd3e820 JavaThread "Daemon periodic checks" [_thread_blocked, id=9236, stack(0x000000191c500000,0x000000191c600000)]
  0x000001e66ff23f50 JavaThread "Daemon" [_thread_blocked, id=10252, stack(0x000000191c600000,0x000000191c700000)]
  0x000001e66ab15540 JavaThread "Handler for socket connection from /127.0.0.1:12737 to /127.0.0.1:12738" [_thread_in_native, id=11880, stack(0x000000191c700000,0x000000191c800000)]
  0x000001e66abc41f0 JavaThread "Cancel handler" [_thread_blocked, id=3836, stack(0x000000191c800000,0x000000191c900000)]
  0x000001e66abc1970 JavaThread "Daemon worker" [_thread_blocked, id=14852, stack(0x000000191c900000,0x000000191ca00000)]
  0x000001e66abc1e80 JavaThread "Asynchronous log dispatcher for DefaultDaemonConnection: socket connection from /127.0.0.1:12737 to /127.0.0.1:12738" [_thread_blocked, id=1392, stack(0x000000191ca00000,0x000000191cb00000)]
  0x000001e66abc28a0 JavaThread "Stdin handler" [_thread_blocked, id=12564, stack(0x000000191cb00000,0x000000191cc00000)]
  0x000001e66abc0a40 JavaThread "Daemon client event forwarder" [_thread_blocked, id=5832, stack(0x000000191cc00000,0x000000191cd00000)]
  0x000001e66abc1460 JavaThread "Cache worker for journal cache (C:\Users\Fahad Computer\.gradle\caches\journal-1)" [_thread_blocked, id=8564, stack(0x000000191cd00000,0x000000191ce00000)]
  0x000001e66abc0f50 JavaThread "File lock request listener" [_thread_in_native, id=15252, stack(0x000000191ce00000,0x000000191cf00000)]
  0x000001e66abc32c0 JavaThread "Cache worker for file hash cache (C:\Users\Fahad Computer\.gradle\caches\8.12\fileHashes)" [_thread_blocked, id=4832, stack(0x000000191cf00000,0x000000191d000000)]
  0x000001e6718519b0 JavaThread "Cache worker for file hash cache (C:\vtT\ChatbotApp\android\.gradle\8.12\fileHashes)" [_thread_blocked, id=4020, stack(0x000000191d000000,0x000000191d100000)]
  0x000001e671852df0 JavaThread "Cache worker for Build Output Cleanup Cache (C:\vtT\ChatbotApp\android\.gradle\buildOutputCleanup)" [_thread_blocked, id=12932, stack(0x000000191d100000,0x000000191d200000)]
  0x000001e671850060 JavaThread "File watcher server" daemon [_thread_blocked, id=3408, stack(0x000000191d200000,0x000000191d300000)]
  0x000001e6718528e0 JavaThread "File watcher consumer" daemon [_thread_blocked, id=7292, stack(0x000000191d300000,0x000000191d400000)]
  0x000001e671850a80 JavaThread "jar transforms" [_thread_blocked, id=12500, stack(0x000000191d400000,0x000000191d500000)]
  0x000001e671850f90 JavaThread "Cache worker for checksums cache (C:\vtT\ChatbotApp\android\.gradle\8.12\checksums)" [_thread_blocked, id=7452, stack(0x000000191d500000,0x000000191d600000)]
  0x000001e671851ec0 JavaThread "Cache worker for file content cache (C:\Users\Fahad Computer\.gradle\caches\8.12\fileContent)" [_thread_blocked, id=10484, stack(0x000000191d600000,0x000000191d700000)]
  0x000001e6723d0a80 JavaThread "Cache worker for cache directory md-rule (C:\Users\Fahad Computer\.gradle\caches\8.12\md-rule)" [_thread_blocked, id=8476, stack(0x000000191d700000,0x000000191d800000)]
  0x000001e6723d6090 JavaThread "Cache worker for cache directory md-supplier (C:\Users\Fahad Computer\.gradle\caches\8.12\md-supplier)" [_thread_blocked, id=5972, stack(0x000000191d800000,0x000000191d900000)]
  0x000001e6723d4230 JavaThread "Cache worker for Build Output Cleanup Cache (C:\vtT\ChatbotApp\node_modules\@react-native\gradle-plugin\.gradle\buildOutputCleanup)" [_thread_blocked, id=4792, stack(0x000000191db00000,0x000000191dc00000)]
  0x000001e6723d74d0 JavaThread "Unconstrained build operations" [_thread_blocked, id=10292, stack(0x000000191ad00000,0x000000191ae00000)]
  0x000001e6723d19b0 JavaThread "Unconstrained build operations Thread 2" [_thread_blocked, id=14072, stack(0x000000191af00000,0x000000191b000000)]
  0x000001e6723d23d0 JavaThread "Unconstrained build operations Thread 3" [_thread_blocked, id=11684, stack(0x000000191dc00000,0x000000191dd00000)]
  0x000001e6723d0f90 JavaThread "Unconstrained build operations Thread 4" [_thread_blocked, id=11368, stack(0x000000191dd00000,0x000000191de00000)]
  0x000001e6723d6fc0 JavaThread "Unconstrained build operations Thread 5" [_thread_blocked, id=12284, stack(0x000000191de00000,0x000000191df00000)]
  0x000001e6723d0060 JavaThread "Unconstrained build operations Thread 6" [_thread_blocked, id=3940, stack(0x000000191df00000,0x000000191e000000)]
  0x000001e6723d28e0 JavaThread "build event listener" [_thread_blocked, id=11980, stack(0x000000191e000000,0x000000191e100000)]
  0x000001e6723d5b80 JavaThread "Memory manager" [_thread_blocked, id=8356, stack(0x000000191e100000,0x000000191e200000)]
  0x000001e6723d3d20 JavaThread "Cache worker for execution history cache (C:\vtT\ChatbotApp\node_modules\@react-native\gradle-plugin\.gradle\8.12\executionHistory)" [_thread_blocked, id=11908, stack(0x000000191e800000,0x000000191e900000)]
  0x000001e6723d4c50 JavaThread "Unconstrained build operations Thread 7" [_thread_blocked, id=13024, stack(0x000000191e900000,0x000000191ea00000)]
  0x000001e6723d5160 JavaThread "Unconstrained build operations Thread 8" [_thread_blocked, id=12408, stack(0x000000191ea00000,0x000000191eb00000)]
  0x000001e6723d5670 JavaThread "Unconstrained build operations Thread 9" [_thread_blocked, id=3700, stack(0x000000191eb00000,0x000000191ec00000)]
  0x000001e6726e8970 JavaThread "Unconstrained build operations Thread 10" [_thread_blocked, id=11968, stack(0x000000191ec00000,0x000000191ed00000)]
  0x000001e6726e8e80 JavaThread "jar transforms Thread 2" [_thread_blocked, id=7800, stack(0x000000191ed00000,0x000000191ee00000)]
  0x000001e6723d14a0 JavaThread "build event listener" [_thread_blocked, id=4164, stack(0x000000191e300000,0x000000191e400000)]
  0x000001e6723d1ec0 JavaThread "Problems report writer" [_thread_blocked, id=9452, stack(0x000000191e400000,0x000000191e500000)]
  0x000001e674246950 JavaThread "pool-3-thread-1" [_thread_blocked, id=13564, stack(0x000000191e500000,0x000000191e600000)]
  0x000001e6742496e0 JavaThread "build event listener" [_thread_blocked, id=3360, stack(0x000000191e600000,0x000000191e700000)]
  0x000001e674245f30 JavaThread "included builds Thread 2" [_thread_blocked, id=11564, stack(0x000000191e700000,0x000000191e800000)]
  0x000001e674247880 JavaThread "Cache worker for execution history cache (C:\vtT\ChatbotApp\android\.gradle\8.12\executionHistory)" [_thread_blocked, id=5324, stack(0x000000191ee00000,0x000000191ef00000)]
  0x000001e6726ea7d0 JavaThread "Cache worker for Java compile cache (C:\Users\Fahad Computer\.gradle\caches\8.12\javaCompile)" [_thread_blocked, id=8252, stack(0x000000191f000000,0x000000191f100000)]
  0x000001e67a4d6310 JavaThread "Build operations" [_thread_blocked, id=532, stack(0x000000191f100000,0x000000191f200000)]
  0x000001e67a4d9fd0 JavaThread "RMI Scheduler(0)" daemon [_thread_blocked, id=6160, stack(0x000000191f200000,0x000000191f300000)]
  0x000001e67a4d7c60 JavaThread "RMI GC Daemon" daemon [_thread_blocked, id=4972, stack(0x000000191f400000,0x000000191f500000)]
  0x000001e67a4d4ed0 JavaThread "RMI TCP Accept-0" daemon [_thread_in_native, id=14992, stack(0x000000191f700000,0x000000191f800000)]
  0x000001e67a4d53e0 JavaThread "RMI Reaper" [_thread_blocked, id=13480, stack(0x000000191f800000,0x000000191f900000)]
  0x000001e67a4d49c0 JavaThread "RMI RenewClean-[127.0.0.1:17978,org.jetbrains.kotlin.daemon.common.LoopbackNetworkInterface$ClientLoopbackSocketFactory@4adcd489]" daemon [_thread_blocked, id=13260, stack(0x000000191f500000,0x000000191f600000)]
  0x000001e67c5a8350 JavaThread "RMI RenewClean-[127.0.0.1:17113,org.jetbrains.kotlin.daemon.common.LoopbackNetworkInterface$ClientLoopbackSocketFactory@565774b3]" daemon [_thread_blocked, id=14256, stack(0x000000191f600000,0x000000191f700000)]
  0x000001e67c5a5ad0 JavaThread "WorkerExecutor Queue Thread 7" [_thread_blocked, id=13368, stack(0x000000191e200000,0x000000191e300000)]
  0x000001e67c5a6f10 JavaThread "WorkerExecutor Queue Thread 8" [_thread_blocked, id=10452, stack(0x000000191d900000,0x000000191da00000)]
  0x000001e67c5a9790 JavaThread "ForkJoinPool-1-worker-1" daemon [_thread_blocked, id=14364, stack(0x000000191ef00000,0x000000191f000000)]
  0x000001e6726e98a0 JavaThread "ForkJoinPool-1-worker-2" daemon [_thread_blocked, id=9812, stack(0x000000191f300000,0x000000191f400000)]

Other Threads:
=>0x000001e66a640a50 VMThread "VM Thread" [stack: 0x000000191b500000,0x000000191b600000] [id=9788]
  0x000001e66a8d2460 WatcherThread [stack: 0x000000191c100000,0x000000191c200000] [id=11904]
  0x000001e646659a30 GCTaskThread "GC Thread#0" [stack: 0x000000191b000000,0x000000191b100000] [id=6616]
  0x000001e66a9d8b50 GCTaskThread "GC Thread#1" [stack: 0x000000191c200000,0x000000191c300000] [id=7396]
  0x000001e64666a890 ConcurrentGCThread "G1 Main Marker" [stack: 0x000000191b100000,0x000000191b200000] [id=9536]
  0x000001e64666b1b0 ConcurrentGCThread "G1 Conc#0" [stack: 0x000000191b200000,0x000000191b300000] [id=7096]
  0x000001e6466b9ef0 ConcurrentGCThread "G1 Refine#0" [stack: 0x000000191b300000,0x000000191b400000] [id=10220]
  0x000001e67be40df0 ConcurrentGCThread "G1 Refine#1" [stack: 0x000000191da00000,0x000000191db00000] [id=8648]
  0x000001e6466ba830 ConcurrentGCThread "G1 Service" [stack: 0x000000191b400000,0x000000191b500000] [id=9860]

Threads with active compile tasks:
C2 CompilerThread0  2131440 39202       4       com.android.tools.r8.dex.C::a (997 bytes)

VM state: at safepoint (normal execution)

VM Mutex/Monitor currently owned by a thread:  ([mutex/lock_event])
[0x000001e6465ebd70] Threads_lock - owner thread: 0x000001e66a640a50
[0x000001e6465eac90] Heap_lock - owner thread: 0x000001e67c5a9790

Heap address: 0x0000000700000000, size: 4096 MB, Compressed Oops mode: Zero based, Oop shift amount: 3

CDS archive(s) mapped at: [0x000001e600000000-0x000001e600bd0000-0x000001e600bd0000), size 12386304, SharedBaseAddress: 0x000001e600000000, ArchiveRelocationMode: 1.
Compressed class space mapped at: 0x000001e601000000-0x000001e641000000, reserved size: 1073741824
Narrow klass base: 0x000001e600000000, Narrow klass shift: 0, Narrow klass range: 0x100000000

GC Precious Log:
 CPUs: 2 total, 2 available
 Memory: 3918M
 Large Page Support: Disabled
 NUMA Support: Disabled
 Compressed Oops: Enabled (Zero based)
 Heap Region Size: 2M
 Heap Min Capacity: 8M
 Heap Initial Capacity: 62M
 Heap Max Capacity: 4G
 Pre-touch: Disabled
 Parallel Workers: 2
 Concurrent Workers: 1
 Concurrent Refinement Workers: 2
 Periodic GC: Disabled

Heap:
 garbage-first heap   total 788480K, used 540672K [0x0000000700000000, 0x0000000800000000)
  region size 2048K, 3 young (6144K), 3 survivors (6144K)
 Metaspace       used 171125K, committed 173248K, reserved 1245184K
  class space    used 22289K, committed 23296K, reserved 1048576K

Heap Regions: E=young(eden), S=young(survivor), O=old, HS=humongous(starts), HC=humongous(continues), CS=collection set, F=free, OA=open archive, CA=closed archive, TAMS=top-at-mark-start (previous, next)
|   0|0x0000000700000000, 0x0000000700200000, 0x0000000700200000|100%| O|  |TAMS 0x0000000700200000, 0x0000000700200000| Untracked 
|   1|0x0000000700200000, 0x0000000700400000, 0x0000000700400000|100%|HS|  |TAMS 0x0000000700400000, 0x0000000700400000| Complete 
|   2|0x0000000700400000, 0x0000000700600000, 0x0000000700600000|100%|HC|  |TAMS 0x0000000700600000, 0x0000000700600000| Complete 
|   3|0x0000000700600000, 0x0000000700800000, 0x0000000700800000|100%| O|  |TAMS 0x0000000700800000, 0x0000000700800000| Untracked 
|   4|0x0000000700800000, 0x0000000700a00000, 0x0000000700a00000|100%| O|  |TAMS 0x0000000700a00000, 0x0000000700a00000| Untracked 
|   5|0x0000000700a00000, 0x0000000700c00000, 0x0000000700c00000|100%| O|  |TAMS 0x0000000700c00000, 0x0000000700c00000| Untracked 
|   6|0x0000000700c00000, 0x0000000700e00000, 0x0000000700e00000|100%| O|  |TAMS 0x0000000700e00000, 0x0000000700e00000| Untracked 
|   7|0x0000000700e00000, 0x0000000701000000, 0x0000000701000000|100%| O|  |TAMS 0x0000000701000000, 0x0000000701000000| Untracked 
|   8|0x0000000701000000, 0x0000000701200000, 0x0000000701200000|100%| O|  |TAMS 0x0000000701200000, 0x0000000701200000| Untracked 
|   9|0x0000000701200000, 0x0000000701400000, 0x0000000701400000|100%| O|  |TAMS 0x0000000701400000, 0x0000000701400000| Untracked 
|  10|0x0000000701400000, 0x0000000701600000, 0x0000000701600000|100%| O|  |TAMS 0x0000000701600000, 0x0000000701600000| Untracked 
|  11|0x0000000701600000, 0x0000000701800000, 0x0000000701800000|100%| O|  |TAMS 0x0000000701800000, 0x0000000701800000| Untracked 
|  12|0x0000000701800000, 0x0000000701a00000, 0x0000000701a00000|100%| O|  |TAMS 0x0000000701a00000, 0x0000000701a00000| Untracked 
|  13|0x0000000701a00000, 0x0000000701c00000, 0x0000000701c00000|100%| O|  |TAMS 0x0000000701c00000, 0x0000000701c00000| Untracked 
|  14|0x0000000701c00000, 0x0000000701e00000, 0x0000000701e00000|100%| O|  |TAMS 0x0000000701e00000, 0x0000000701e00000| Untracked 
|  15|0x0000000701e00000, 0x0000000702000000, 0x0000000702000000|100%| O|  |TAMS 0x0000000702000000, 0x0000000702000000| Untracked 
|  16|0x0000000702000000, 0x0000000702200000, 0x0000000702200000|100%| O|  |TAMS 0x0000000702200000, 0x0000000702200000| Untracked 
|  17|0x0000000702200000, 0x0000000702400000, 0x0000000702400000|100%| O|  |TAMS 0x0000000702400000, 0x0000000702400000| Untracked 
|  18|0x0000000702400000, 0x0000000702600000, 0x0000000702600000|100%| O|  |TAMS 0x0000000702600000, 0x0000000702600000| Untracked 
|  19|0x0000000702600000, 0x0000000702800000, 0x0000000702800000|100%| O|  |TAMS 0x0000000702800000, 0x0000000702800000| Untracked 
|  20|0x0000000702800000, 0x0000000702a00000, 0x0000000702a00000|100%| O|  |TAMS 0x0000000702800000, 0x0000000702a00000| Untracked 
|  21|0x0000000702a00000, 0x0000000702c00000, 0x0000000702c00000|100%| O|  |TAMS 0x0000000702c00000, 0x0000000702c00000| Untracked 
|  22|0x0000000702c00000, 0x0000000702e00000, 0x0000000702e00000|100%| O|  |TAMS 0x0000000702e00000, 0x0000000702e00000| Untracked 
|  23|0x0000000702e00000, 0x0000000703000000, 0x0000000703000000|100%|HS|  |TAMS 0x0000000703000000, 0x0000000703000000| Complete 
|  24|0x0000000703000000, 0x0000000703200000, 0x0000000703200000|100%|HS|  |TAMS 0x0000000703200000, 0x0000000703200000| Complete 
|  25|0x0000000703200000, 0x0000000703400000, 0x0000000703400000|100%|HS|  |TAMS 0x0000000703400000, 0x0000000703400000| Complete 
|  26|0x0000000703400000, 0x0000000703600000, 0x0000000703600000|100%|HC|  |TAMS 0x0000000703600000, 0x0000000703600000| Complete 
|  27|0x0000000703600000, 0x0000000703800000, 0x0000000703800000|100%|HS|  |TAMS 0x0000000703800000, 0x0000000703800000| Complete 
|  28|0x0000000703800000, 0x0000000703a00000, 0x0000000703a00000|100%| O|  |TAMS 0x0000000703a00000, 0x0000000703a00000| Untracked 
|  29|0x0000000703a00000, 0x0000000703c00000, 0x0000000703c00000|100%|HS|  |TAMS 0x0000000703c00000, 0x0000000703c00000| Complete 
|  30|0x0000000703c00000, 0x0000000703e00000, 0x0000000703e00000|100%|HC|  |TAMS 0x0000000703e00000, 0x0000000703e00000| Complete 
|  31|0x0000000703e00000, 0x0000000704000000, 0x0000000704000000|100%| O|  |TAMS 0x0000000704000000, 0x0000000704000000| Untracked 
|  32|0x0000000704000000, 0x0000000704200000, 0x0000000704200000|100%| O|  |TAMS 0x0000000704200000, 0x0000000704200000| Untracked 
|  33|0x0000000704200000, 0x0000000704400000, 0x0000000704400000|100%| O|  |TAMS 0x0000000704400000, 0x0000000704400000| Untracked 
|  34|0x0000000704400000, 0x0000000704600000, 0x0000000704600000|100%| O|  |TAMS 0x0000000704600000, 0x0000000704600000| Untracked 
|  35|0x0000000704600000, 0x0000000704800000, 0x0000000704800000|100%| O|  |TAMS 0x0000000704800000, 0x0000000704800000| Untracked 
|  36|0x0000000704800000, 0x0000000704a00000, 0x0000000704a00000|100%| O|  |TAMS 0x0000000704a00000, 0x0000000704a00000| Untracked 
|  37|0x0000000704a00000, 0x0000000704c00000, 0x0000000704c00000|100%| O|  |TAMS 0x0000000704c00000, 0x0000000704c00000| Untracked 
|  38|0x0000000704c00000, 0x0000000704e00000, 0x0000000704e00000|100%| O|  |TAMS 0x0000000704c00000, 0x0000000704e00000| Untracked 
|  39|0x0000000704e00000, 0x0000000705000000, 0x0000000705000000|100%| O|  |TAMS 0x0000000705000000, 0x0000000705000000| Untracked 
|  40|0x0000000705000000, 0x0000000705200000, 0x0000000705200000|100%| O|  |TAMS 0x0000000705200000, 0x0000000705200000| Untracked 
|  41|0x0000000705200000, 0x0000000705400000, 0x0000000705400000|100%| O|  |TAMS 0x0000000705400000, 0x0000000705400000| Untracked 
|  42|0x0000000705400000, 0x0000000705600000, 0x0000000705600000|100%| O|  |TAMS 0x0000000705600000, 0x0000000705600000| Untracked 
|  43|0x0000000705600000, 0x0000000705800000, 0x0000000705800000|100%| O|  |TAMS 0x0000000705800000, 0x0000000705800000| Untracked 
|  44|0x0000000705800000, 0x0000000705a00000, 0x0000000705a00000|100%| O|  |TAMS 0x0000000705a00000, 0x0000000705a00000| Untracked 
|  45|0x0000000705a00000, 0x0000000705c00000, 0x0000000705c00000|100%| O|  |TAMS 0x0000000705c00000, 0x0000000705c00000| Untracked 
|  46|0x0000000705c00000, 0x0000000705e00000, 0x0000000705e00000|100%| O|  |TAMS 0x0000000705e00000, 0x0000000705e00000| Untracked 
|  47|0x0000000705e00000, 0x0000000706000000, 0x0000000706000000|100%| O|  |TAMS 0x0000000706000000, 0x0000000706000000| Untracked 
|  48|0x0000000706000000, 0x0000000706200000, 0x0000000706200000|100%| O|  |TAMS 0x0000000706200000, 0x0000000706200000| Untracked 
|  49|0x0000000706200000, 0x0000000706400000, 0x0000000706400000|100%| O|  |TAMS 0x0000000706400000, 0x0000000706400000| Untracked 
|  50|0x0000000706400000, 0x0000000706600000, 0x0000000706600000|100%| O|  |TAMS 0x0000000706600000, 0x0000000706600000| Untracked 
|  51|0x0000000706600000, 0x0000000706800000, 0x0000000706800000|100%| O|  |TAMS 0x0000000706800000, 0x0000000706800000| Untracked 
|  52|0x0000000706800000, 0x0000000706a00000, 0x0000000706a00000|100%| O|  |TAMS 0x0000000706a00000, 0x0000000706a00000| Untracked 
|  53|0x0000000706a00000, 0x0000000706c00000, 0x0000000706c00000|100%| O|  |TAMS 0x0000000706c00000, 0x0000000706c00000| Untracked 
|  54|0x0000000706c00000, 0x0000000706e00000, 0x0000000706e00000|100%| O|  |TAMS 0x0000000706e00000, 0x0000000706e00000| Untracked 
|  55|0x0000000706e00000, 0x0000000707000000, 0x0000000707000000|100%| O|  |TAMS 0x0000000707000000, 0x0000000707000000| Untracked 
|  56|0x0000000707000000, 0x0000000707200000, 0x0000000707200000|100%| O|  |TAMS 0x0000000707200000, 0x0000000707200000| Untracked 
|  57|0x0000000707200000, 0x0000000707400000, 0x0000000707400000|100%| O|  |TAMS 0x0000000707400000, 0x0000000707400000| Untracked 
|  58|0x0000000707400000, 0x0000000707600000, 0x0000000707600000|100%| O|  |TAMS 0x0000000707600000, 0x0000000707600000| Untracked 
|  59|0x0000000707600000, 0x0000000707800000, 0x0000000707800000|100%| O|  |TAMS 0x0000000707800000, 0x0000000707800000| Untracked 
|  60|0x0000000707800000, 0x0000000707a00000, 0x0000000707a00000|100%| O|  |TAMS 0x0000000707a00000, 0x0000000707a00000| Untracked 
|  61|0x0000000707a00000, 0x0000000707c00000, 0x0000000707c00000|100%| O|  |TAMS 0x0000000707c00000, 0x0000000707c00000| Untracked 
|  62|0x0000000707c00000, 0x0000000707e00000, 0x0000000707e00000|100%| O|  |TAMS 0x0000000707e00000, 0x0000000707e00000| Untracked 
|  63|0x0000000707e00000, 0x0000000708000000, 0x0000000708000000|100%| O|  |TAMS 0x0000000707e00000, 0x0000000708000000| Untracked 
|  64|0x0000000708000000, 0x0000000708200000, 0x0000000708200000|100%|HS|  |TAMS 0x0000000708200000, 0x0000000708200000| Complete 
|  65|0x0000000708200000, 0x0000000708400000, 0x0000000708400000|100%| O|  |TAMS 0x0000000708400000, 0x0000000708400000| Untracked 
|  66|0x0000000708400000, 0x0000000708600000, 0x0000000708600000|100%| O|  |TAMS 0x0000000708600000, 0x0000000708600000| Untracked 
|  67|0x0000000708600000, 0x0000000708800000, 0x0000000708800000|100%| O|  |TAMS 0x0000000708800000, 0x0000000708800000| Untracked 
|  68|0x0000000708800000, 0x0000000708a00000, 0x0000000708a00000|100%| O|  |TAMS 0x0000000708a00000, 0x0000000708a00000| Untracked 
|  69|0x0000000708a00000, 0x0000000708c00000, 0x0000000708c00000|100%| O|  |TAMS 0x0000000708c00000, 0x0000000708c00000| Untracked 
|  70|0x0000000708c00000, 0x0000000708e00000, 0x0000000708e00000|100%| O|  |TAMS 0x0000000708e00000, 0x0000000708e00000| Untracked 
|  71|0x0000000708e00000, 0x0000000709000000, 0x0000000709000000|100%| O|  |TAMS 0x0000000709000000, 0x0000000709000000| Untracked 
|  72|0x0000000709000000, 0x0000000709200000, 0x0000000709200000|100%| O|  |TAMS 0x0000000709200000, 0x0000000709200000| Untracked 
|  73|0x0000000709200000, 0x0000000709400000, 0x0000000709400000|100%| O|  |TAMS 0x0000000709200000, 0x0000000709400000| Untracked 
|  74|0x0000000709400000, 0x0000000709600000, 0x0000000709600000|100%| O|  |TAMS 0x0000000709600000, 0x0000000709600000| Untracked 
|  75|0x0000000709600000, 0x0000000709800000, 0x0000000709800000|100%| O|  |TAMS 0x0000000709800000, 0x0000000709800000| Untracked 
|  76|0x0000000709800000, 0x0000000709a00000, 0x0000000709a00000|100%| O|  |TAMS 0x0000000709a00000, 0x0000000709a00000| Untracked 
|  77|0x0000000709a00000, 0x0000000709c00000, 0x0000000709c00000|100%| O|  |TAMS 0x0000000709c00000, 0x0000000709c00000| Untracked 
|  78|0x0000000709c00000, 0x0000000709e00000, 0x0000000709e00000|100%| O|  |TAMS 0x0000000709c00000, 0x0000000709e00000| Untracked 
|  79|0x0000000709e00000, 0x000000070a000000, 0x000000070a000000|100%| O|  |TAMS 0x0000000709e00000, 0x000000070a000000| Untracked 
|  80|0x000000070a000000, 0x000000070a200000, 0x000000070a200000|100%| O|  |TAMS 0x000000070a200000, 0x000000070a200000| Untracked 
|  81|0x000000070a200000, 0x000000070a400000, 0x000000070a400000|100%| O|  |TAMS 0x000000070a400000, 0x000000070a400000| Untracked 
|  82|0x000000070a400000, 0x000000070a600000, 0x000000070a600000|100%| O|  |TAMS 0x000000070a600000, 0x000000070a600000| Untracked 
|  83|0x000000070a600000, 0x000000070a800000, 0x000000070a800000|100%| O|  |TAMS 0x000000070a800000, 0x000000070a800000| Untracked 
|  84|0x000000070a800000, 0x000000070aa00000, 0x000000070aa00000|100%| O|  |TAMS 0x000000070aa00000, 0x000000070aa00000| Untracked 
|  85|0x000000070aa00000, 0x000000070ac00000, 0x000000070ac00000|100%| O|  |TAMS 0x000000070ac00000, 0x000000070ac00000| Untracked 
|  86|0x000000070ac00000, 0x000000070ae00000, 0x000000070ae00000|100%| O|  |TAMS 0x000000070ae00000, 0x000000070ae00000| Untracked 
|  87|0x000000070ae00000, 0x000000070b000000, 0x000000070b000000|100%| O|  |TAMS 0x000000070b000000, 0x000000070b000000| Untracked 
|  88|0x000000070b000000, 0x000000070b200000, 0x000000070b200000|100%| O|  |TAMS 0x000000070b200000, 0x000000070b200000| Untracked 
|  89|0x000000070b200000, 0x000000070b400000, 0x000000070b400000|100%| O|  |TAMS 0x000000070b400000, 0x000000070b400000| Untracked 
|  90|0x000000070b400000, 0x000000070b600000, 0x000000070b600000|100%| O|  |TAMS 0x000000070b600000, 0x000000070b600000| Untracked 
|  91|0x000000070b600000, 0x000000070b800000, 0x000000070b800000|100%| O|  |TAMS 0x000000070b800000, 0x000000070b800000| Untracked 
|  92|0x000000070b800000, 0x000000070ba00000, 0x000000070ba00000|100%| O|  |TAMS 0x000000070ba00000, 0x000000070ba00000| Untracked 
|  93|0x000000070ba00000, 0x000000070bc00000, 0x000000070bc00000|100%| O|  |TAMS 0x000000070bc00000, 0x000000070bc00000| Untracked 
|  94|0x000000070bc00000, 0x000000070be00000, 0x000000070be00000|100%| O|  |TAMS 0x000000070bc00000, 0x000000070be00000| Untracked 
|  95|0x000000070be00000, 0x000000070c000000, 0x000000070c000000|100%| O|  |TAMS 0x000000070c000000, 0x000000070c000000| Untracked 
|  96|0x000000070c000000, 0x000000070c200000, 0x000000070c200000|100%| O|  |TAMS 0x000000070c200000, 0x000000070c200000| Untracked 
|  97|0x000000070c200000, 0x000000070c400000, 0x000000070c400000|100%| O|  |TAMS 0x000000070c400000, 0x000000070c400000| Untracked 
|  98|0x000000070c400000, 0x000000070c600000, 0x000000070c600000|100%| O|  |TAMS 0x000000070c600000, 0x000000070c600000| Untracked 
|  99|0x000000070c600000, 0x000000070c800000, 0x000000070c800000|100%| O|  |TAMS 0x000000070c800000, 0x000000070c800000| Untracked 
| 100|0x000000070c800000, 0x000000070ca00000, 0x000000070ca00000|100%| O|  |TAMS 0x000000070ca00000, 0x000000070ca00000| Untracked 
| 101|0x000000070ca00000, 0x000000070cc00000, 0x000000070cc00000|100%| O|  |TAMS 0x000000070cc00000, 0x000000070cc00000| Untracked 
| 102|0x000000070cc00000, 0x000000070ce00000, 0x000000070ce00000|100%| O|  |TAMS 0x000000070cc00000, 0x000000070ce00000| Untracked 
| 103|0x000000070ce00000, 0x000000070d000000, 0x000000070d000000|100%| O|  |TAMS 0x000000070ce00000, 0x000000070d000000| Untracked 
| 104|0x000000070d000000, 0x000000070d200000, 0x000000070d200000|100%| O|  |TAMS 0x000000070d200000, 0x000000070d200000| Untracked 
| 105|0x000000070d200000, 0x000000070d400000, 0x000000070d400000|100%| O|  |TAMS 0x000000070d400000, 0x000000070d400000| Untracked 
| 106|0x000000070d400000, 0x000000070d600000, 0x000000070d600000|100%| O|  |TAMS 0x000000070d600000, 0x000000070d600000| Untracked 
| 107|0x000000070d600000, 0x000000070d800000, 0x000000070d800000|100%| O|  |TAMS 0x000000070d800000, 0x000000070d800000| Untracked 
| 108|0x000000070d800000, 0x000000070da00000, 0x000000070da00000|100%| O|  |TAMS 0x000000070da00000, 0x000000070da00000| Untracked 
| 109|0x000000070da00000, 0x000000070dc00000, 0x000000070dc00000|100%| O|  |TAMS 0x000000070dc00000, 0x000000070dc00000| Untracked 
| 110|0x000000070dc00000, 0x000000070de00000, 0x000000070de00000|100%| O|  |TAMS 0x000000070de00000, 0x000000070de00000| Untracked 
| 111|0x000000070de00000, 0x000000070e000000, 0x000000070e000000|100%| O|  |TAMS 0x000000070e000000, 0x000000070e000000| Untracked 
| 112|0x000000070e000000, 0x000000070e200000, 0x000000070e200000|100%| O|  |TAMS 0x000000070e200000, 0x000000070e200000| Untracked 
| 113|0x000000070e200000, 0x000000070e400000, 0x000000070e400000|100%| O|  |TAMS 0x000000070e200000, 0x000000070e400000| Untracked 
| 114|0x000000070e400000, 0x000000070e600000, 0x000000070e600000|100%| O|  |TAMS 0x000000070e600000, 0x000000070e600000| Untracked 
| 115|0x000000070e600000, 0x000000070e800000, 0x000000070e800000|100%| O|  |TAMS 0x000000070e800000, 0x000000070e800000| Untracked 
| 116|0x000000070e800000, 0x000000070ea00000, 0x000000070ea00000|100%| O|  |TAMS 0x000000070ea00000, 0x000000070ea00000| Untracked 
| 117|0x000000070ea00000, 0x000000070ec00000, 0x000000070ec00000|100%| O|  |TAMS 0x000000070ec00000, 0x000000070ec00000| Untracked 
| 118|0x000000070ec00000, 0x000000070ee00000, 0x000000070ee00000|100%| O|  |TAMS 0x000000070ec00000, 0x000000070ee00000| Untracked 
| 119|0x000000070ee00000, 0x000000070f000000, 0x000000070f000000|100%| O|  |TAMS 0x000000070f000000, 0x000000070f000000| Untracked 
| 120|0x000000070f000000, 0x000000070f200000, 0x000000070f200000|100%| O|  |TAMS 0x000000070f200000, 0x000000070f200000| Untracked 
| 121|0x000000070f200000, 0x000000070f400000, 0x000000070f400000|100%| O|  |TAMS 0x000000070f400000, 0x000000070f400000| Untracked 
| 122|0x000000070f400000, 0x000000070f600000, 0x000000070f600000|100%| O|  |TAMS 0x000000070f400000, 0x000000070f600000| Untracked 
| 123|0x000000070f600000, 0x000000070f800000, 0x000000070f800000|100%| O|  |TAMS 0x000000070f800000, 0x000000070f800000| Untracked 
| 124|0x000000070f800000, 0x000000070fa00000, 0x000000070fa00000|100%| O|  |TAMS 0x000000070fa00000, 0x000000070fa00000| Untracked 
| 125|0x000000070fa00000, 0x000000070fc00000, 0x000000070fc00000|100%| O|  |TAMS 0x000000070fc00000, 0x000000070fc00000| Untracked 
| 126|0x000000070fc00000, 0x000000070fe00000, 0x000000070fe00000|100%| O|  |TAMS 0x000000070fe00000, 0x000000070fe00000| Untracked 
| 127|0x000000070fe00000, 0x0000000710000000, 0x0000000710000000|100%| O|  |TAMS 0x0000000710000000, 0x0000000710000000| Untracked 
| 128|0x0000000710000000, 0x0000000710200000, 0x0000000710200000|100%| O|  |TAMS 0x0000000710200000, 0x0000000710200000| Untracked 
| 129|0x0000000710200000, 0x0000000710400000, 0x0000000710400000|100%| O|  |TAMS 0x0000000710400000, 0x0000000710400000| Untracked 
| 130|0x0000000710400000, 0x0000000710600000, 0x0000000710600000|100%| O|  |TAMS 0x0000000710600000, 0x0000000710600000| Untracked 
| 131|0x0000000710600000, 0x0000000710800000, 0x0000000710800000|100%| O|  |TAMS 0x0000000710800000, 0x0000000710800000| Untracked 
| 132|0x0000000710800000, 0x0000000710a00000, 0x0000000710a00000|100%| O|  |TAMS 0x0000000710a00000, 0x0000000710a00000| Untracked 
| 133|0x0000000710a00000, 0x0000000710c00000, 0x0000000710c00000|100%| O|  |TAMS 0x0000000710c00000, 0x0000000710c00000| Untracked 
| 134|0x0000000710c00000, 0x0000000710e00000, 0x0000000710e00000|100%| O|  |TAMS 0x0000000710e00000, 0x0000000710e00000| Untracked 
| 135|0x0000000710e00000, 0x0000000711000000, 0x0000000711000000|100%| O|  |TAMS 0x0000000711000000, 0x0000000711000000| Untracked 
| 136|0x0000000711000000, 0x0000000711200000, 0x0000000711200000|100%| O|  |TAMS 0x0000000711200000, 0x0000000711200000| Untracked 
| 137|0x0000000711200000, 0x0000000711400000, 0x0000000711400000|100%| O|  |TAMS 0x0000000711400000, 0x0000000711400000| Untracked 
| 138|0x0000000711400000, 0x0000000711600000, 0x0000000711600000|100%| O|  |TAMS 0x0000000711400000, 0x0000000711600000| Untracked 
| 139|0x0000000711600000, 0x0000000711800000, 0x0000000711800000|100%| O|  |TAMS 0x0000000711800000, 0x0000000711800000| Untracked 
| 140|0x0000000711800000, 0x0000000711a00000, 0x0000000711a00000|100%| O|  |TAMS 0x0000000711a00000, 0x0000000711a00000| Untracked 
| 141|0x0000000711a00000, 0x0000000711c00000, 0x0000000711c00000|100%| O|  |TAMS 0x0000000711c00000, 0x0000000711c00000| Untracked 
| 142|0x0000000711c00000, 0x0000000711e00000, 0x0000000711e00000|100%| O|  |TAMS 0x0000000711e00000, 0x0000000711e00000| Untracked 
| 143|0x0000000711e00000, 0x0000000712000000, 0x0000000712000000|100%|HS|  |TAMS 0x0000000711e00000, 0x0000000712000000| Complete 
| 144|0x0000000712000000, 0x0000000712200000, 0x0000000712200000|100%| O|  |TAMS 0x0000000712000000, 0x0000000712200000| Untracked 
| 145|0x0000000712200000, 0x0000000712400000, 0x0000000712400000|100%| O|  |TAMS 0x0000000712400000, 0x0000000712400000| Untracked 
| 146|0x0000000712400000, 0x0000000712600000, 0x0000000712600000|100%| O|  |TAMS 0x0000000712400000, 0x0000000712600000| Untracked 
| 147|0x0000000712600000, 0x0000000712800000, 0x0000000712800000|100%| O|  |TAMS 0x0000000712600000, 0x0000000712800000| Untracked 
| 148|0x0000000712800000, 0x0000000712a00000, 0x0000000712a00000|100%| O|  |TAMS 0x0000000712800000, 0x0000000712a00000| Untracked 
| 149|0x0000000712a00000, 0x0000000712c00000, 0x0000000712c00000|100%| O|  |TAMS 0x0000000712c00000, 0x0000000712c00000| Untracked 
| 150|0x0000000712c00000, 0x0000000712e00000, 0x0000000712e00000|100%| O|  |TAMS 0x0000000712c00000, 0x0000000712e00000| Untracked 
| 151|0x0000000712e00000, 0x0000000713000000, 0x0000000713000000|100%| O|  |TAMS 0x0000000712e00000, 0x0000000713000000| Untracked 
| 152|0x0000000713000000, 0x0000000713200000, 0x0000000713200000|100%| O|  |TAMS 0x0000000713000000, 0x0000000713200000| Untracked 
| 153|0x0000000713200000, 0x0000000713400000, 0x0000000713400000|100%| O|  |TAMS 0x0000000713200000, 0x0000000713400000| Untracked 
| 154|0x0000000713400000, 0x0000000713600000, 0x0000000713600000|100%| O|  |TAMS 0x0000000713400000, 0x0000000713600000| Untracked 
| 155|0x0000000713600000, 0x0000000713800000, 0x0000000713800000|100%|HS|  |TAMS 0x0000000713600000, 0x0000000713800000| Complete 
| 156|0x0000000713800000, 0x0000000713a00000, 0x0000000713a00000|100%| O|  |TAMS 0x0000000713800000, 0x0000000713a00000| Untracked 
| 157|0x0000000713a00000, 0x0000000713c00000, 0x0000000713c00000|100%| O|  |TAMS 0x0000000713a00000, 0x0000000713c00000| Untracked 
| 158|0x0000000713c00000, 0x0000000713e00000, 0x0000000713e00000|100%| O|  |TAMS 0x0000000713c00000, 0x0000000713e00000| Untracked 
| 159|0x0000000713e00000, 0x0000000714000000, 0x0000000714000000|100%| O|  |TAMS 0x0000000713e00000, 0x0000000714000000| Untracked 
| 160|0x0000000714000000, 0x0000000714200000, 0x0000000714200000|100%|HS|  |TAMS 0x0000000714000000, 0x0000000714200000| Complete 
| 161|0x0000000714200000, 0x0000000714400000, 0x0000000714400000|100%| O|  |TAMS 0x0000000714400000, 0x0000000714400000| Untracked 
| 162|0x0000000714400000, 0x0000000714600000, 0x0000000714600000|100%| O|  |TAMS 0x0000000714600000, 0x0000000714600000| Untracked 
| 163|0x0000000714600000, 0x0000000714800000, 0x0000000714800000|100%| O|  |TAMS 0x0000000714800000, 0x0000000714800000| Untracked 
| 164|0x0000000714800000, 0x0000000714a00000, 0x0000000714a00000|100%| O|  |TAMS 0x0000000714800000, 0x0000000714a00000| Untracked 
| 165|0x0000000714a00000, 0x0000000714c00000, 0x0000000714c00000|100%| O|  |TAMS 0x0000000714c00000, 0x0000000714c00000| Untracked 
| 166|0x0000000714c00000, 0x0000000714e00000, 0x0000000714e00000|100%| O|  |TAMS 0x0000000714e00000, 0x0000000714e00000| Untracked 
| 167|0x0000000714e00000, 0x0000000715000000, 0x0000000715000000|100%| O|  |TAMS 0x0000000715000000, 0x0000000715000000| Untracked 
| 168|0x0000000715000000, 0x0000000715200000, 0x0000000715200000|100%| O|  |TAMS 0x0000000715200000, 0x0000000715200000| Untracked 
| 169|0x0000000715200000, 0x0000000715400000, 0x0000000715400000|100%| O|  |TAMS 0x0000000715400000, 0x0000000715400000| Untracked 
| 170|0x0000000715400000, 0x0000000715600000, 0x0000000715600000|100%| O|  |TAMS 0x0000000715600000, 0x0000000715600000| Untracked 
| 171|0x0000000715600000, 0x0000000715800000, 0x0000000715800000|100%| O|  |TAMS 0x0000000715600000, 0x0000000715800000| Untracked 
| 172|0x0000000715800000, 0x0000000715a00000, 0x0000000715a00000|100%| O|  |TAMS 0x0000000715800000, 0x0000000715a00000| Untracked 
| 173|0x0000000715a00000, 0x0000000715c00000, 0x0000000715c00000|100%| O|  |TAMS 0x0000000715a00000, 0x0000000715c00000| Untracked 
| 174|0x0000000715c00000, 0x0000000715e00000, 0x0000000715e00000|100%| O|  |TAMS 0x0000000715c00000, 0x0000000715e00000| Untracked 
| 175|0x0000000715e00000, 0x0000000716000000, 0x0000000716000000|100%| O|  |TAMS 0x0000000715e00000, 0x0000000716000000| Untracked 
| 176|0x0000000716000000, 0x0000000716200000, 0x0000000716200000|100%|HS|  |TAMS 0x0000000716200000, 0x0000000716200000| Complete 
| 177|0x0000000716200000, 0x0000000716400000, 0x0000000716400000|100%| O|  |TAMS 0x0000000716400000, 0x0000000716400000| Untracked 
| 178|0x0000000716400000, 0x0000000716600000, 0x0000000716600000|100%| O|  |TAMS 0x0000000716600000, 0x0000000716600000| Untracked 
| 179|0x0000000716600000, 0x0000000716800000, 0x0000000716800000|100%| O|  |TAMS 0x0000000716800000, 0x0000000716800000| Untracked 
| 180|0x0000000716800000, 0x0000000716a00000, 0x0000000716a00000|100%| O|  |TAMS 0x0000000716a00000, 0x0000000716a00000| Untracked 
| 181|0x0000000716a00000, 0x0000000716c00000, 0x0000000716c00000|100%|HS|  |TAMS 0x0000000716a00000, 0x0000000716c00000| Complete 
| 182|0x0000000716c00000, 0x0000000716e00000, 0x0000000716e00000|100%| O|  |TAMS 0x0000000716c00000, 0x0000000716e00000| Untracked 
| 183|0x0000000716e00000, 0x0000000717000000, 0x0000000717000000|100%| O|  |TAMS 0x0000000716e00000, 0x0000000717000000| Untracked 
| 184|0x0000000717000000, 0x0000000717200000, 0x0000000717200000|100%| O|  |TAMS 0x0000000717000000, 0x0000000717200000| Untracked 
| 185|0x0000000717200000, 0x0000000717400000, 0x0000000717400000|100%| O|  |TAMS 0x0000000717200000, 0x00000007172b4e00| Untracked 
| 186|0x0000000717400000, 0x0000000717600000, 0x0000000717600000|100%|HS|  |TAMS 0x0000000717400000, 0x0000000717600000| Complete 
| 187|0x0000000717600000, 0x0000000717800000, 0x0000000717800000|100%|HS|  |TAMS 0x0000000717600000, 0x0000000717800000| Complete 
| 188|0x0000000717800000, 0x0000000717a00000, 0x0000000717a00000|100%| O|  |TAMS 0x0000000717800000, 0x0000000717a00000| Untracked 
| 189|0x0000000717a00000, 0x0000000717c00000, 0x0000000717c00000|100%|HS|  |TAMS 0x0000000717a00000, 0x0000000717c00000| Complete 
| 190|0x0000000717c00000, 0x0000000717e00000, 0x0000000717e00000|100%|HC|  |TAMS 0x0000000717c00000, 0x0000000717e00000| Complete 
| 191|0x0000000717e00000, 0x0000000718000000, 0x0000000718000000|100%|HS|  |TAMS 0x0000000717e00000, 0x0000000718000000| Complete 
| 192|0x0000000718000000, 0x0000000718200000, 0x0000000718200000|100%|HC|  |TAMS 0x0000000718000000, 0x0000000718200000| Complete 
| 193|0x0000000718200000, 0x0000000718400000, 0x0000000718400000|100%|HS|  |TAMS 0x0000000718200000, 0x0000000718400000| Complete 
| 194|0x0000000718400000, 0x0000000718600000, 0x0000000718600000|100%|HS|  |TAMS 0x0000000718400000, 0x0000000718600000| Complete 
| 195|0x0000000718600000, 0x0000000718800000, 0x0000000718800000|100%|HC|  |TAMS 0x0000000718600000, 0x0000000718800000| Complete 
| 196|0x0000000718800000, 0x0000000718a00000, 0x0000000718a00000|100%|HS|  |TAMS 0x0000000718800000, 0x0000000718a00000| Complete 
| 197|0x0000000718a00000, 0x0000000718c00000, 0x0000000718c00000|100%|HC|  |TAMS 0x0000000718a00000, 0x0000000718c00000| Complete 
| 198|0x0000000718c00000, 0x0000000718e00000, 0x0000000718e00000|100%| O|  |TAMS 0x0000000718c00000, 0x0000000718c00000| Untracked 
| 199|0x0000000718e00000, 0x0000000719000000, 0x0000000719000000|100%| O|  |TAMS 0x0000000718e00000, 0x0000000718e00000| Untracked 
| 200|0x0000000719000000, 0x0000000719200000, 0x0000000719200000|100%| O|  |TAMS 0x0000000719000000, 0x0000000719000000| Untracked 
| 201|0x0000000719200000, 0x0000000719400000, 0x0000000719400000|100%| O|  |TAMS 0x0000000719400000, 0x0000000719400000| Untracked 
| 202|0x0000000719400000, 0x0000000719600000, 0x0000000719600000|100%|HS|  |TAMS 0x0000000719400000, 0x0000000719600000| Complete 
| 203|0x0000000719600000, 0x0000000719800000, 0x0000000719800000|100%|HC|  |TAMS 0x0000000719600000, 0x0000000719800000| Complete 
| 204|0x0000000719800000, 0x0000000719a00000, 0x0000000719a00000|100%|HS|  |TAMS 0x0000000719800000, 0x0000000719800000| Complete 
| 205|0x0000000719a00000, 0x0000000719c00000, 0x0000000719c00000|100%|HC|  |TAMS 0x0000000719a00000, 0x0000000719a00000| Complete 
| 206|0x0000000719c00000, 0x0000000719e00000, 0x0000000719e00000|100%| O|  |TAMS 0x0000000719c00000, 0x0000000719c00000| Untracked 
| 207|0x0000000719e00000, 0x000000071a000000, 0x000000071a000000|100%|HS|  |TAMS 0x0000000719e00000, 0x000000071a000000| Complete 
| 208|0x000000071a000000, 0x000000071a200000, 0x000000071a200000|100%|HC|  |TAMS 0x000000071a000000, 0x000000071a200000| Complete 
| 209|0x000000071a200000, 0x000000071a400000, 0x000000071a400000|100%| O|  |TAMS 0x000000071a200000, 0x000000071a200000| Untracked 
| 210|0x000000071a400000, 0x000000071a600000, 0x000000071a600000|100%|HS|  |TAMS 0x000000071a400000, 0x000000071a600000| Complete 
| 211|0x000000071a600000, 0x000000071a800000, 0x000000071a800000|100%| O|  |TAMS 0x000000071a600000, 0x000000071a600000| Untracked 
| 212|0x000000071a800000, 0x000000071aa00000, 0x000000071aa00000|100%|HS|  |TAMS 0x000000071a800000, 0x000000071aa00000| Complete 
| 213|0x000000071aa00000, 0x000000071ac00000, 0x000000071ac00000|100%| O|  |TAMS 0x000000071aa00000, 0x000000071aa00000| Untracked 
| 214|0x000000071ac00000, 0x000000071ae00000, 0x000000071ae00000|100%|HS|  |TAMS 0x000000071ac00000, 0x000000071ae00000| Complete 
| 215|0x000000071ae00000, 0x000000071b000000, 0x000000071b000000|100%| O|  |TAMS 0x000000071ae00000, 0x000000071ae00000| Untracked 
| 216|0x000000071b000000, 0x000000071b200000, 0x000000071b200000|100%| O|  |TAMS 0x000000071b000000, 0x000000071b000000| Untracked 
| 217|0x000000071b200000, 0x000000071b400000, 0x000000071b400000|100%| O|  |TAMS 0x000000071b200000, 0x000000071b200000| Untracked 
| 218|0x000000071b400000, 0x000000071b600000, 0x000000071b600000|100%|HS|  |TAMS 0x000000071b400000, 0x000000071b400000| Complete 
| 219|0x000000071b600000, 0x000000071b800000, 0x000000071b800000|100%|HC|  |TAMS 0x000000071b600000, 0x000000071b600000| Complete 
| 220|0x000000071b800000, 0x000000071ba00000, 0x000000071ba00000|100%| O|  |TAMS 0x000000071ba00000, 0x000000071ba00000| Untracked 
| 221|0x000000071ba00000, 0x000000071bc00000, 0x000000071bc00000|100%| O|  |TAMS 0x000000071bc00000, 0x000000071bc00000| Untracked 
| 222|0x000000071bc00000, 0x000000071be00000, 0x000000071be00000|100%| O|  |TAMS 0x000000071bc00000, 0x000000071bc00000| Untracked 
| 223|0x000000071be00000, 0x000000071c000000, 0x000000071c000000|100%| O|  |TAMS 0x000000071c000000, 0x000000071c000000| Untracked 
| 224|0x000000071c000000, 0x000000071c200000, 0x000000071c200000|100%| O|  |TAMS 0x000000071c000000, 0x000000071c000000| Untracked 
| 225|0x000000071c200000, 0x000000071c400000, 0x000000071c400000|100%| O|  |TAMS 0x000000071c200000, 0x000000071c200000| Untracked 
| 226|0x000000071c400000, 0x000000071c600000, 0x000000071c600000|100%| O|  |TAMS 0x000000071c400000, 0x000000071c400000| Untracked 
| 227|0x000000071c600000, 0x000000071c800000, 0x000000071c800000|100%| O|  |TAMS 0x000000071c600000, 0x000000071c600000| Untracked 
| 228|0x000000071c800000, 0x000000071ca00000, 0x000000071ca00000|100%| O|  |TAMS 0x000000071c800000, 0x000000071c800000| Untracked 
| 229|0x000000071ca00000, 0x000000071cc00000, 0x000000071cc00000|100%| O|  |TAMS 0x000000071ca00000, 0x000000071ca00000| Untracked 
| 230|0x000000071cc00000, 0x000000071ce00000, 0x000000071ce00000|100%| O|  |TAMS 0x000000071cc00000, 0x000000071cc00000| Untracked 
| 231|0x000000071ce00000, 0x000000071d000000, 0x000000071d000000|100%| O|  |TAMS 0x000000071ce00000, 0x000000071ce00000| Untracked 
| 232|0x000000071d000000, 0x000000071d200000, 0x000000071d200000|100%| O|  |TAMS 0x000000071d200000, 0x000000071d200000| Untracked 
| 233|0x000000071d200000, 0x000000071d400000, 0x000000071d400000|100%| O|  |TAMS 0x000000071d33c600, 0x000000071d400000| Untracked 
| 234|0x000000071d400000, 0x000000071d600000, 0x000000071d600000|100%| O|  |TAMS 0x000000071d400000, 0x000000071d600000| Untracked 
| 235|0x000000071d600000, 0x000000071d800000, 0x000000071d800000|100%| O|  |TAMS 0x000000071d600000, 0x000000071d800000| Untracked 
| 236|0x000000071d800000, 0x000000071da00000, 0x000000071da00000|100%|HS|  |TAMS 0x000000071d800000, 0x000000071da00000| Complete 
| 237|0x000000071da00000, 0x000000071dc00000, 0x000000071dc00000|100%| O|  |TAMS 0x000000071da00000, 0x000000071da00000| Untracked 
| 238|0x000000071dc00000, 0x000000071de00000, 0x000000071de00000|100%| O|  |TAMS 0x000000071dc00000, 0x000000071dc00000| Untracked 
| 239|0x000000071de00000, 0x000000071e000000, 0x000000071e000000|100%| O|  |TAMS 0x000000071de00000, 0x000000071de00000| Untracked 
| 240|0x000000071e000000, 0x000000071e200000, 0x000000071e200000|100%| O|  |TAMS 0x000000071e000000, 0x000000071e000000| Untracked 
| 241|0x000000071e200000, 0x000000071e400000, 0x000000071e400000|100%| O|  |TAMS 0x000000071e200000, 0x000000071e200000| Untracked 
| 242|0x000000071e400000, 0x000000071e600000, 0x000000071e600000|100%| O|  |TAMS 0x000000071e400000, 0x000000071e400000| Untracked 
| 243|0x000000071e600000, 0x000000071e800000, 0x000000071e800000|100%|HS|  |TAMS 0x000000071e600000, 0x000000071e600000| Complete 
| 244|0x000000071e800000, 0x000000071ea00000, 0x000000071ea00000|100%|HS|  |TAMS 0x000000071e800000, 0x000000071e800000| Complete 
| 245|0x000000071ea00000, 0x000000071ec00000, 0x000000071ec00000|100%| O|  |TAMS 0x000000071ea00000, 0x000000071ea00000| Untracked 
| 246|0x000000071ec00000, 0x000000071ee00000, 0x000000071ee00000|100%| O|  |TAMS 0x000000071ec00000, 0x000000071ec00000| Untracked 
| 247|0x000000071ee00000, 0x000000071f000000, 0x000000071f000000|100%| O|  |TAMS 0x000000071ee00000, 0x000000071ee00000| Untracked 
| 248|0x000000071f000000, 0x000000071f200000, 0x000000071f200000|100%| O|  |TAMS 0x000000071f000000, 0x000000071f000000| Untracked 
| 249|0x000000071f200000, 0x000000071f400000, 0x000000071f400000|100%| O|  |TAMS 0x000000071f200000, 0x000000071f200000| Untracked 
| 250|0x000000071f400000, 0x000000071f600000, 0x000000071f600000|100%| O|  |TAMS 0x000000071f400000, 0x000000071f400000| Untracked 
| 251|0x000000071f600000, 0x000000071f800000, 0x000000071f800000|100%| O|  |TAMS 0x000000071f600000, 0x000000071f600000| Untracked 
| 252|0x000000071f800000, 0x000000071fa00000, 0x000000071fa00000|100%| O|  |TAMS 0x000000071f800000, 0x000000071f800000| Untracked 
| 253|0x000000071fa00000, 0x000000071fc00000, 0x000000071fc00000|100%| O|  |TAMS 0x000000071fa00000, 0x000000071fa00000| Untracked 
| 254|0x000000071fc00000, 0x000000071fe00000, 0x000000071fe00000|100%| O|  |TAMS 0x000000071fc00000, 0x000000071fc00000| Untracked 
| 255|0x000000071fe00000, 0x0000000720000000, 0x0000000720000000|100%| O|  |TAMS 0x000000071fe00000, 0x000000071fe00000| Untracked 
| 256|0x0000000720000000, 0x0000000720200000, 0x0000000720200000|100%| O|  |TAMS 0x0000000720000000, 0x0000000720000000| Untracked 
| 257|0x0000000720200000, 0x0000000720400000, 0x0000000720400000|100%| O|  |TAMS 0x0000000720200000, 0x0000000720200000| Untracked 
| 258|0x0000000720400000, 0x0000000720600000, 0x0000000720600000|100%| O|  |TAMS 0x0000000720400000, 0x0000000720400000| Untracked 
| 259|0x0000000720600000, 0x0000000720800000, 0x0000000720800000|100%| O|  |TAMS 0x0000000720600000, 0x0000000720600000| Untracked 
| 260|0x0000000720800000, 0x0000000720a00000, 0x0000000720a00000|100%| O|  |TAMS 0x0000000720800000, 0x0000000720800000| Untracked 
| 261|0x0000000720a00000, 0x0000000720a00000, 0x0000000720c00000|  0%| F|  |TAMS 0x0000000720a00000, 0x0000000720a00000| Untracked 
| 262|0x0000000720c00000, 0x0000000720c00000, 0x0000000720e00000|  0%| F|  |TAMS 0x0000000720c00000, 0x0000000720c00000| Untracked 
| 263|0x0000000720e00000, 0x0000000720e00000, 0x0000000721000000|  0%| F|  |TAMS 0x0000000720e00000, 0x0000000720e00000| Untracked 
| 264|0x0000000721000000, 0x0000000721000000, 0x0000000721200000|  0%| F|  |TAMS 0x0000000721000000, 0x0000000721000000| Untracked 
| 265|0x0000000721200000, 0x0000000721200000, 0x0000000721400000|  0%| F|  |TAMS 0x0000000721200000, 0x0000000721200000| Untracked 
| 266|0x0000000721400000, 0x0000000721400000, 0x0000000721600000|  0%| F|  |TAMS 0x0000000721400000, 0x0000000721400000| Untracked 
| 267|0x0000000721600000, 0x0000000721600000, 0x0000000721800000|  0%| F|  |TAMS 0x0000000721600000, 0x0000000721600000| Untracked 
| 268|0x0000000721800000, 0x0000000721800000, 0x0000000721a00000|  0%| F|  |TAMS 0x0000000721800000, 0x0000000721800000| Untracked 
| 269|0x0000000721a00000, 0x0000000721a00000, 0x0000000721c00000|  0%| F|  |TAMS 0x0000000721a00000, 0x0000000721a00000| Untracked 
| 270|0x0000000721c00000, 0x0000000721c00000, 0x0000000721e00000|  0%| F|  |TAMS 0x0000000721c00000, 0x0000000721c00000| Untracked 
| 271|0x0000000721e00000, 0x0000000721e00000, 0x0000000722000000|  0%| F|  |TAMS 0x0000000721e00000, 0x0000000721e00000| Untracked 
| 272|0x0000000722000000, 0x0000000722000000, 0x0000000722200000|  0%| F|  |TAMS 0x0000000722000000, 0x0000000722000000| Untracked 
| 273|0x0000000722200000, 0x0000000722200000, 0x0000000722400000|  0%| F|  |TAMS 0x0000000722200000, 0x0000000722200000| Untracked 
| 274|0x0000000722400000, 0x0000000722400000, 0x0000000722600000|  0%| F|  |TAMS 0x0000000722400000, 0x0000000722400000| Untracked 
| 275|0x0000000722600000, 0x0000000722600000, 0x0000000722800000|  0%| F|  |TAMS 0x0000000722600000, 0x0000000722600000| Untracked 
| 276|0x0000000722800000, 0x0000000722800000, 0x0000000722a00000|  0%| F|  |TAMS 0x0000000722800000, 0x0000000722800000| Untracked 
| 277|0x0000000722a00000, 0x0000000722a00000, 0x0000000722c00000|  0%| F|  |TAMS 0x0000000722a00000, 0x0000000722a00000| Untracked 
| 278|0x0000000722c00000, 0x0000000722c00000, 0x0000000722e00000|  0%| F|  |TAMS 0x0000000722c00000, 0x0000000722c00000| Untracked 
| 279|0x0000000722e00000, 0x0000000722e00000, 0x0000000723000000|  0%| F|  |TAMS 0x0000000722e00000, 0x0000000722e00000| Untracked 
| 280|0x0000000723000000, 0x0000000723000000, 0x0000000723200000|  0%| F|  |TAMS 0x0000000723000000, 0x0000000723000000| Untracked 
| 281|0x0000000723200000, 0x0000000723200000, 0x0000000723400000|  0%| F|  |TAMS 0x0000000723200000, 0x0000000723200000| Untracked 
| 282|0x0000000723400000, 0x0000000723400000, 0x0000000723600000|  0%| F|  |TAMS 0x0000000723400000, 0x0000000723400000| Untracked 
| 283|0x0000000723600000, 0x0000000723600000, 0x0000000723800000|  0%| F|  |TAMS 0x0000000723600000, 0x0000000723600000| Untracked 
| 284|0x0000000723800000, 0x0000000723800000, 0x0000000723a00000|  0%| F|  |TAMS 0x0000000723800000, 0x0000000723800000| Untracked 
| 285|0x0000000723a00000, 0x0000000723a00000, 0x0000000723c00000|  0%| F|  |TAMS 0x0000000723a00000, 0x0000000723a00000| Untracked 
| 286|0x0000000723c00000, 0x0000000723c00000, 0x0000000723e00000|  0%| F|  |TAMS 0x0000000723c00000, 0x0000000723c00000| Untracked 
| 287|0x0000000723e00000, 0x0000000723e00000, 0x0000000724000000|  0%| F|  |TAMS 0x0000000723e00000, 0x0000000723e00000| Untracked 
| 288|0x0000000724000000, 0x0000000724000000, 0x0000000724200000|  0%| F|  |TAMS 0x0000000724000000, 0x0000000724000000| Untracked 
| 289|0x0000000724200000, 0x0000000724200000, 0x0000000724400000|  0%| F|  |TAMS 0x0000000724200000, 0x0000000724200000| Untracked 
| 290|0x0000000724400000, 0x0000000724400000, 0x0000000724600000|  0%| F|  |TAMS 0x0000000724400000, 0x0000000724400000| Untracked 
| 291|0x0000000724600000, 0x0000000724600000, 0x0000000724800000|  0%| F|  |TAMS 0x0000000724600000, 0x0000000724600000| Untracked 
| 292|0x0000000724800000, 0x0000000724800000, 0x0000000724a00000|  0%| F|  |TAMS 0x0000000724800000, 0x0000000724800000| Untracked 
| 293|0x0000000724a00000, 0x0000000724a00000, 0x0000000724c00000|  0%| F|  |TAMS 0x0000000724a00000, 0x0000000724a00000| Untracked 
| 294|0x0000000724c00000, 0x0000000724c00000, 0x0000000724e00000|  0%| F|  |TAMS 0x0000000724c00000, 0x0000000724c00000| Untracked 
| 295|0x0000000724e00000, 0x0000000724e00000, 0x0000000725000000|  0%| F|  |TAMS 0x0000000724e00000, 0x0000000724e00000| Untracked 
| 296|0x0000000725000000, 0x0000000725000000, 0x0000000725200000|  0%| F|  |TAMS 0x0000000725000000, 0x0000000725000000| Untracked 
| 297|0x0000000725200000, 0x0000000725200000, 0x0000000725400000|  0%| F|  |TAMS 0x0000000725200000, 0x0000000725200000| Untracked 
| 298|0x0000000725400000, 0x0000000725400000, 0x0000000725600000|  0%| F|  |TAMS 0x0000000725400000, 0x0000000725400000| Untracked 
| 299|0x0000000725600000, 0x0000000725600000, 0x0000000725800000|  0%| F|  |TAMS 0x0000000725600000, 0x0000000725600000| Untracked 
| 300|0x0000000725800000, 0x0000000725800000, 0x0000000725a00000|  0%| F|  |TAMS 0x0000000725800000, 0x0000000725800000| Untracked 
| 301|0x0000000725a00000, 0x0000000725a00000, 0x0000000725c00000|  0%| F|  |TAMS 0x0000000725a00000, 0x0000000725a00000| Untracked 
| 302|0x0000000725c00000, 0x0000000725c00000, 0x0000000725e00000|  0%| F|  |TAMS 0x0000000725c00000, 0x0000000725c00000| Untracked 
| 303|0x0000000725e00000, 0x0000000725e00000, 0x0000000726000000|  0%| F|  |TAMS 0x0000000725e00000, 0x0000000725e00000| Untracked 
| 304|0x0000000726000000, 0x0000000726000000, 0x0000000726200000|  0%| F|  |TAMS 0x0000000726000000, 0x0000000726000000| Untracked 
| 305|0x0000000726200000, 0x0000000726200000, 0x0000000726400000|  0%| F|  |TAMS 0x0000000726200000, 0x0000000726200000| Untracked 
| 306|0x0000000726400000, 0x0000000726400000, 0x0000000726600000|  0%| F|  |TAMS 0x0000000726400000, 0x0000000726400000| Untracked 
| 307|0x0000000726600000, 0x0000000726600000, 0x0000000726800000|  0%| F|  |TAMS 0x0000000726600000, 0x0000000726600000| Untracked 
| 308|0x0000000726800000, 0x0000000726800000, 0x0000000726a00000|  0%| F|  |TAMS 0x0000000726800000, 0x0000000726800000| Untracked 
| 309|0x0000000726a00000, 0x0000000726a00000, 0x0000000726c00000|  0%| F|  |TAMS 0x0000000726a00000, 0x0000000726a00000| Untracked 
| 310|0x0000000726c00000, 0x0000000726c00000, 0x0000000726e00000|  0%| F|  |TAMS 0x0000000726c00000, 0x0000000726c00000| Untracked 
| 311|0x0000000726e00000, 0x0000000726e00000, 0x0000000727000000|  0%| F|  |TAMS 0x0000000726e00000, 0x0000000726e00000| Untracked 
| 312|0x0000000727000000, 0x0000000727000000, 0x0000000727200000|  0%| F|  |TAMS 0x0000000727000000, 0x0000000727000000| Untracked 
| 313|0x0000000727200000, 0x0000000727200000, 0x0000000727400000|  0%| F|  |TAMS 0x0000000727200000, 0x0000000727200000| Untracked 
| 314|0x0000000727400000, 0x0000000727400000, 0x0000000727600000|  0%| F|  |TAMS 0x0000000727400000, 0x0000000727400000| Untracked 
| 315|0x0000000727600000, 0x0000000727600000, 0x0000000727800000|  0%| F|  |TAMS 0x0000000727600000, 0x0000000727600000| Untracked 
| 316|0x0000000727800000, 0x0000000727800000, 0x0000000727a00000|  0%| F|  |TAMS 0x0000000727800000, 0x0000000727800000| Untracked 
| 317|0x0000000727a00000, 0x0000000727a00000, 0x0000000727c00000|  0%| F|  |TAMS 0x0000000727a00000, 0x0000000727a00000| Untracked 
| 318|0x0000000727c00000, 0x0000000727c00000, 0x0000000727e00000|  0%| F|  |TAMS 0x0000000727c00000, 0x0000000727c00000| Untracked 
| 319|0x0000000727e00000, 0x0000000727e00000, 0x0000000728000000|  0%| F|  |TAMS 0x0000000727e00000, 0x0000000727e00000| Untracked 
| 320|0x0000000728000000, 0x0000000728000000, 0x0000000728200000|  0%| F|  |TAMS 0x0000000728000000, 0x0000000728000000| Untracked 
| 321|0x0000000728200000, 0x0000000728200000, 0x0000000728400000|  0%| F|  |TAMS 0x0000000728200000, 0x0000000728200000| Untracked 
| 322|0x0000000728400000, 0x0000000728400000, 0x0000000728600000|  0%| F|  |TAMS 0x0000000728400000, 0x0000000728400000| Untracked 
| 323|0x0000000728600000, 0x0000000728600000, 0x0000000728800000|  0%| F|  |TAMS 0x0000000728600000, 0x0000000728600000| Untracked 
| 324|0x0000000728800000, 0x0000000728800000, 0x0000000728a00000|  0%| F|  |TAMS 0x0000000728800000, 0x0000000728800000| Untracked 
| 325|0x0000000728a00000, 0x0000000728a00000, 0x0000000728c00000|  0%| F|  |TAMS 0x0000000728a00000, 0x0000000728a00000| Untracked 
| 326|0x0000000728c00000, 0x0000000728c00000, 0x0000000728e00000|  0%| F|  |TAMS 0x0000000728c00000, 0x0000000728c00000| Untracked 
| 327|0x0000000728e00000, 0x0000000728e00000, 0x0000000729000000|  0%| F|  |TAMS 0x0000000728e00000, 0x0000000728e00000| Untracked 
| 328|0x0000000729000000, 0x0000000729000000, 0x0000000729200000|  0%| F|  |TAMS 0x0000000729000000, 0x0000000729000000| Untracked 
| 329|0x0000000729200000, 0x0000000729200000, 0x0000000729400000|  0%| F|  |TAMS 0x0000000729200000, 0x0000000729200000| Untracked 
| 330|0x0000000729400000, 0x0000000729400000, 0x0000000729600000|  0%| F|  |TAMS 0x0000000729400000, 0x0000000729400000| Untracked 
| 331|0x0000000729600000, 0x0000000729600000, 0x0000000729800000|  0%| F|  |TAMS 0x0000000729600000, 0x0000000729600000| Untracked 
| 332|0x0000000729800000, 0x0000000729800000, 0x0000000729a00000|  0%| F|  |TAMS 0x0000000729800000, 0x0000000729800000| Untracked 
| 333|0x0000000729a00000, 0x0000000729a00000, 0x0000000729c00000|  0%| F|  |TAMS 0x0000000729a00000, 0x0000000729a00000| Untracked 
| 334|0x0000000729c00000, 0x0000000729c00000, 0x0000000729e00000|  0%| F|  |TAMS 0x0000000729c00000, 0x0000000729c00000| Untracked 
| 335|0x0000000729e00000, 0x0000000729e00000, 0x000000072a000000|  0%| F|  |TAMS 0x0000000729e00000, 0x0000000729e00000| Untracked 
| 336|0x000000072a000000, 0x000000072a000000, 0x000000072a200000|  0%| F|  |TAMS 0x000000072a000000, 0x000000072a000000| Untracked 
| 337|0x000000072a200000, 0x000000072a200000, 0x000000072a400000|  0%| F|  |TAMS 0x000000072a200000, 0x000000072a200000| Untracked 
| 338|0x000000072a400000, 0x000000072a400000, 0x000000072a600000|  0%| F|  |TAMS 0x000000072a400000, 0x000000072a400000| Untracked 
| 339|0x000000072a600000, 0x000000072a600000, 0x000000072a800000|  0%| F|  |TAMS 0x000000072a600000, 0x000000072a600000| Untracked 
| 340|0x000000072a800000, 0x000000072a800000, 0x000000072aa00000|  0%| F|  |TAMS 0x000000072a800000, 0x000000072a800000| Untracked 
| 341|0x000000072aa00000, 0x000000072aa00000, 0x000000072ac00000|  0%| F|  |TAMS 0x000000072aa00000, 0x000000072aa00000| Untracked 
| 342|0x000000072ac00000, 0x000000072ac00000, 0x000000072ae00000|  0%| F|  |TAMS 0x000000072ac00000, 0x000000072ac00000| Untracked 
| 343|0x000000072ae00000, 0x000000072ae00000, 0x000000072b000000|  0%| F|  |TAMS 0x000000072ae00000, 0x000000072ae00000| Untracked 
| 344|0x000000072b000000, 0x000000072b000000, 0x000000072b200000|  0%| F|  |TAMS 0x000000072b000000, 0x000000072b000000| Untracked 
| 345|0x000000072b200000, 0x000000072b200000, 0x000000072b400000|  0%| F|  |TAMS 0x000000072b200000, 0x000000072b200000| Untracked 
| 346|0x000000072b400000, 0x000000072b400000, 0x000000072b600000|  0%| F|  |TAMS 0x000000072b400000, 0x000000072b400000| Untracked 
| 347|0x000000072b600000, 0x000000072b600000, 0x000000072b800000|  0%| F|  |TAMS 0x000000072b600000, 0x000000072b600000| Untracked 
| 348|0x000000072b800000, 0x000000072b800000, 0x000000072ba00000|  0%| F|  |TAMS 0x000000072b800000, 0x000000072b800000| Untracked 
| 349|0x000000072ba00000, 0x000000072ba00000, 0x000000072bc00000|  0%| F|  |TAMS 0x000000072ba00000, 0x000000072ba00000| Untracked 
| 350|0x000000072bc00000, 0x000000072bc00000, 0x000000072be00000|  0%| F|  |TAMS 0x000000072bc00000, 0x000000072bc00000| Untracked 
| 351|0x000000072be00000, 0x000000072be00000, 0x000000072c000000|  0%| F|  |TAMS 0x000000072be00000, 0x000000072be00000| Untracked 
| 352|0x000000072c000000, 0x000000072c000000, 0x000000072c200000|  0%| F|  |TAMS 0x000000072c000000, 0x000000072c000000| Untracked 
| 353|0x000000072c200000, 0x000000072c200000, 0x000000072c400000|  0%| F|  |TAMS 0x000000072c200000, 0x000000072c200000| Untracked 
| 354|0x000000072c400000, 0x000000072c400000, 0x000000072c600000|  0%| F|  |TAMS 0x000000072c400000, 0x000000072c400000| Untracked 
| 355|0x000000072c600000, 0x000000072c600000, 0x000000072c800000|  0%| F|  |TAMS 0x000000072c600000, 0x000000072c600000| Untracked 
| 356|0x000000072c800000, 0x000000072c800000, 0x000000072ca00000|  0%| F|  |TAMS 0x000000072c800000, 0x000000072c800000| Untracked 
| 357|0x000000072ca00000, 0x000000072ca00000, 0x000000072cc00000|  0%| F|  |TAMS 0x000000072ca00000, 0x000000072ca00000| Untracked 
| 358|0x000000072cc00000, 0x000000072cc00000, 0x000000072ce00000|  0%| F|  |TAMS 0x000000072cc00000, 0x000000072cc00000| Untracked 
| 359|0x000000072ce00000, 0x000000072ce00000, 0x000000072d000000|  0%| F|  |TAMS 0x000000072ce00000, 0x000000072ce00000| Untracked 
| 360|0x000000072d000000, 0x000000072d000000, 0x000000072d200000|  0%| F|  |TAMS 0x000000072d000000, 0x000000072d000000| Untracked 
| 361|0x000000072d200000, 0x000000072d200000, 0x000000072d400000|  0%| F|  |TAMS 0x000000072d200000, 0x000000072d200000| Untracked 
| 362|0x000000072d400000, 0x000000072d400000, 0x000000072d600000|  0%| F|  |TAMS 0x000000072d400000, 0x000000072d400000| Untracked 
| 363|0x000000072d600000, 0x000000072d800000, 0x000000072d800000|100%| S|CS|TAMS 0x000000072d600000, 0x000000072d600000| Complete 
| 364|0x000000072d800000, 0x000000072da00000, 0x000000072da00000|100%| S|CS|TAMS 0x000000072d800000, 0x000000072d800000| Complete 
| 365|0x000000072da00000, 0x000000072dc00000, 0x000000072dc00000|100%| S|CS|TAMS 0x000000072da00000, 0x000000072da00000| Complete 
| 366|0x000000072dc00000, 0x000000072dc00000, 0x000000072de00000|  0%| F|  |TAMS 0x000000072dc00000, 0x000000072dc00000| Untracked 
| 367|0x000000072de00000, 0x000000072de00000, 0x000000072e000000|  0%| F|  |TAMS 0x000000072de00000, 0x000000072de00000| Untracked 
| 368|0x000000072e000000, 0x000000072e000000, 0x000000072e200000|  0%| F|  |TAMS 0x000000072e000000, 0x000000072e000000| Untracked 
| 369|0x000000072e200000, 0x000000072e200000, 0x000000072e400000|  0%| F|  |TAMS 0x000000072e200000, 0x000000072e200000| Untracked 
| 370|0x000000072e400000, 0x000000072e400000, 0x000000072e600000|  0%| F|  |TAMS 0x000000072e400000, 0x000000072e400000| Untracked 
| 371|0x000000072e600000, 0x000000072e600000, 0x000000072e800000|  0%| F|  |TAMS 0x000000072e600000, 0x000000072e600000| Untracked 
| 372|0x000000072e800000, 0x000000072e800000, 0x000000072ea00000|  0%| F|  |TAMS 0x000000072e800000, 0x000000072e800000| Untracked 
| 373|0x000000072ea00000, 0x000000072ea00000, 0x000000072ec00000|  0%| F|  |TAMS 0x000000072ea00000, 0x000000072ea00000| Untracked 
| 374|0x000000072ec00000, 0x000000072ec00000, 0x000000072ee00000|  0%| F|  |TAMS 0x000000072ec00000, 0x000000072ec00000| Untracked 
| 375|0x000000072ee00000, 0x000000072ee00000, 0x000000072f000000|  0%| F|  |TAMS 0x000000072ee00000, 0x000000072ee00000| Untracked 
| 376|0x000000072f000000, 0x000000072f000000, 0x000000072f200000|  0%| F|  |TAMS 0x000000072f000000, 0x000000072f000000| Untracked 
| 377|0x000000072f200000, 0x000000072f200000, 0x000000072f400000|  0%| F|  |TAMS 0x000000072f200000, 0x000000072f200000| Untracked 
| 378|0x000000072f400000, 0x000000072f400000, 0x000000072f600000|  0%| F|  |TAMS 0x000000072f400000, 0x000000072f400000| Untracked 
| 379|0x000000072f600000, 0x000000072f600000, 0x000000072f800000|  0%| F|  |TAMS 0x000000072f600000, 0x000000072f600000| Untracked 
| 380|0x000000072f800000, 0x000000072f800000, 0x000000072fa00000|  0%| F|  |TAMS 0x000000072f800000, 0x000000072f800000| Untracked 
| 381|0x000000072fa00000, 0x000000072fa00000, 0x000000072fc00000|  0%| F|  |TAMS 0x000000072fa00000, 0x000000072fa00000| Untracked 
| 382|0x000000072fc00000, 0x000000072fc00000, 0x000000072fe00000|  0%| F|  |TAMS 0x000000072fc00000, 0x000000072fc00000| Untracked 
| 383|0x000000072fe00000, 0x000000072fe00000, 0x0000000730000000|  0%| F|  |TAMS 0x000000072fe00000, 0x000000072fe00000| Untracked 
| 384|0x0000000730000000, 0x0000000730000000, 0x0000000730200000|  0%| F|  |TAMS 0x0000000730000000, 0x0000000730000000| Untracked 

Card table byte_map: [0x000001e65f290000,0x000001e65fa90000] _byte_map_base: 0x000001e65ba90000

Marking Bits (Prev, Next): (CMBitMap*) 0x000001e646659f60, (CMBitMap*) 0x000001e646659fa0
 Prev Bits: [0x000001e660290000, 0x000001e664290000)
 Next Bits: [0x000001e664290000, 0x000001e668290000)

Polling page: 0x000001e6466c0000

Metaspace:

Usage:
  Non-class:    145.35 MB used.
      Class:     21.77 MB used.
       Both:    167.12 MB used.

Virtual space:
  Non-class space:      192.00 MB reserved,     146.44 MB ( 76%) committed,  3 nodes.
      Class space:        1.00 GB reserved,      22.75 MB (  2%) committed,  1 nodes.
             Both:        1.19 GB reserved,     169.19 MB ( 14%) committed. 

Chunk freelists:
   Non-Class:  13.31 MB
       Class:  9.25 MB
        Both:  22.56 MB

MaxMetaspaceSize: unlimited
CompressedClassSpaceSize: 1.00 GB
Initial GC threshold: 21.00 MB
Current GC threshold: 244.81 MB
CDS: on
MetaspaceReclaimPolicy: balanced
 - commit_granule_bytes: 65536.
 - commit_granule_words: 8192.
 - virtual_space_node_default_size: 8388608.
 - enlarge_chunks_in_place: 1.
 - new_chunks_are_fully_committed: 0.
 - uncommit_free_chunks: 1.
 - use_allocation_guard: 0.
 - handle_deallocations: 1.


Internal statistics:

num_allocs_failed_limit: 6.
num_arena_births: 2922.
num_arena_deaths: 18.
num_vsnodes_births: 4.
num_vsnodes_deaths: 0.
num_space_committed: 2731.
num_space_uncommitted: 26.
num_chunks_returned_to_freelist: 157.
num_chunks_taken_from_freelist: 10987.
num_chunk_merges: 47.
num_chunk_splits: 6996.
num_chunks_enlarged: 4302.
num_inconsistent_stats: 0.

CodeHeap 'non-profiled nmethods': size=120064Kb used=27388Kb max_used=27481Kb free=92675Kb
 bounds [0x000001e657140000, 0x000001e658c40000, 0x000001e65e680000]
CodeHeap 'profiled nmethods': size=120000Kb used=61391Kb max_used=61614Kb free=58609Kb
 bounds [0x000001e64f680000, 0x000001e653310000, 0x000001e656bb0000]
CodeHeap 'non-nmethods': size=5696Kb used=2587Kb max_used=2602Kb free=3108Kb
 bounds [0x000001e656bb0000, 0x000001e656e50000, 0x000001e657140000]
 total_blobs=30575 nmethods=29470 adapters=1013
 compilation: enabled
              stopped_count=0, restarted_count=0
 full_count=0

Compilation events (20 events):
Event: 2130.581 Thread 0x000001e66a6c7af0 39268       2       com.android.tools.r8.internal.zo::hashCode (28 bytes)
Event: 2130.582 Thread 0x000001e66a6c7af0 nmethod 39268 0x000001e652037390 code [0x000001e652037520, 0x000001e652037688]
Event: 2130.590 Thread 0x000001e66a6c7af0 39269       3       com.android.tools.r8.graph.M4$$Lambda$3121/0x000001e602474160::accept (16 bytes)
Event: 2130.592 Thread 0x000001e66a6c7af0 nmethod 39269 0x000001e6522e9a10 code [0x000001e6522e9c40, 0x000001e6522ea948]
Event: 2131.003 Thread 0x000001e66a6c7af0 39270       3       com.android.tools.r8.utils.w::b (75 bytes)
Event: 2131.004 Thread 0x000001e66a6c7af0 nmethod 39270 0x000001e65155d110 code [0x000001e65155d320, 0x000001e65155db98]
Event: 2131.031 Thread 0x000001e66a6c7af0 39271       2       com.android.tools.r8.graph.P2$k::F0 (2 bytes)
Event: 2131.032 Thread 0x000001e66a6c7af0 nmethod 39271 0x000001e652037010 code [0x000001e6520371a0, 0x000001e6520372b8]
Event: 2131.038 Thread 0x000001e66a6c7af0 39272       2       com.android.tools.r8.graph.M4::a (160 bytes)
Event: 2131.040 Thread 0x000001e66a6c7af0 nmethod 39272 0x000001e65225fe10 code [0x000001e652260060, 0x000001e652260858]
Event: 2131.081 Thread 0x000001e66a6c7af0 39273       2       com.android.tools.r8.dex.C::c (73 bytes)
Event: 2131.083 Thread 0x000001e66a6c7af0 nmethod 39273 0x000001e652f16d10 code [0x000001e652f16f00, 0x000001e652f17478]
Event: 2131.091 Thread 0x000001e66a6c7af0 39274       3       com.android.tools.r8.internal.xo::<init> (35 bytes)
Event: 2131.091 Thread 0x000001e66a6c7af0 nmethod 39274 0x000001e6527aac10 code [0x000001e6527aade0, 0x000001e6527ab2b8]
Event: 2131.098 Thread 0x000001e66a6c7af0 39276       3       com.android.tools.r8.graph.J0$a::<init> (49 bytes)
Event: 2131.098 Thread 0x000001e66a6c7af0 nmethod 39276 0x000001e652036990 code [0x000001e652036b40, 0x000001e652036d38]
Event: 2131.100 Thread 0x000001e66a6c7af0 39277       3       com.android.tools.r8.dex.C::a (21 bytes)
Event: 2131.101 Thread 0x000001e66a6c7af0 nmethod 39277 0x000001e6527aa390 code [0x000001e6527aa560, 0x000001e6527aaa18]
Event: 2131.227 Thread 0x000001e66a6c7af0 39278       2       com.android.tools.r8.internal.uo::<init> (24 bytes)
Event: 2131.228 Thread 0x000001e66a6c7af0 nmethod 39278 0x000001e65322c210 code [0x000001e65322c3a0, 0x000001e65322c4e8]

GC Heap History (20 events):
Event: 2020.650 GC heap after
{Heap after GC invocations=166 (full 0):
 garbage-first heap   total 788480K, used 404093K [0x0000000700000000, 0x0000000800000000)
  region size 2048K, 2 young (4096K), 2 survivors (4096K)
 Metaspace       used 167836K, committed 169984K, reserved 1245184K
  class space    used 21901K, committed 22848K, reserved 1048576K
}
Event: 2035.491 GC heap before
{Heap before GC invocations=166 (full 0):
 garbage-first heap   total 788480K, used 682621K [0x0000000700000000, 0x0000000800000000)
  region size 2048K, 138 young (282624K), 2 survivors (4096K)
 Metaspace       used 168034K, committed 170176K, reserved 1245184K
  class space    used 21911K, committed 22848K, reserved 1048576K
}
Event: 2035.585 GC heap after
{Heap after GC invocations=167 (full 0):
 garbage-first heap   total 788480K, used 411658K [0x0000000700000000, 0x0000000800000000)
  region size 2048K, 6 young (12288K), 6 survivors (12288K)
 Metaspace       used 168034K, committed 170176K, reserved 1245184K
  class space    used 21911K, committed 22848K, reserved 1048576K
}
Event: 2040.633 GC heap before
{Heap before GC invocations=167 (full 0):
 garbage-first heap   total 788480K, used 679946K [0x0000000700000000, 0x0000000800000000)
  region size 2048K, 137 young (280576K), 6 survivors (12288K)
 Metaspace       used 168075K, committed 170240K, reserved 1245184K
  class space    used 21921K, committed 22912K, reserved 1048576K
}
Event: 2040.673 GC heap after
{Heap after GC invocations=168 (full 0):
 garbage-first heap   total 788480K, used 411284K [0x0000000700000000, 0x0000000800000000)
  region size 2048K, 6 young (12288K), 6 survivors (12288K)
 Metaspace       used 168075K, committed 170240K, reserved 1245184K
  class space    used 21921K, committed 22912K, reserved 1048576K
}
Event: 2047.210 GC heap before
{Heap before GC invocations=168 (full 0):
 garbage-first heap   total 788480K, used 683668K [0x0000000700000000, 0x0000000800000000)
  region size 2048K, 139 young (284672K), 6 survivors (12288K)
 Metaspace       used 168178K, committed 170368K, reserved 1245184K
  class space    used 21931K, committed 22912K, reserved 1048576K
}
Event: 2047.247 GC heap after
{Heap after GC invocations=169 (full 0):
 garbage-first heap   total 788480K, used 409285K [0x0000000700000000, 0x0000000800000000)
  region size 2048K, 5 young (10240K), 5 survivors (10240K)
 Metaspace       used 168178K, committed 170368K, reserved 1245184K
  class space    used 21931K, committed 22912K, reserved 1048576K
}
Event: 2070.691 GC heap before
{Heap before GC invocations=169 (full 0):
 garbage-first heap   total 788480K, used 685765K [0x0000000700000000, 0x0000000800000000)
  region size 2048K, 141 young (288768K), 5 survivors (10240K)
 Metaspace       used 169739K, committed 171840K, reserved 1245184K
  class space    used 22117K, committed 23104K, reserved 1048576K
}
Event: 2070.802 GC heap after
{Heap after GC invocations=170 (full 0):
 garbage-first heap   total 788480K, used 412089K [0x0000000700000000, 0x0000000800000000)
  region size 2048K, 6 young (12288K), 6 survivors (12288K)
 Metaspace       used 169739K, committed 171840K, reserved 1245184K
  class space    used 22117K, committed 23104K, reserved 1048576K
}
Event: 2117.856 GC heap before
{Heap before GC invocations=170 (full 0):
 garbage-first heap   total 788480K, used 694713K [0x0000000700000000, 0x0000000800000000)
  region size 2048K, 139 young (284672K), 6 survivors (12288K)
 Metaspace       used 170285K, committed 172416K, reserved 1245184K
  class space    used 22187K, committed 23168K, reserved 1048576K
}
Event: 2118.246 GC heap after
{Heap after GC invocations=171 (full 0):
 garbage-first heap   total 788480K, used 422611K [0x0000000700000000, 0x0000000800000000)
  region size 2048K, 6 young (12288K), 6 survivors (12288K)
 Metaspace       used 170285K, committed 172416K, reserved 1245184K
  class space    used 22187K, committed 23168K, reserved 1048576K
}
Event: 2122.197 GC heap before
{Heap before GC invocations=171 (full 0):
 garbage-first heap   total 788480K, used 508627K [0x0000000700000000, 0x0000000800000000)
  region size 2048K, 27 young (55296K), 6 survivors (12288K)
 Metaspace       used 170671K, committed 172800K, reserved 1245184K
  class space    used 22253K, committed 23232K, reserved 1048576K
}
Event: 2122.428 GC heap after
{Heap after GC invocations=172 (full 0):
 garbage-first heap   total 788480K, used 471763K [0x0000000700000000, 0x0000000800000000)
  region size 2048K, 16 young (32768K), 16 survivors (32768K)
 Metaspace       used 170671K, committed 172800K, reserved 1245184K
  class space    used 22253K, committed 23232K, reserved 1048576K
}
Event: 2122.975 GC heap before
{Heap before GC invocations=172 (full 0):
 garbage-first heap   total 788480K, used 502483K [0x0000000700000000, 0x0000000800000000)
  region size 2048K, 23 young (47104K), 16 survivors (32768K)
 Metaspace       used 170764K, committed 172928K, reserved 1245184K
  class space    used 22259K, committed 23232K, reserved 1048576K
}
Event: 2123.196 GC heap after
{Heap after GC invocations=173 (full 0):
 garbage-first heap   total 788480K, used 484087K [0x0000000700000000, 0x0000000800000000)
  region size 2048K, 3 young (6144K), 3 survivors (6144K)
 Metaspace       used 170764K, committed 172928K, reserved 1245184K
  class space    used 22259K, committed 23232K, reserved 1048576K
}
Event: 2125.486 GC heap before
{Heap before GC invocations=173 (full 0):
 garbage-first heap   total 788480K, used 539383K [0x0000000700000000, 0x0000000800000000)
  region size 2048K, 31 young (63488K), 3 survivors (6144K)
 Metaspace       used 170768K, committed 172928K, reserved 1245184K
  class space    used 22259K, committed 23232K, reserved 1048576K
}
Event: 2125.658 GC heap after
{Heap after GC invocations=174 (full 0):
 garbage-first heap   total 788480K, used 505800K [0x0000000700000000, 0x0000000800000000)
  region size 2048K, 4 young (8192K), 4 survivors (8192K)
 Metaspace       used 170768K, committed 172928K, reserved 1245184K
  class space    used 22259K, committed 23232K, reserved 1048576K
}
Event: 2126.477 GC heap before
{Heap before GC invocations=174 (full 0):
 garbage-first heap   total 788480K, used 538568K [0x0000000700000000, 0x0000000800000000)
  region size 2048K, 19 young (38912K), 4 survivors (8192K)
 Metaspace       used 170778K, committed 172928K, reserved 1245184K
  class space    used 22259K, committed 23232K, reserved 1048576K
}
Event: 2126.614 GC heap after
{Heap after GC invocations=175 (full 0):
 garbage-first heap   total 788480K, used 523264K [0x0000000700000000, 0x0000000800000000)
  region size 2048K, 3 young (6144K), 3 survivors (6144K)
 Metaspace       used 170778K, committed 172928K, reserved 1245184K
  class space    used 22259K, committed 23232K, reserved 1048576K
}
Event: 2131.245 GC heap before
{Heap before GC invocations=175 (full 0):
 garbage-first heap   total 788480K, used 556032K [0x0000000700000000, 0x0000000800000000)
  region size 2048K, 19 young (38912K), 3 survivors (6144K)
 Metaspace       used 171125K, committed 173248K, reserved 1245184K
  class space    used 22289K, committed 23296K, reserved 1048576K
}

Deoptimization events (20 events):
Event: 2130.594 Thread 0x000001e6726e98a0 DEOPT PACKING pc=0x000001e652bec2dd sp=0x000000191f3fefe0
Event: 2130.594 Thread 0x000001e6726e98a0 DEOPT UNPACKING pc=0x000001e656c02b24 sp=0x000000191f3fe5d8 mode 0
Event: 2131.013 Thread 0x000001e67c5a9790 DEOPT PACKING pc=0x000001e652bec2dd sp=0x000000191effeeb0
Event: 2131.013 Thread 0x000001e67c5a9790 DEOPT UNPACKING pc=0x000001e656c02b24 sp=0x000000191effe4a8 mode 0
Event: 2131.036 Thread 0x000001e67c5a9790 DEOPT PACKING pc=0x000001e652bec2dd sp=0x000000191effeec0
Event: 2131.036 Thread 0x000001e67c5a9790 DEOPT UNPACKING pc=0x000001e656c02b24 sp=0x000000191effe4b8 mode 0
Event: 2131.074 Thread 0x000001e6726e98a0 DEOPT PACKING pc=0x000001e652bec2dd sp=0x000000191f3feff0
Event: 2131.074 Thread 0x000001e6726e98a0 DEOPT UNPACKING pc=0x000001e656c02b24 sp=0x000000191f3fe5e8 mode 0
Event: 2131.083 Thread 0x000001e6726e98a0 DEOPT PACKING pc=0x000001e652bec2dd sp=0x000000191f3feff0
Event: 2131.083 Thread 0x000001e6726e98a0 DEOPT UNPACKING pc=0x000001e656c02b24 sp=0x000000191f3fe5e8 mode 0
Event: 2131.089 Thread 0x000001e6726e98a0 DEOPT PACKING pc=0x000001e652bec2dd sp=0x000000191f3feff0
Event: 2131.089 Thread 0x000001e6726e98a0 DEOPT UNPACKING pc=0x000001e656c02b24 sp=0x000000191f3fe5e8 mode 0
Event: 2131.097 Thread 0x000001e6726e98a0 DEOPT PACKING pc=0x000001e652bec2dd sp=0x000000191f3feff0
Event: 2131.097 Thread 0x000001e6726e98a0 DEOPT UNPACKING pc=0x000001e656c02b24 sp=0x000000191f3fe5e8 mode 0
Event: 2131.230 Thread 0x000001e67c5a9790 DEOPT PACKING pc=0x000001e652bec2dd sp=0x000000191effeeb0
Event: 2131.230 Thread 0x000001e67c5a9790 DEOPT UNPACKING pc=0x000001e656c02b24 sp=0x000000191effe4a8 mode 0
Event: 2131.237 Thread 0x000001e67c5a9790 DEOPT PACKING pc=0x000001e652bec2dd sp=0x000000191effeeb0
Event: 2131.237 Thread 0x000001e67c5a9790 DEOPT UNPACKING pc=0x000001e656c02b24 sp=0x000000191effe4a8 mode 0
Event: 2131.243 Thread 0x000001e67c5a9790 DEOPT PACKING pc=0x000001e652bec2dd sp=0x000000191effeeb0
Event: 2131.243 Thread 0x000001e67c5a9790 DEOPT UNPACKING pc=0x000001e656c02b24 sp=0x000000191effe4a8 mode 0

Classes unloaded (20 events):
Event: 1688.478 Thread 0x000001e66a640a50 Unloading class 0x000001e6022cb800 'jdk/internal/jimage/ImageHeader'
Event: 1688.478 Thread 0x000001e66a640a50 Unloading class 0x000001e6022cadc8 'jdk/internal/jimage/BasicImageReader$2'
Event: 1688.478 Thread 0x000001e66a640a50 Unloading class 0x000001e6022cab98 'jdk/internal/jimage/BasicImageReader$1'
Event: 1688.478 Thread 0x000001e66a640a50 Unloading class 0x000001e6022ca930 'jdk/internal/jimage/ImageReader$Resource'
Event: 1688.478 Thread 0x000001e66a640a50 Unloading class 0x000001e6022ca6c8 'jdk/internal/jimage/ImageReader$LinkNode'
Event: 1688.478 Thread 0x000001e66a640a50 Unloading class 0x000001e6022ca460 'jdk/internal/jimage/ImageReader$Directory'
Event: 1688.478 Thread 0x000001e66a640a50 Unloading class 0x000001e6022ca1f8 'jdk/internal/jimage/ImageReader$Node'
Event: 1688.479 Thread 0x000001e66a640a50 Unloading class 0x000001e6022ca000 'jdk/internal/jimage/ImageStrings'
Event: 1688.480 Thread 0x000001e66a640a50 Unloading class 0x000001e6022c9b50 'jdk/internal/jimage/ImageReader$SharedImageReader'
Event: 1688.480 Thread 0x000001e66a640a50 Unloading class 0x000001e6022c9890 'jdk/internal/jimage/BasicImageReader'
Event: 1688.480 Thread 0x000001e66a640a50 Unloading class 0x000001e6022c9670 'jdk/internal/jimage/ImageReader'
Event: 1688.480 Thread 0x000001e66a640a50 Unloading class 0x000001e6022c9448 'jdk/internal/jrtfs/SystemImage$2'
Event: 1688.480 Thread 0x000001e66a640a50 Unloading class 0x000001e6022c9230 'jdk/internal/jrtfs/SystemImage$$Lambda$2676+0x000001e6022c9230'
Event: 1688.480 Thread 0x000001e66a640a50 Unloading class 0x000001e6022c9000 'jdk/internal/jrtfs/ExplodedImage'
Event: 1688.481 Thread 0x000001e66a640a50 Unloading class 0x000001e6022c8dc8 'jdk/internal/jrtfs/SystemImage$1'
Event: 1688.481 Thread 0x000001e66a640a50 Unloading class 0x000001e6022c8bb0 'jdk/internal/jrtfs/SystemImage'
Event: 1688.482 Thread 0x000001e66a640a50 Unloading class 0x000001e6022c8950 'jdk/internal/jrtfs/JrtFileStore'
Event: 1688.482 Thread 0x000001e66a640a50 Unloading class 0x000001e6022c85d8 'jdk/internal/jrtfs/JrtPath'
Event: 1688.482 Thread 0x000001e66a640a50 Unloading class 0x000001e6022c82e0 'jdk/internal/jrtfs/JrtFileSystem'
Event: 1688.483 Thread 0x000001e66a640a50 Unloading class 0x000001e6022c8000 'jdk/internal/jrtfs/JrtFileSystemProvider'

Classes redefined (0 events):
No events

Internal exceptions (20 events):
Event: 2052.624 Thread 0x000001e67c5a9790 Exception <a 'sun/nio/fs/WindowsException'{0x000000072e343178}> (0x000000072e343178) 
thrown [s\open\src\hotspot\share\prims\jni.cpp, line 516]
Event: 2066.100 Thread 0x000001e674245f30 Exception <a 'sun/nio/fs/WindowsException'{0x00000007229c8478}> (0x00000007229c8478) 
thrown [s\open\src\hotspot\share\prims\jni.cpp, line 516]
Event: 2066.291 Thread 0x000001e674245f30 Exception <a 'sun/nio/fs/WindowsException'{0x000000072266ec18}> (0x000000072266ec18) 
thrown [s\open\src\hotspot\share\prims\jni.cpp, line 516]
Event: 2066.956 Thread 0x000001e674245f30 Exception <a 'sun/nio/fs/WindowsException'{0x00000007227d05e0}> (0x00000007227d05e0) 
thrown [s\open\src\hotspot\share\prims\jni.cpp, line 516]
Event: 2066.972 Thread 0x000001e674245f30 Exception <a 'sun/nio/fs/WindowsException'{0x00000007227e9790}> (0x00000007227e9790) 
thrown [s\open\src\hotspot\share\prims\jni.cpp, line 516]
Event: 2067.387 Thread 0x000001e674245f30 Exception <a 'sun/nio/fs/WindowsException'{0x0000000722591918}> (0x0000000722591918) 
thrown [s\open\src\hotspot\share\prims\jni.cpp, line 516]
Event: 2067.397 Thread 0x000001e674245f30 Exception <a 'sun/nio/fs/WindowsException'{0x00000007225aa938}> (0x00000007225aa938) 
thrown [s\open\src\hotspot\share\prims\jni.cpp, line 516]
Event: 2067.411 Thread 0x000001e674245f30 Exception <a 'sun/nio/fs/WindowsException'{0x00000007225c3e78}> (0x00000007225c3e78) 
thrown [s\open\src\hotspot\share\prims\jni.cpp, line 516]
Event: 2068.524 Thread 0x000001e674245f30 Exception <a 'sun/nio/fs/WindowsException'{0x0000000720cd1810}> (0x0000000720cd1810) 
thrown [s\open\src\hotspot\share\prims\jni.cpp, line 516]
Event: 2068.524 Thread 0x000001e674245f30 Exception <a 'sun/nio/fs/WindowsException'{0x0000000720cd2940}> (0x0000000720cd2940) 
thrown [s\open\src\hotspot\share\prims\jni.cpp, line 516]
Event: 2068.524 Thread 0x000001e674245f30 Exception <a 'sun/nio/fs/WindowsException'{0x0000000720cd29d0}> (0x0000000720cd29d0) 
thrown [s\open\src\hotspot\share\prims\jni.cpp, line 516]
Event: 2068.524 Thread 0x000001e674245f30 Exception <a 'sun/nio/fs/WindowsException'{0x0000000720cd2be0}> (0x0000000720cd2be0) 
thrown [s\open\src\hotspot\share\prims\jni.cpp, line 516]
Event: 2068.576 Thread 0x000001e674245f30 Exception <a 'java/lang/NoSuchMethodError'{0x0000000720dc6478}: static Lcom/android/build/gradle/internal/tasks/MergeJavaResWorkAction$SourcedInput;.<clinit>()V> (0x0000000720dc6478) 
thrown [s\open\src\hotspot\share\prims\jni.cpp, line 1112]
Event: 2068.624 Thread 0x000001e67c5a5ad0 Exception <a 'sun/nio/fs/WindowsException'{0x000000072080abf0}> (0x000000072080abf0) 
thrown [s\open\src\hotspot\share\prims\jni.cpp, line 516]
Event: 2068.624 Thread 0x000001e67c5a5ad0 Exception <a 'sun/nio/fs/WindowsException'{0x000000072080ae68}> (0x000000072080ae68) 
thrown [s\open\src\hotspot\share\prims\jni.cpp, line 516]
Event: 2076.065 Thread 0x000001e67c5a5ad0 Implicit null exception at 0x000001e658baf76d to 0x000001e658baf7c0
Event: 2076.065 Thread 0x000001e67c5a5ad0 Implicit null exception at 0x000001e658baf430 to 0x000001e658baf448
Event: 2119.093 Thread 0x000001e67c5a6f10 Exception <a 'sun/nio/fs/WindowsException'{0x000000072f978400}> (0x000000072f978400) 
thrown [s\open\src\hotspot\share\prims\jni.cpp, line 516]
Event: 2126.862 Thread 0x000001e67c5a9790 Exception <a 'java/lang/NoSuchMethodError'{0x000000072fd81380}: 'long java.lang.invoke.DirectMethodHandle$Holder.invokeStatic(java.lang.Object, java.lang.Object, java.lang.Object)'> (0x000000072fd81380) 
thrown [s\open\src\hotspot\share\interpreter\linkResolver.cpp, line 759]
Event: 2126.890 Thread 0x000001e6726e98a0 Exception <a 'java/lang/NoSuchMethodError'{0x000000072fd60ca8}: 'long java.lang.invoke.DirectMethodHandle$Holder.invokeStatic(java.lang.Object, java.lang.Object, java.lang.Object)'> (0x000000072fd60ca8) 
thrown [s\open\src\hotspot\share\interpreter\linkResolver.cpp, line 759]

VM Operations (20 events):
Event: 2123.198 Executing VM operation: G1CollectForAllocation done
Event: 2124.198 Executing VM operation: Cleanup
Event: 2124.459 Executing VM operation: Cleanup done
Event: 2125.486 Executing VM operation: G1CollectForAllocation
Event: 2125.661 Executing VM operation: G1CollectForAllocation done
Event: 2126.477 Executing VM operation: G1CollectForAllocation
Event: 2126.616 Executing VM operation: G1CollectForAllocation done
Event: 2126.825 Executing VM operation: HandshakeAllThreads
Event: 2126.825 Executing VM operation: HandshakeAllThreads done
Event: 2126.838 Executing VM operation: HandshakeAllThreads
Event: 2126.838 Executing VM operation: HandshakeAllThreads done
Event: 2127.059 Executing VM operation: HandshakeAllThreads
Event: 2127.060 Executing VM operation: HandshakeAllThreads done
Event: 2127.476 Executing VM operation: HandshakeAllThreads
Event: 2127.622 Executing VM operation: HandshakeAllThreads done
Event: 2127.622 Executing VM operation: Cleanup
Event: 2127.626 Executing VM operation: Cleanup done
Event: 2129.653 Executing VM operation: Cleanup
Event: 2130.257 Executing VM operation: Cleanup done
Event: 2131.244 Executing VM operation: G1CollectForAllocation

Events (20 events):
Event: 2129.210 Thread 0x000001e66a6ce7e0 flushing nmethod 0x000001e653254910
Event: 2129.210 Thread 0x000001e66a6ce7e0 flushing nmethod 0x000001e653255510
Event: 2129.210 Thread 0x000001e66a6ce7e0 flushing nmethod 0x000001e653256110
Event: 2129.210 Thread 0x000001e66a6ce7e0 flushing nmethod 0x000001e65325ad90
Event: 2129.210 Thread 0x000001e66a6ce7e0 flushing nmethod 0x000001e65325b890
Event: 2129.210 Thread 0x000001e66a6ce7e0 flushing nmethod 0x000001e65325f110
Event: 2129.210 Thread 0x000001e66a6ce7e0 flushing nmethod 0x000001e65325fd90
Event: 2129.210 Thread 0x000001e66a6ce7e0 flushing nmethod 0x000001e653261210
Event: 2129.210 Thread 0x000001e66a6ce7e0 flushing nmethod 0x000001e653261590
Event: 2129.210 Thread 0x000001e66a6ce7e0 flushing nmethod 0x000001e653261990
Event: 2129.210 Thread 0x000001e66a6ce7e0 flushing nmethod 0x000001e653263810
Event: 2129.210 Thread 0x000001e66a6ce7e0 flushing nmethod 0x000001e653266610
Event: 2129.211 Thread 0x000001e66a6ce7e0 flushing nmethod 0x000001e65326da10
Event: 2129.211 Thread 0x000001e66a6ce7e0 flushing nmethod 0x000001e65327d990
Event: 2129.212 Thread 0x000001e66a6ce7e0 flushing nmethod 0x000001e65328fb90
Event: 2129.212 Thread 0x000001e66a6ce7e0 flushing nmethod 0x000001e653291c90
Event: 2129.212 Thread 0x000001e66a6ce7e0 flushing nmethod 0x000001e653292190
Event: 2129.212 Thread 0x000001e66a6ce7e0 flushing nmethod 0x000001e653292690
Event: 2129.212 Thread 0x000001e66a6ce7e0 flushing nmethod 0x000001e653292c90
Event: 2129.212 Thread 0x000001e66a6ce7e0 flushing nmethod 0x000001e653293110


Dynamic libraries:
0x00007ff6180f0000 - 0x00007ff618100000 	C:\Program Files\Microsoft\jdk-17.0.12\bin\java.exe
0x00007ffed6f30000 - 0x00007ffed7128000 	C:\Windows\SYSTEM32\ntdll.dll
0x00007ffed5560000 - 0x00007ffed5622000 	C:\Windows\System32\KERNEL32.DLL
0x00007ffed49d0000 - 0x00007ffed4cc6000 	C:\Windows\System32\KERNELBASE.dll
0x00007ffed45d0000 - 0x00007ffed46d0000 	C:\Windows\System32\ucrtbase.dll
0x00007ffecc7f0000 - 0x00007ffecc809000 	C:\Program Files\Microsoft\jdk-17.0.12\bin\jli.dll
0x00007ffed5210000 - 0x00007ffed52bf000 	C:\Windows\System32\ADVAPI32.dll
0x00007ffed5e30000 - 0x00007ffed5ece000 	C:\Windows\System32\msvcrt.dll
0x00007ffed54c0000 - 0x00007ffed555f000 	C:\Windows\System32\sechost.dll
0x00007ffed67c0000 - 0x00007ffed68e3000 	C:\Windows\System32\RPCRT4.dll
0x00007ffed4cd0000 - 0x00007ffed4cf7000 	C:\Windows\System32\bcrypt.dll
0x00007ffed4f60000 - 0x00007ffed50fd000 	C:\Windows\System32\USER32.dll
0x00007ffed4840000 - 0x00007ffed4862000 	C:\Windows\System32\win32u.dll
0x00007ffed51e0000 - 0x00007ffed520b000 	C:\Windows\System32\GDI32.dll
0x00007ffed4db0000 - 0x00007ffed4eca000 	C:\Windows\System32\gdi32full.dll
0x00007ffed4720000 - 0x00007ffed47bd000 	C:\Windows\System32\msvcp_win.dll
0x00007ffecbfb0000 - 0x00007ffecbfcb000 	C:\Program Files\Microsoft\jdk-17.0.12\bin\VCRUNTIME140.dll
0x00007ffec1750000 - 0x00007ffec19ea000 	C:\Windows\WinSxS\amd64_microsoft.windows.common-controls_6595b64144ccf1df_6.0.19041.5794_none_60bcd33171f2783c\COMCTL32.dll
0x00007ffecba20000 - 0x00007ffecba2a000 	C:\Windows\SYSTEM32\VERSION.dll
0x00007ffed5340000 - 0x00007ffed536f000 	C:\Windows\System32\IMM32.DLL
0x00007ffecd280000 - 0x00007ffecd28c000 	C:\Program Files\Microsoft\jdk-17.0.12\bin\vcruntime140_1.dll
0x00007ffeaed80000 - 0x00007ffeaee0e000 	C:\Program Files\Microsoft\jdk-17.0.12\bin\msvcp140.dll
0x00007ffe66230000 - 0x00007ffe66e10000 	C:\Program Files\Microsoft\jdk-17.0.12\bin\server\jvm.dll
0x00007ffed6000000 - 0x00007ffed6008000 	C:\Windows\System32\PSAPI.DLL
0x00007ffecbed0000 - 0x00007ffecbed9000 	C:\Windows\SYSTEM32\WSOCK32.dll
0x00007ffed5450000 - 0x00007ffed54bb000 	C:\Windows\System32\WS2_32.dll
0x00007ffebcd80000 - 0x00007ffebcda7000 	C:\Windows\SYSTEM32\WINMM.dll
0x00007ffed2de0000 - 0x00007ffed2df2000 	C:\Windows\SYSTEM32\kernel.appcore.dll
0x00007ffecb6e0000 - 0x00007ffecb6ea000 	C:\Program Files\Microsoft\jdk-17.0.12\bin\jimage.dll
0x00007ffed2a90000 - 0x00007ffed2c91000 	C:\Windows\SYSTEM32\DBGHELP.DLL
0x00007ffeb8a40000 - 0x00007ffeb8a74000 	C:\Windows\SYSTEM32\dbgcore.DLL
0x00007ffed4ed0000 - 0x00007ffed4f52000 	C:\Windows\System32\bcryptPrimitives.dll
0x00007ffebf700000 - 0x00007ffebf70e000 	C:\Program Files\Microsoft\jdk-17.0.12\bin\instrument.dll
0x00007ffec5db0000 - 0x00007ffec5dd5000 	C:\Program Files\Microsoft\jdk-17.0.12\bin\java.dll
0x00007ffe9ce50000 - 0x00007ffe9cf27000 	C:\Program Files\Microsoft\jdk-17.0.12\bin\jsvml.dll
0x00007ffed5630000 - 0x00007ffed5d9e000 	C:\Windows\System32\SHELL32.dll
0x00007ffed2210000 - 0x00007ffed29b3000 	C:\Windows\SYSTEM32\windows.storage.dll
0x00007ffed6270000 - 0x00007ffed65c3000 	C:\Windows\System32\combase.dll
0x00007ffed3e50000 - 0x00007ffed3e7b000 	C:\Windows\SYSTEM32\Wldp.dll
0x00007ffed5370000 - 0x00007ffed543d000 	C:\Windows\System32\OLEAUT32.dll
0x00007ffed61c0000 - 0x00007ffed626d000 	C:\Windows\System32\SHCORE.dll
0x00007ffed6760000 - 0x00007ffed67b5000 	C:\Windows\System32\shlwapi.dll
0x00007ffed4500000 - 0x00007ffed4525000 	C:\Windows\SYSTEM32\profapi.dll
0x00007ffebf720000 - 0x00007ffebf738000 	C:\Program Files\Microsoft\jdk-17.0.12\bin\zip.dll
0x00007ffec5d90000 - 0x00007ffec5da9000 	C:\Program Files\Microsoft\jdk-17.0.12\bin\net.dll
0x00007ffec3dc0000 - 0x00007ffec3eca000 	C:\Windows\SYSTEM32\WINHTTP.dll
0x00007ffed3c30000 - 0x00007ffed3c9c000 	C:\Windows\system32\mswsock.dll
0x00007ffec04c0000 - 0x00007ffec04d6000 	C:\Program Files\Microsoft\jdk-17.0.12\bin\nio.dll
0x00007ffec5ff0000 - 0x00007ffec6000000 	C:\Program Files\Microsoft\jdk-17.0.12\bin\verify.dll
0x00007ffecf030000 - 0x00007ffecf057000 	C:\Users\Fahad Computer\.gradle\native\1def1411415f61bf3af743bc5b6707747c0891f09f0c88961ee8f79bc544acac\windows-amd64\native-platform.dll
0x000000006e690000 - 0x000000006e703000 	C:\Users\Fahad Computer\.gradle\native\0.2.5\x86_64-windows-gnu\gradle-fileevents.dll
0x00007ffec5d80000 - 0x00007ffec5d8a000 	C:\Program Files\Microsoft\jdk-17.0.12\bin\management.dll
0x00007ffec0670000 - 0x00007ffec067b000 	C:\Program Files\Microsoft\jdk-17.0.12\bin\management_ext.dll
0x00007ffed3e90000 - 0x00007ffed3ea8000 	C:\Windows\SYSTEM32\CRYPTSP.dll
0x00007ffed3570000 - 0x00007ffed35a8000 	C:\Windows\system32\rsaenh.dll
0x00007ffed44c0000 - 0x00007ffed44ee000 	C:\Windows\SYSTEM32\USERENV.dll
0x00007ffed3dc0000 - 0x00007ffed3dcc000 	C:\Windows\SYSTEM32\CRYPTBASE.dll
0x00007ffed3930000 - 0x00007ffed396b000 	C:\Windows\SYSTEM32\IPHLPAPI.DLL
0x00007ffed5440000 - 0x00007ffed5448000 	C:\Windows\System32\NSI.dll
0x00007ffecb670000 - 0x00007ffecb687000 	C:\Windows\SYSTEM32\dhcpcsvc6.DLL
0x00007ffecb610000 - 0x00007ffecb62d000 	C:\Windows\SYSTEM32\dhcpcsvc.DLL
0x00007ffed3970000 - 0x00007ffed3a3a000 	C:\Windows\SYSTEM32\DNSAPI.dll
0x00007ffec5d70000 - 0x00007ffec5d7e000 	C:\Program Files\Microsoft\jdk-17.0.12\bin\sunmscapi.dll
0x00007ffed4870000 - 0x00007ffed49cd000 	C:\Windows\System32\CRYPT32.dll
0x00007ffed4000000 - 0x00007ffed4027000 	C:\Windows\SYSTEM32\ncrypt.dll
0x00007ffed3fc0000 - 0x00007ffed3ffb000 	C:\Windows\SYSTEM32\NTASN1.dll
0x00007ffebe380000 - 0x00007ffebe387000 	C:\Windows\system32\wshunix.dll
0x000000006e610000 - 0x000000006e683000 	C:\Users\Fahad Computer\AppData\Local\Temp\native-platform16946677853254342741dir\gradle-fileevents.dll
0x00007ffeb7af0000 - 0x00007ffeb7b07000 	C:\Windows\system32\napinsp.dll
0x00007ffeb7ad0000 - 0x00007ffeb7aeb000 	C:\Windows\system32\pnrpnsp.dll
0x00007ffecf060000 - 0x00007ffecf07d000 	C:\Windows\system32\wshbth.dll
0x00007ffeceef0000 - 0x00007ffecef0d000 	C:\Windows\system32\NLAapi.dll
0x00007ffeb7ab0000 - 0x00007ffeb7ac2000 	C:\Windows\System32\winrnr.dll
0x00007ffecbc00000 - 0x00007ffecbc0a000 	C:\Windows\System32\rasadhlp.dll
0x00007ffec3ab0000 - 0x00007ffec3b30000 	C:\Windows\System32\fwpuclnt.dll
0x00007ffed37c0000 - 0x00007ffed37f3000 	C:\Windows\SYSTEM32\ntmarta.dll
0x00007ffecd3a0000 - 0x00007ffecd3a7000 	C:\Program Files\Microsoft\jdk-17.0.12\bin\rmi.dll

dbghelp: loaded successfully - version: 4.0.5 - missing functions: none
symbol engine: initialized successfully - sym options: 0x614 - pdb path: .;C:\Program Files\Microsoft\jdk-17.0.12\bin;C:\Windows\SYSTEM32;C:\Windows\WinSxS\amd64_microsoft.windows.common-controls_6595b64144ccf1df_6.0.19041.5794_none_60bcd33171f2783c;C:\Program Files\Microsoft\jdk-17.0.12\bin\server;C:\Users\Fahad Computer\.gradle\native\1def1411415f61bf3af743bc5b6707747c0891f09f0c88961ee8f79bc544acac\windows-amd64;C:\Users\Fahad Computer\.gradle\native\0.2.5\x86_64-windows-gnu;C:\Users\Fahad Computer\AppData\Local\Temp\native-platform16946677853254342741dir

VM Arguments:
jvm_args: --add-opens=java.base/java.lang=ALL-UNNAMED --add-opens=java.base/java.lang.invoke=ALL-UNNAMED --add-opens=java.base/java.util=ALL-UNNAMED --add-opens=java.prefs/java.util.prefs=ALL-UNNAMED --add-exports=jdk.compiler/com.sun.tools.javac.api=ALL-UNNAMED --add-exports=jdk.compiler/com.sun.tools.javac.util=ALL-UNNAMED --add-opens=java.base/java.util=ALL-UNNAMED --add-opens=java.prefs/java.util.prefs=ALL-UNNAMED --add-opens=java.base/java.nio.charset=ALL-UNNAMED --add-opens=java.base/java.net=ALL-UNNAMED --add-opens=java.base/java.util.concurrent.atomic=ALL-UNNAMED --add-opens=java.xml/javax.xml.namespace=ALL-UNNAMED -Xmx4096m -Dfile.encoding=UTF-8 -Duser.country=US -Duser.language=en -Duser.variant -javaagent:C:\Users\Fahad Computer\.gradle\wrapper\dists\gradle-8.12-all\ejduaidbjup3bmmkhw3rie4zb\gradle-8.12\lib\agents\gradle-instrumentation-agent-8.12.jar 
java_command: org.gradle.launcher.daemon.bootstrap.GradleDaemon 8.12
java_class_path (initial): C:\Users\Fahad Computer\.gradle\wrapper\dists\gradle-8.12-all\ejduaidbjup3bmmkhw3rie4zb\gradle-8.12\lib\gradle-daemon-main-8.12.jar
Launcher Type: SUN_STANDARD

[Global flags]
     intx CICompilerCount                          = 2                                         {product} {ergonomic}
     uint ConcGCThreads                            = 1                                         {product} {ergonomic}
     uint G1ConcRefinementThreads                  = 2                                         {product} {ergonomic}
   size_t G1HeapRegionSize                         = 2097152                                   {product} {ergonomic}
    uintx GCDrainStackTargetSize                   = 64                                        {product} {ergonomic}
   size_t InitialHeapSize                          = 65011712                                  {product} {ergonomic}
   size_t MarkStackSize                            = 4194304                                   {product} {ergonomic}
   size_t MaxHeapSize                              = 4294967296                                {product} {command line}
   size_t MaxNewSize                               = 2575302656                                {product} {ergonomic}
   size_t MinHeapDeltaBytes                        = 2097152                                   {product} {ergonomic}
   size_t MinHeapSize                              = 8388608                                   {product} {ergonomic}
    uintx NonNMethodCodeHeapSize                   = 5826188                                {pd product} {ergonomic}
    uintx NonProfiledCodeHeapSize                  = 122916026                              {pd product} {ergonomic}
    uintx ProfiledCodeHeapSize                     = 122916026                              {pd product} {ergonomic}
    uintx ReservedCodeCacheSize                    = 251658240                              {pd product} {ergonomic}
     bool SegmentedCodeCache                       = true                                      {product} {ergonomic}
   size_t SoftMaxHeapSize                          = 4294967296                             {manageable} {ergonomic}
     bool UseCompressedClassPointers               = true                           {product lp64_product} {ergonomic}
     bool UseCompressedOops                        = true                           {product lp64_product} {ergonomic}
     bool UseG1GC                                  = true                                      {product} {ergonomic}
     bool UseLargePagesIndividualAllocation        = false                                  {pd product} {ergonomic}

Logging:
Log output configuration:
 #0: stdout all=warning uptime,level,tags
 #1: stderr all=off uptime,level,tags

Environment Variables:
JAVA_HOME=C:\Program Files\Microsoft\jdk-17.0.12\
CLASSPATH=C:\vtT\ChatbotApp\android\\gradle\wrapper\gradle-wrapper.jar
PATH=C:\vtT\ChatbotApp\node_modules\.bin;C:\vtT\ChatbotApp\node_modules\.bin;C:\vtT\node_modules\.bin;C:\node_modules\.bin;C:\Users\Fahad Computer\AppData\Roaming\npm\node_modules\npm\node_modules\@npmcli\run-script\lib\node-gyp-bin;c:\Users\Fahad Computer\AppData\Local\Programs\cursor\resources\app\bin;C:\Python313\Scripts\;C:\Python313\;C:\Program Files\Microsoft\jdk-11.0.26.4-hotspot\bin;C:\Program Files\Common Files\Oracle\Java\javapath;C:\Program Files\Microsoft\jdk-17.0.12.7-hotspot\bin;C:\Windows\system32;C:\Windows;C:\Windows\System32\Wbem;C:\Windows\System32\WindowsPowerShell\v1.0\;C:\Windows\System32\OpenSSH\;C:\ProgramData\chocolatey\bin;C:\Users\Fahad Computer\AppData\Local\Android\Sdk\platform-tools;C:\Program Files\Git\cmd;C:\Android\Sdk\emulator;C:\Android\Sdk\tools;C:\Program Files\nodejs\;C:\Users\Fahad Computer\AppData\Local\Android\Sdk\tools;C:\Users\Fahad Computer\AppData\Local\Android\Sdk\tools;C:\Users\Fahad Computer\AppData\Local\Microsoft\WindowsApps;C:\Program Files\MongoDB\Server\7.0\bin;C:\Program Files\MongoDB\Server\7.0\bin;C:\Users\Fahad Computer\AppData\Roaming\npm;c:\Users\Fahad Computer\AppData\Local\Programs\cursor\resources\app\bin;c:\Users\Fahad Computer\AppData\Local\Programs\cursor\resources\app\bin;C:\Program Files\Microsoft\jdk-17.0.12\\bin;C:\Users\Fahad Computer\AppData\Local\Android\Sdk\tools;C:\Users\Fahad Computer\AppData\Local\Android\Sdk\tools;C:\Users\Fahad Computer\AppData\Local\Microsoft\WindowsApps;C:\Users\Fahad Computer\AppData\Local\Programs\Microsoft VS Code\bin;C:\Program Files\MongoDB\Server\7.0\bin;C:\Program Files\MongoDB\Server\7.0\bin;C:\Users\Fahad Computer\AppData\Roaming\npm;C:\Users\Fahad Computer\AppData\Local\Programs\cursor\resources\app\bin
USERNAME=Fahad Computer
LANG=en_US.UTF-8
OS=Windows_NT
PROCESSOR_IDENTIFIER=Intel64 Family 6 Model 122 Stepping 8, GenuineIntel



---------------  S Y S T E M  ---------------

OS:
 Windows 10 , 64 bit Build 19041 (10.0.19041.5794)
OS uptime: 0 days 18:57 hours
Hyper-V role detected

CPU: total 2 (initial active 2) (2 cores per cpu, 1 threads per core) family 6 model 122 stepping 8 microcode 0x18, cx8, cmov, fxsr, mmx, 3dnowpref, sse, sse2, sse3, ssse3, sse4.1, sse4.2, popcnt, tsc, tscinvbit, aes, erms, clmul, sha, clflush, clflushopt, hv

Memory: 4k page, system-wide physical 3918M (326M free)
TotalPageFile size 15694M (AvailPageFile size 224M)
current process WorkingSet (physical memory assigned to process): 550M, peak: 636M
current process commit charge ("private bytes"): 1302M, peak: 1968M

vm_info: Java HotSpot(TM) 64-Bit Server VM (17.0.12+8-LTS-286) for windows-amd64 JRE (17.0.12+8-LTS-286), built on Jun  5 2024 06:46:59 by "mach5one" with MS VC++ 17.6 (VS2022)

END.
