#
# There is insufficient memory for the Java Runtime Environment to continue.
# Native memory allocation (mmap) failed to map 830472192 bytes for G1 virtual space
# Possible reasons:
#   The system is out of physical RAM or swap space
#   The process is running with CompressedOops enabled, and the Java Heap may be blocking the growth of the native heap
# Possible solutions:
#   Reduce memory load on the system
#   Increase physical memory or swap space
#   Check if swap backing store is full
#   Decrease Java heap size (-Xmx/-Xms)
#   Decrease number of Java threads
#   Decrease Java thread stack sizes (-Xss)
#   Set larger code cache with -XX:ReservedCodeCacheSize=
#   JVM is running with Zero Based Compressed Oops mode in which the Java heap is
#     placed in the first 32GB address space. The Java Heap base address is the
#     maximum limit for the native heap growth. Please use -XX:HeapBaseMinAddress
#     to set the Java Heap base and to place the Java Heap above 32GB virtual address.
# This output file may be truncated or incomplete.
#
#  Out of Memory Error (os_windows.cpp:3548), pid=7120, tid=14128
#
# JRE version: Java(TM) SE Runtime Environment (17.0.12+8) (build 17.0.12+8-LTS-286)
# Java VM: Java HotSpot(TM) 64-Bit Server VM (17.0.12+8-LTS-286, mixed mode, sharing, tiered, compressed oops, compressed class ptrs, g1 gc, windows-amd64)
# No core dump will be written. Minidumps are not enabled by default on client versions of Windows
#

---------------  S U M M A R Y ------------

Command Line: --add-opens=java.base/java.lang=ALL-UNNAMED --add-opens=java.base/java.lang.invoke=ALL-UNNAMED --add-opens=java.base/java.util=ALL-UNNAMED --add-opens=java.prefs/java.util.prefs=ALL-UNNAMED --add-exports=jdk.compiler/com.sun.tools.javac.api=ALL-UNNAMED --add-exports=jdk.compiler/com.sun.tools.javac.util=ALL-UNNAMED --add-opens=java.base/java.util=ALL-UNNAMED --add-opens=java.prefs/java.util.prefs=ALL-UNNAMED --add-opens=java.base/java.nio.charset=ALL-UNNAMED --add-opens=java.base/java.net=ALL-UNNAMED --add-opens=java.base/java.util.concurrent.atomic=ALL-UNNAMED --add-opens=java.xml/javax.xml.namespace=ALL-UNNAMED -Xmx4096m -Dfile.encoding=UTF-8 -Duser.country=US -Duser.language=en -Duser.variant -javaagent:C:\Users\Fahad Computer\.gradle\wrapper\dists\gradle-8.12-all\ejduaidbjup3bmmkhw3rie4zb\gradle-8.12\lib\agents\gradle-instrumentation-agent-8.12.jar org.gradle.launcher.daemon.bootstrap.GradleDaemon 8.12

Host: Intel(R) Celeron(R) N4020 CPU @ 1.10GHz, 2 cores, 3G,  Windows 10 , 64 bit Build 19041 (10.0.19041.5794)
Time: Fri May 30 07:34:23 2025 Pacific Daylight Time elapsed time: 640.420519 seconds (0d 0h 10m 40s)

---------------  T H R E A D  ---------------

Current thread (0x0000026bc8d9fde0):  VMThread "VM Thread" [stack: 0x000000b71ff00000,0x000000b720000000] [id=14128]

Stack: [0x000000b71ff00000,0x000000b720000000]
Native frames: (J=compiled Java code, j=interpreted, Vv=VM code, C=native code)
V  [jvm.dll+0x67a04a]
V  [jvm.dll+0x7da4ed]
V  [jvm.dll+0x7dbe33]
V  [jvm.dll+0x7dc4a3]
V  [jvm.dll+0x24508f]
V  [jvm.dll+0x677089]
V  [jvm.dll+0x66bd32]
V  [jvm.dll+0x301fa6]
V  [jvm.dll+0x309546]
V  [jvm.dll+0x359d2e]
V  [jvm.dll+0x359f5f]
V  [jvm.dll+0x2d9078]
V  [jvm.dll+0x2d74ad]
V  [jvm.dll+0x2d6afc]
V  [jvm.dll+0x31a65b]
V  [jvm.dll+0x7e0d9b]
V  [jvm.dll+0x7e1ad4]
V  [jvm.dll+0x7e1fed]
V  [jvm.dll+0x7e23c4]
V  [jvm.dll+0x7e2490]
V  [jvm.dll+0x78abea]
V  [jvm.dll+0x678f35]
C  [ucrtbase.dll+0x21bb2]
C  [KERNEL32.DLL+0x17374]
C  [ntdll.dll+0x4cc91]

VM_Operation (0x000000b723dfe0f0): G1CollectForAllocation, mode: safepoint, requested by thread 0x0000026c19fb43c0


---------------  P R O C E S S  ---------------

Threads class SMR info:
_java_thread_list=0x0000026c2224cf50, length=67, elements={
0x0000026ba4d737b0, 0x0000026bc8da7810, 0x0000026bc8da8a80, 0x0000026bc8dba990,
0x0000026bc8dbb260, 0x0000026bc8dbcb40, 0x0000026bc8dbd410, 0x0000026bc8dbe010,
0x0000026bc8dbe9d0, 0x0000026bc8e289c0, 0x0000026c0e0183c0, 0x0000026c0e185970,
0x0000026c0ec0ae80, 0x0000026c0eceec70, 0x0000026c0e0dc0e0, 0x0000026c0f87cee0,
0x0000026c0f87bfb0, 0x0000026c0f87c9d0, 0x0000026c0f87d3f0, 0x0000026c0f87e320,
0x0000026c0f87baa0, 0x0000026c0f87c4c0, 0x0000026c0f87d900, 0x0000026c0f87de10,
0x0000026c0f87e830, 0x0000026c0f87b590, 0x0000026c1044f9b0, 0x0000026c10451d20,
0x0000026c10453160, 0x0000026c10453b80, 0x0000026c104508e0, 0x0000026c1044ea80,
0x0000026c10451300, 0x0000026c10454fc0, 0x0000026c10452740, 0x0000026c1044e570,
0x0000026c10454090, 0x0000026c1044fec0, 0x0000026c1044ef90, 0x0000026c10452c50,
0x0000026c104545a0, 0x0000026c104503d0, 0x0000026c10454ab0, 0x0000026c11f9bc00,
0x0000026c11f9acd0, 0x0000026c11f9b6f0, 0x0000026c11f99da0, 0x0000026c11f9d550,
0x0000026c11f9e480, 0x0000026c11f9fdd0, 0x0000026c11f9f3b0, 0x0000026c1967a890,
0x0000026c1967bcd0, 0x0000026c1967ada0, 0x0000026c19679960, 0x0000026c104559e0,
0x0000026c1c3dbaf0, 0x0000026c1c3db0d0, 0x0000026c1c3db5e0, 0x0000026c1c3dc510,
0x0000026c1c3d50a0, 0x0000026c1c3dca20, 0x0000026c1c3d55b0, 0x0000026c1c3da1a0,
0x0000026c11f9da60, 0x0000026c19fb6c40, 0x0000026c19fb43c0
}

Java Threads: ( => current thread )
  0x0000026ba4d737b0 JavaThread "main" [_thread_blocked, id=7052, stack(0x000000b71f900000,0x000000b71fa00000)]
  0x0000026bc8da7810 JavaThread "Reference Handler" daemon [_thread_blocked, id=13768, stack(0x000000b720000000,0x000000b720100000)]
  0x0000026bc8da8a80 JavaThread "Finalizer" daemon [_thread_blocked, id=12108, stack(0x000000b720100000,0x000000b720200000)]
  0x0000026bc8dba990 JavaThread "Signal Dispatcher" daemon [_thread_blocked, id=12052, stack(0x000000b720200000,0x000000b720300000)]
  0x0000026bc8dbb260 JavaThread "Attach Listener" daemon [_thread_blocked, id=13120, stack(0x000000b720300000,0x000000b720400000)]
  0x0000026bc8dbcb40 JavaThread "Service Thread" daemon [_thread_blocked, id=4724, stack(0x000000b720400000,0x000000b720500000)]
  0x0000026bc8dbd410 JavaThread "Monitor Deflation Thread" daemon [_thread_blocked, id=10276, stack(0x000000b720500000,0x000000b720600000)]
  0x0000026bc8dbe010 JavaThread "C2 CompilerThread0" daemon [_thread_in_native, id=14816, stack(0x000000b720600000,0x000000b720700000)]
  0x0000026bc8dbe9d0 JavaThread "C1 CompilerThread0" daemon [_thread_blocked, id=5588, stack(0x000000b720700000,0x000000b720800000)]
  0x0000026bc8e289c0 JavaThread "Sweeper thread" daemon [_thread_blocked, id=14420, stack(0x000000b720800000,0x000000b720900000)]
  0x0000026c0e0183c0 JavaThread "Common-Cleaner" daemon [_thread_blocked, id=13664, stack(0x000000b720900000,0x000000b720a00000)]
  0x0000026c0e185970 JavaThread "Notification Thread" daemon [_thread_blocked, id=13472, stack(0x000000b720a00000,0x000000b720b00000)]
  0x0000026c0ec0ae80 JavaThread "Daemon health stats" [_thread_blocked, id=6892, stack(0x000000b720d00000,0x000000b720e00000)]
  0x0000026c0eceec70 JavaThread "Incoming local TCP Connector on port 13199" [_thread_in_native, id=13920, stack(0x000000b720e00000,0x000000b720f00000)]
  0x0000026c0e0dc0e0 JavaThread "Daemon periodic checks" [_thread_blocked, id=15212, stack(0x000000b720f00000,0x000000b721000000)]
  0x0000026c0f87cee0 JavaThread "Daemon" [_thread_blocked, id=11860, stack(0x000000b721000000,0x000000b721100000)]
  0x0000026c0f87bfb0 JavaThread "Handler for socket connection from /127.0.0.1:13199 to /127.0.0.1:13200" [_thread_in_native, id=10156, stack(0x000000b721100000,0x000000b721200000)]
  0x0000026c0f87c9d0 JavaThread "Cancel handler" [_thread_blocked, id=9588, stack(0x000000b721200000,0x000000b721300000)]
  0x0000026c0f87d3f0 JavaThread "Daemon worker" [_thread_blocked, id=8332, stack(0x000000b721300000,0x000000b721400000)]
  0x0000026c0f87e320 JavaThread "Asynchronous log dispatcher for DefaultDaemonConnection: socket connection from /127.0.0.1:13199 to /127.0.0.1:13200" [_thread_blocked, id=7896, stack(0x000000b721400000,0x000000b721500000)]
  0x0000026c0f87baa0 JavaThread "Stdin handler" [_thread_blocked, id=9000, stack(0x000000b721500000,0x000000b721600000)]
  0x0000026c0f87c4c0 JavaThread "Daemon client event forwarder" [_thread_blocked, id=3828, stack(0x000000b721600000,0x000000b721700000)]
  0x0000026c0f87d900 JavaThread "Cache worker for journal cache (C:\Users\Fahad Computer\.gradle\caches\journal-1)" [_thread_blocked, id=14252, stack(0x000000b721700000,0x000000b721800000)]
  0x0000026c0f87de10 JavaThread "File lock request listener" [_thread_in_native, id=11116, stack(0x000000b721800000,0x000000b721900000)]
  0x0000026c0f87e830 JavaThread "Cache worker for file hash cache (C:\Users\Fahad Computer\.gradle\caches\8.12\fileHashes)" [_thread_blocked, id=14344, stack(0x000000b721900000,0x000000b721a00000)]
  0x0000026c0f87b590 JavaThread "Cache worker for file hash cache (C:\vtT\ChatbotApp\android\.gradle\8.12\fileHashes)" [_thread_blocked, id=1936, stack(0x000000b721a00000,0x000000b721b00000)]
  0x0000026c1044f9b0 JavaThread "Cache worker for Build Output Cleanup Cache (C:\vtT\ChatbotApp\android\.gradle\buildOutputCleanup)" [_thread_blocked, id=12556, stack(0x000000b721b00000,0x000000b721c00000)]
  0x0000026c10451d20 JavaThread "File watcher server" daemon [_thread_blocked, id=10960, stack(0x000000b721c00000,0x000000b721d00000)]
  0x0000026c10453160 JavaThread "File watcher consumer" daemon [_thread_blocked, id=3328, stack(0x000000b721d00000,0x000000b721e00000)]
  0x0000026c10453b80 JavaThread "jar transforms" [_thread_blocked, id=12408, stack(0x000000b721f00000,0x000000b722000000)]
  0x0000026c104508e0 JavaThread "Cache worker for checksums cache (C:\vtT\ChatbotApp\android\.gradle\8.12\checksums)" [_thread_blocked, id=2424, stack(0x000000b722000000,0x000000b722100000)]
  0x0000026c1044ea80 JavaThread "Cache worker for file content cache (C:\Users\Fahad Computer\.gradle\caches\8.12\fileContent)" [_thread_blocked, id=8160, stack(0x000000b722100000,0x000000b722200000)]
  0x0000026c10451300 JavaThread "Cache worker for cache directory md-rule (C:\Users\Fahad Computer\.gradle\caches\8.12\md-rule)" [_thread_blocked, id=9120, stack(0x000000b722200000,0x000000b722300000)]
  0x0000026c10454fc0 JavaThread "Cache worker for cache directory md-supplier (C:\Users\Fahad Computer\.gradle\caches\8.12\md-supplier)" [_thread_blocked, id=11672, stack(0x000000b722300000,0x000000b722400000)]
  0x0000026c10452740 JavaThread "Cache worker for Build Output Cleanup Cache (C:\vtT\ChatbotApp\node_modules\@react-native\gradle-plugin\.gradle\buildOutputCleanup)" [_thread_blocked, id=11140, stack(0x000000b722400000,0x000000b722500000)]
  0x0000026c1044e570 JavaThread "Unconstrained build operations" [_thread_blocked, id=10232, stack(0x000000b722500000,0x000000b722600000)]
  0x0000026c10454090 JavaThread "Unconstrained build operations Thread 2" [_thread_blocked, id=11476, stack(0x000000b722600000,0x000000b722700000)]
  0x0000026c1044fec0 JavaThread "Unconstrained build operations Thread 3" [_thread_blocked, id=13608, stack(0x000000b722700000,0x000000b722800000)]
  0x0000026c1044ef90 JavaThread "Unconstrained build operations Thread 4" [_thread_blocked, id=13020, stack(0x000000b722800000,0x000000b722900000)]
  0x0000026c10452c50 JavaThread "Unconstrained build operations Thread 5" [_thread_blocked, id=5168, stack(0x000000b722900000,0x000000b722a00000)]
  0x0000026c104545a0 JavaThread "Unconstrained build operations Thread 6" [_thread_blocked, id=9020, stack(0x000000b722a00000,0x000000b722b00000)]
  0x0000026c104503d0 JavaThread "build event listener" [_thread_blocked, id=1424, stack(0x000000b722b00000,0x000000b722c00000)]
  0x0000026c10454ab0 JavaThread "Memory manager" [_thread_blocked, id=3532, stack(0x000000b722c00000,0x000000b722d00000)]
  0x0000026c11f9bc00 JavaThread "Cache worker for execution history cache (C:\vtT\ChatbotApp\node_modules\@react-native\gradle-plugin\.gradle\8.12\executionHistory)" [_thread_blocked, id=776, stack(0x000000b723500000,0x000000b723600000)]
  0x0000026c11f9acd0 JavaThread "Unconstrained build operations Thread 7" [_thread_blocked, id=14016, stack(0x000000b71f700000,0x000000b71f800000)]
  0x0000026c11f9b6f0 JavaThread "Unconstrained build operations Thread 8" [_thread_blocked, id=2128, stack(0x000000b71f800000,0x000000b71f900000)]
  0x0000026c11f99da0 JavaThread "Unconstrained build operations Thread 9" [_thread_blocked, id=9704, stack(0x000000b723600000,0x000000b723700000)]
  0x0000026c11f9d550 JavaThread "Unconstrained build operations Thread 10" [_thread_blocked, id=9004, stack(0x000000b723700000,0x000000b723800000)]
  0x0000026c11f9e480 JavaThread "jar transforms Thread 2" [_thread_blocked, id=14096, stack(0x000000b723800000,0x000000b723900000)]
  0x0000026c11f9fdd0 JavaThread "build event listener" [_thread_blocked, id=11648, stack(0x000000b723900000,0x000000b723a00000)]
  0x0000026c11f9f3b0 JavaThread "Problems report writer" [_thread_blocked, id=15312, stack(0x000000b723a00000,0x000000b723b00000)]
  0x0000026c1967a890 JavaThread "pool-3-thread-1" [_thread_blocked, id=7096, stack(0x000000b722d00000,0x000000b722e00000)]
  0x0000026c1967bcd0 JavaThread "build event listener" [_thread_blocked, id=14560, stack(0x000000b722f00000,0x000000b723000000)]
  0x0000026c1967ada0 JavaThread "included builds Thread 2" [_thread_blocked, id=13112, stack(0x000000b723000000,0x000000b723100000)]
  0x0000026c19679960 JavaThread "Cache worker for execution history cache (C:\vtT\ChatbotApp\android\.gradle\8.12\executionHistory)" [_thread_blocked, id=13692, stack(0x000000b723100000,0x000000b723200000)]
  0x0000026c104559e0 JavaThread "RMI Scheduler(0)" daemon [_thread_blocked, id=13376, stack(0x000000b723e00000,0x000000b723f00000)]
  0x0000026c1c3dbaf0 JavaThread "RMI RenewClean-[127.0.0.1:17953,org.jetbrains.kotlin.daemon.common.LoopbackNetworkInterface$ClientLoopbackSocketFactory@48cacf46]" daemon [_thread_blocked, id=12620, stack(0x000000b723f00000,0x000000b724000000)]
  0x0000026c1c3db0d0 JavaThread "RMI GC Daemon" daemon [_thread_blocked, id=7196, stack(0x000000b724000000,0x000000b724100000)]
  0x0000026c1c3db5e0 JavaThread "RMI RenewClean-[127.0.0.1:17113,org.jetbrains.kotlin.daemon.common.LoopbackNetworkInterface$ClientLoopbackSocketFactory@18a36803]" daemon [_thread_blocked, id=7280, stack(0x000000b724100000,0x000000b724200000)]
  0x0000026c1c3dc510 JavaThread "RMI TCP Accept-0" daemon [_thread_in_native, id=5652, stack(0x000000b724200000,0x000000b724300000)]
  0x0000026c1c3d50a0 JavaThread "RMI Reaper" [_thread_blocked, id=8256, stack(0x000000b724300000,0x000000b724400000)]
  0x0000026c1c3dca20 JavaThread "Cache worker for Java compile cache (C:\Users\Fahad Computer\.gradle\caches\8.12\javaCompile)" [_thread_blocked, id=8500, stack(0x000000b723300000,0x000000b723400000)]
  0x0000026c1c3d55b0 JavaThread "Build operations" [_thread_blocked, id=484, stack(0x000000b724400000,0x000000b724500000)]
  0x0000026c1c3da1a0 JavaThread "WorkerExecutor Queue Thread 4" [_thread_blocked, id=13892, stack(0x000000b723200000,0x000000b723300000)]
  0x0000026c11f9da60 JavaThread "WorkerExecutor Queue Thread 5" [_thread_blocked, id=10176, stack(0x000000b722e00000,0x000000b722f00000)]
  0x0000026c19fb6c40 JavaThread "ForkJoinPool-1-worker-1" daemon [_thread_blocked, id=9508, stack(0x000000b723c00000,0x000000b723d00000)]
  0x0000026c19fb43c0 JavaThread "ForkJoinPool-1-worker-2" daemon [_thread_blocked, id=14640, stack(0x000000b723d00000,0x000000b723e00000)]

Other Threads:
=>0x0000026bc8d9fde0 VMThread "VM Thread" [stack: 0x000000b71ff00000,0x000000b720000000] [id=14128]
  0x0000026ba4d754c0 WatcherThread [stack: 0x000000b720b00000,0x000000b720c00000] [id=8084]
  0x0000026ba4ddcff0 GCTaskThread "GC Thread#0" [stack: 0x000000b71fa00000,0x000000b71fb00000] [id=14532]
  0x0000026c0e189a70 GCTaskThread "GC Thread#1" [stack: 0x000000b720c00000,0x000000b720d00000] [id=11184]
  0x0000026ba4d3dfa0 ConcurrentGCThread "G1 Main Marker" [stack: 0x000000b71fb00000,0x000000b71fc00000] [id=12872]
  0x0000026ba4d3e760 ConcurrentGCThread "G1 Conc#0" [stack: 0x000000b71fc00000,0x000000b71fd00000] [id=9896]
  0x0000026ba4e38110 ConcurrentGCThread "G1 Refine#0" [stack: 0x000000b71fd00000,0x000000b71fe00000] [id=15236]
  0x0000026c0ee87650 ConcurrentGCThread "G1 Refine#1" [stack: 0x000000b721e00000,0x000000b721f00000] [id=10452]
  0x0000026ba4e388f0 ConcurrentGCThread "G1 Service" [stack: 0x000000b71fe00000,0x000000b71ff00000] [id=7348]

Threads with active compile tasks:
C2 CompilerThread0   640490 39055       4       com.android.tools.r8.internal.Um::a (3278 bytes)

VM state: at safepoint (normal execution)

VM Mutex/Monitor currently owned by a thread:  ([mutex/lock_event])
[0x0000026ba4d6edd0] Threads_lock - owner thread: 0x0000026bc8d9fde0
[0x0000026ba4d6ec20] Heap_lock - owner thread: 0x0000026c19fb43c0

Heap address: 0x0000000700000000, size: 4096 MB, Compressed Oops mode: Zero based, Oop shift amount: 3

CDS archive(s) mapped at: [0x0000026bc9000000-0x0000026bc9bd0000-0x0000026bc9bd0000), size 12386304, SharedBaseAddress: 0x0000026bc9000000, ArchiveRelocationMode: 1.
Compressed class space mapped at: 0x0000026bca000000-0x0000026c0a000000, reserved size: 1073741824
Narrow klass base: 0x0000026bc9000000, Narrow klass shift: 0, Narrow klass range: 0x100000000

GC Precious Log:
 CPUs: 2 total, 2 available
 Memory: 3918M
 Large Page Support: Disabled
 NUMA Support: Disabled
 Compressed Oops: Enabled (Zero based)
 Heap Region Size: 2M
 Heap Min Capacity: 8M
 Heap Initial Capacity: 62M
 Heap Max Capacity: 4G
 Pre-touch: Disabled
 Parallel Workers: 2
 Concurrent Workers: 1
 Concurrent Refinement Workers: 2
 Periodic GC: Disabled

Heap:
 garbage-first heap   total 768000K, used 650240K [0x0000000700000000, 0x0000000800000000)
  region size 2048K, 3 young (6144K), 3 survivors (6144K)
 Metaspace       used 186172K, committed 188224K, reserved 1245184K
  class space    used 24093K, committed 25024K, reserved 1048576K

Heap Regions: E=young(eden), S=young(survivor), O=old, HS=humongous(starts), HC=humongous(continues), CS=collection set, F=free, OA=open archive, CA=closed archive, TAMS=top-at-mark-start (previous, next)
|   0|0x0000000700000000, 0x0000000700200000, 0x0000000700200000|100%| O|  |TAMS 0x0000000700200000, 0x0000000700200000| Untracked 
|   1|0x0000000700200000, 0x0000000700400000, 0x0000000700400000|100%|HS|  |TAMS 0x0000000700400000, 0x0000000700400000| Complete 
|   2|0x0000000700400000, 0x0000000700600000, 0x0000000700600000|100%|HC|  |TAMS 0x0000000700600000, 0x0000000700600000| Complete 
|   3|0x0000000700600000, 0x0000000700800000, 0x0000000700800000|100%| O|  |TAMS 0x0000000700800000, 0x0000000700800000| Untracked 
|   4|0x0000000700800000, 0x0000000700a00000, 0x0000000700a00000|100%| O|  |TAMS 0x0000000700a00000, 0x0000000700a00000| Untracked 
|   5|0x0000000700a00000, 0x0000000700c00000, 0x0000000700c00000|100%| O|  |TAMS 0x0000000700c00000, 0x0000000700c00000| Untracked 
|   6|0x0000000700c00000, 0x0000000700e00000, 0x0000000700e00000|100%| O|  |TAMS 0x0000000700e00000, 0x0000000700e00000| Untracked 
|   7|0x0000000700e00000, 0x0000000701000000, 0x0000000701000000|100%| O|  |TAMS 0x0000000701000000, 0x0000000701000000| Untracked 
|   8|0x0000000701000000, 0x0000000701200000, 0x0000000701200000|100%| O|  |TAMS 0x0000000701200000, 0x0000000701200000| Untracked 
|   9|0x0000000701200000, 0x0000000701400000, 0x0000000701400000|100%| O|  |TAMS 0x0000000701400000, 0x0000000701400000| Untracked 
|  10|0x0000000701400000, 0x0000000701600000, 0x0000000701600000|100%| O|  |TAMS 0x0000000701600000, 0x0000000701600000| Untracked 
|  11|0x0000000701600000, 0x0000000701800000, 0x0000000701800000|100%| O|  |TAMS 0x0000000701800000, 0x0000000701800000| Untracked 
|  12|0x0000000701800000, 0x0000000701a00000, 0x0000000701a00000|100%| O|  |TAMS 0x0000000701a00000, 0x0000000701a00000| Untracked 
|  13|0x0000000701a00000, 0x0000000701c00000, 0x0000000701c00000|100%| O|  |TAMS 0x0000000701c00000, 0x0000000701c00000| Untracked 
|  14|0x0000000701c00000, 0x0000000701e00000, 0x0000000701e00000|100%| O|  |TAMS 0x0000000701e00000, 0x0000000701e00000| Untracked 
|  15|0x0000000701e00000, 0x0000000702000000, 0x0000000702000000|100%| O|  |TAMS 0x0000000702000000, 0x0000000702000000| Untracked 
|  16|0x0000000702000000, 0x0000000702200000, 0x0000000702200000|100%| O|  |TAMS 0x0000000702200000, 0x0000000702200000| Untracked 
|  17|0x0000000702200000, 0x0000000702400000, 0x0000000702400000|100%| O|  |TAMS 0x0000000702400000, 0x0000000702400000| Untracked 
|  18|0x0000000702400000, 0x0000000702600000, 0x0000000702600000|100%| O|  |TAMS 0x0000000702600000, 0x0000000702600000| Untracked 
|  19|0x0000000702600000, 0x0000000702800000, 0x0000000702800000|100%| O|  |TAMS 0x0000000702800000, 0x0000000702800000| Untracked 
|  20|0x0000000702800000, 0x0000000702a00000, 0x0000000702a00000|100%| O|  |TAMS 0x0000000702a00000, 0x0000000702a00000| Untracked 
|  21|0x0000000702a00000, 0x0000000702c00000, 0x0000000702c00000|100%| O|  |TAMS 0x0000000702c00000, 0x0000000702c00000| Untracked 
|  22|0x0000000702c00000, 0x0000000702e00000, 0x0000000702e00000|100%|HS|  |TAMS 0x0000000702e00000, 0x0000000702e00000| Complete 
|  23|0x0000000702e00000, 0x0000000703000000, 0x0000000703000000|100%|HS|  |TAMS 0x0000000703000000, 0x0000000703000000| Complete 
|  24|0x0000000703000000, 0x0000000703200000, 0x0000000703200000|100%|HC|  |TAMS 0x0000000703200000, 0x0000000703200000| Complete 
|  25|0x0000000703200000, 0x0000000703400000, 0x0000000703400000|100%| O|  |TAMS 0x0000000703400000, 0x0000000703400000| Untracked 
|  26|0x0000000703400000, 0x0000000703600000, 0x0000000703600000|100%| O|  |TAMS 0x0000000703600000, 0x0000000703600000| Untracked 
|  27|0x0000000703600000, 0x0000000703800000, 0x0000000703800000|100%|HS|  |TAMS 0x0000000703800000, 0x0000000703800000| Complete 
|  28|0x0000000703800000, 0x0000000703a00000, 0x0000000703a00000|100%| O|  |TAMS 0x0000000703a00000, 0x0000000703a00000| Untracked 
|  29|0x0000000703a00000, 0x0000000703c00000, 0x0000000703c00000|100%|HS|  |TAMS 0x0000000703c00000, 0x0000000703c00000| Complete 
|  30|0x0000000703c00000, 0x0000000703e00000, 0x0000000703e00000|100%|HC|  |TAMS 0x0000000703e00000, 0x0000000703e00000| Complete 
|  31|0x0000000703e00000, 0x0000000704000000, 0x0000000704000000|100%| O|  |TAMS 0x0000000704000000, 0x0000000704000000| Untracked 
|  32|0x0000000704000000, 0x0000000704200000, 0x0000000704200000|100%| O|  |TAMS 0x0000000704200000, 0x0000000704200000| Untracked 
|  33|0x0000000704200000, 0x0000000704400000, 0x0000000704400000|100%| O|  |TAMS 0x0000000704400000, 0x0000000704400000| Untracked 
|  34|0x0000000704400000, 0x0000000704600000, 0x0000000704600000|100%| O|  |TAMS 0x0000000704600000, 0x0000000704600000| Untracked 
|  35|0x0000000704600000, 0x0000000704800000, 0x0000000704800000|100%| O|  |TAMS 0x0000000704800000, 0x0000000704800000| Untracked 
|  36|0x0000000704800000, 0x0000000704a00000, 0x0000000704a00000|100%| O|  |TAMS 0x0000000704a00000, 0x0000000704a00000| Untracked 
|  37|0x0000000704a00000, 0x0000000704c00000, 0x0000000704c00000|100%| O|  |TAMS 0x0000000704c00000, 0x0000000704c00000| Untracked 
|  38|0x0000000704c00000, 0x0000000704e00000, 0x0000000704e00000|100%| O|  |TAMS 0x0000000704e00000, 0x0000000704e00000| Untracked 
|  39|0x0000000704e00000, 0x0000000705000000, 0x0000000705000000|100%| O|  |TAMS 0x0000000705000000, 0x0000000705000000| Untracked 
|  40|0x0000000705000000, 0x0000000705200000, 0x0000000705200000|100%| O|  |TAMS 0x0000000705200000, 0x0000000705200000| Untracked 
|  41|0x0000000705200000, 0x0000000705400000, 0x0000000705400000|100%| O|  |TAMS 0x0000000705400000, 0x0000000705400000| Untracked 
|  42|0x0000000705400000, 0x0000000705600000, 0x0000000705600000|100%| O|  |TAMS 0x0000000705600000, 0x0000000705600000| Untracked 
|  43|0x0000000705600000, 0x0000000705800000, 0x0000000705800000|100%| O|  |TAMS 0x0000000705600000, 0x0000000705800000| Untracked 
|  44|0x0000000705800000, 0x0000000705a00000, 0x0000000705a00000|100%| O|  |TAMS 0x0000000705a00000, 0x0000000705a00000| Untracked 
|  45|0x0000000705a00000, 0x0000000705c00000, 0x0000000705c00000|100%|HS|  |TAMS 0x0000000705a00000, 0x0000000705c00000| Complete 
|  46|0x0000000705c00000, 0x0000000705e00000, 0x0000000705e00000|100%| O|  |TAMS 0x0000000705c00000, 0x0000000705e00000| Untracked 
|  47|0x0000000705e00000, 0x0000000706000000, 0x0000000706000000|100%| O|  |TAMS 0x0000000706000000, 0x0000000706000000| Untracked 
|  48|0x0000000706000000, 0x0000000706200000, 0x0000000706200000|100%| O|  |TAMS 0x0000000706200000, 0x0000000706200000| Untracked 
|  49|0x0000000706200000, 0x0000000706400000, 0x0000000706400000|100%| O|  |TAMS 0x0000000706400000, 0x0000000706400000| Untracked 
|  50|0x0000000706400000, 0x0000000706600000, 0x0000000706600000|100%|HS|  |TAMS 0x0000000706600000, 0x0000000706600000| Complete 
|  51|0x0000000706600000, 0x0000000706800000, 0x0000000706800000|100%| O|  |TAMS 0x0000000706800000, 0x0000000706800000| Untracked 
|  52|0x0000000706800000, 0x0000000706a00000, 0x0000000706a00000|100%| O|  |TAMS 0x0000000706a00000, 0x0000000706a00000| Untracked 
|  53|0x0000000706a00000, 0x0000000706c00000, 0x0000000706c00000|100%| O|  |TAMS 0x0000000706c00000, 0x0000000706c00000| Untracked 
|  54|0x0000000706c00000, 0x0000000706e00000, 0x0000000706e00000|100%| O|  |TAMS 0x0000000706e00000, 0x0000000706e00000| Untracked 
|  55|0x0000000706e00000, 0x0000000707000000, 0x0000000707000000|100%| O|  |TAMS 0x0000000707000000, 0x0000000707000000| Untracked 
|  56|0x0000000707000000, 0x0000000707200000, 0x0000000707200000|100%| O|  |TAMS 0x0000000707200000, 0x0000000707200000| Untracked 
|  57|0x0000000707200000, 0x0000000707400000, 0x0000000707400000|100%| O|  |TAMS 0x0000000707400000, 0x0000000707400000| Untracked 
|  58|0x0000000707400000, 0x0000000707600000, 0x0000000707600000|100%| O|  |TAMS 0x0000000707600000, 0x0000000707600000| Untracked 
|  59|0x0000000707600000, 0x0000000707800000, 0x0000000707800000|100%|HS|  |TAMS 0x0000000707800000, 0x0000000707800000| Complete 
|  60|0x0000000707800000, 0x0000000707a00000, 0x0000000707a00000|100%| O|  |TAMS 0x0000000707a00000, 0x0000000707a00000| Untracked 
|  61|0x0000000707a00000, 0x0000000707c00000, 0x0000000707c00000|100%| O|  |TAMS 0x0000000707c00000, 0x0000000707c00000| Untracked 
|  62|0x0000000707c00000, 0x0000000707e00000, 0x0000000707e00000|100%| O|  |TAMS 0x0000000707e00000, 0x0000000707e00000| Untracked 
|  63|0x0000000707e00000, 0x0000000708000000, 0x0000000708000000|100%| O|  |TAMS 0x0000000708000000, 0x0000000708000000| Untracked 
|  64|0x0000000708000000, 0x0000000708200000, 0x0000000708200000|100%| O|  |TAMS 0x0000000708200000, 0x0000000708200000| Untracked 
|  65|0x0000000708200000, 0x0000000708400000, 0x0000000708400000|100%| O|  |TAMS 0x0000000708400000, 0x0000000708400000| Untracked 
|  66|0x0000000708400000, 0x0000000708600000, 0x0000000708600000|100%| O|  |TAMS 0x0000000708600000, 0x0000000708600000| Untracked 
|  67|0x0000000708600000, 0x0000000708800000, 0x0000000708800000|100%| O|  |TAMS 0x0000000708800000, 0x0000000708800000| Untracked 
|  68|0x0000000708800000, 0x0000000708a00000, 0x0000000708a00000|100%| O|  |TAMS 0x0000000708a00000, 0x0000000708a00000| Untracked 
|  69|0x0000000708a00000, 0x0000000708c00000, 0x0000000708c00000|100%| O|  |TAMS 0x0000000708c00000, 0x0000000708c00000| Untracked 
|  70|0x0000000708c00000, 0x0000000708e00000, 0x0000000708e00000|100%| O|  |TAMS 0x0000000708e00000, 0x0000000708e00000| Untracked 
|  71|0x0000000708e00000, 0x0000000709000000, 0x0000000709000000|100%| O|  |TAMS 0x0000000709000000, 0x0000000709000000| Untracked 
|  72|0x0000000709000000, 0x0000000709200000, 0x0000000709200000|100%| O|  |TAMS 0x0000000709200000, 0x0000000709200000| Untracked 
|  73|0x0000000709200000, 0x0000000709400000, 0x0000000709400000|100%| O|  |TAMS 0x0000000709400000, 0x0000000709400000| Untracked 
|  74|0x0000000709400000, 0x0000000709600000, 0x0000000709600000|100%| O|  |TAMS 0x0000000709600000, 0x0000000709600000| Untracked 
|  75|0x0000000709600000, 0x0000000709800000, 0x0000000709800000|100%| O|  |TAMS 0x0000000709800000, 0x0000000709800000| Untracked 
|  76|0x0000000709800000, 0x0000000709a00000, 0x0000000709a00000|100%| O|  |TAMS 0x0000000709a00000, 0x0000000709a00000| Untracked 
|  77|0x0000000709a00000, 0x0000000709c00000, 0x0000000709c00000|100%| O|  |TAMS 0x0000000709c00000, 0x0000000709c00000| Untracked 
|  78|0x0000000709c00000, 0x0000000709e00000, 0x0000000709e00000|100%| O|  |TAMS 0x0000000709e00000, 0x0000000709e00000| Untracked 
|  79|0x0000000709e00000, 0x000000070a000000, 0x000000070a000000|100%| O|  |TAMS 0x000000070a000000, 0x000000070a000000| Untracked 
|  80|0x000000070a000000, 0x000000070a200000, 0x000000070a200000|100%| O|  |TAMS 0x000000070a200000, 0x000000070a200000| Untracked 
|  81|0x000000070a200000, 0x000000070a400000, 0x000000070a400000|100%| O|  |TAMS 0x000000070a400000, 0x000000070a400000| Untracked 
|  82|0x000000070a400000, 0x000000070a600000, 0x000000070a600000|100%| O|  |TAMS 0x000000070a600000, 0x000000070a600000| Untracked 
|  83|0x000000070a600000, 0x000000070a800000, 0x000000070a800000|100%| O|  |TAMS 0x000000070a800000, 0x000000070a800000| Untracked 
|  84|0x000000070a800000, 0x000000070aa00000, 0x000000070aa00000|100%| O|  |TAMS 0x000000070aa00000, 0x000000070aa00000| Untracked 
|  85|0x000000070aa00000, 0x000000070ac00000, 0x000000070ac00000|100%| O|  |TAMS 0x000000070ac00000, 0x000000070ac00000| Untracked 
|  86|0x000000070ac00000, 0x000000070ae00000, 0x000000070ae00000|100%| O|  |TAMS 0x000000070ae00000, 0x000000070ae00000| Untracked 
|  87|0x000000070ae00000, 0x000000070b000000, 0x000000070b000000|100%| O|  |TAMS 0x000000070b000000, 0x000000070b000000| Untracked 
|  88|0x000000070b000000, 0x000000070b200000, 0x000000070b200000|100%| O|  |TAMS 0x000000070b200000, 0x000000070b200000| Untracked 
|  89|0x000000070b200000, 0x000000070b400000, 0x000000070b400000|100%| O|  |TAMS 0x000000070b400000, 0x000000070b400000| Untracked 
|  90|0x000000070b400000, 0x000000070b600000, 0x000000070b600000|100%| O|  |TAMS 0x000000070b600000, 0x000000070b600000| Untracked 
|  91|0x000000070b600000, 0x000000070b800000, 0x000000070b800000|100%| O|  |TAMS 0x000000070b800000, 0x000000070b800000| Untracked 
|  92|0x000000070b800000, 0x000000070ba00000, 0x000000070ba00000|100%| O|  |TAMS 0x000000070ba00000, 0x000000070ba00000| Untracked 
|  93|0x000000070ba00000, 0x000000070bc00000, 0x000000070bc00000|100%| O|  |TAMS 0x000000070bc00000, 0x000000070bc00000| Untracked 
|  94|0x000000070bc00000, 0x000000070be00000, 0x000000070be00000|100%| O|  |TAMS 0x000000070be00000, 0x000000070be00000| Untracked 
|  95|0x000000070be00000, 0x000000070c000000, 0x000000070c000000|100%| O|  |TAMS 0x000000070c000000, 0x000000070c000000| Untracked 
|  96|0x000000070c000000, 0x000000070c200000, 0x000000070c200000|100%| O|  |TAMS 0x000000070c200000, 0x000000070c200000| Untracked 
|  97|0x000000070c200000, 0x000000070c400000, 0x000000070c400000|100%| O|  |TAMS 0x000000070c400000, 0x000000070c400000| Untracked 
|  98|0x000000070c400000, 0x000000070c600000, 0x000000070c600000|100%| O|  |TAMS 0x000000070c600000, 0x000000070c600000| Untracked 
|  99|0x000000070c600000, 0x000000070c800000, 0x000000070c800000|100%| O|  |TAMS 0x000000070c800000, 0x000000070c800000| Untracked 
| 100|0x000000070c800000, 0x000000070ca00000, 0x000000070ca00000|100%| O|  |TAMS 0x000000070ca00000, 0x000000070ca00000| Untracked 
| 101|0x000000070ca00000, 0x000000070cc00000, 0x000000070cc00000|100%| O|  |TAMS 0x000000070cc00000, 0x000000070cc00000| Untracked 
| 102|0x000000070cc00000, 0x000000070ce00000, 0x000000070ce00000|100%| O|  |TAMS 0x000000070ce00000, 0x000000070ce00000| Untracked 
| 103|0x000000070ce00000, 0x000000070d000000, 0x000000070d000000|100%| O|  |TAMS 0x000000070d000000, 0x000000070d000000| Untracked 
| 104|0x000000070d000000, 0x000000070d200000, 0x000000070d200000|100%| O|  |TAMS 0x000000070d200000, 0x000000070d200000| Untracked 
| 105|0x000000070d200000, 0x000000070d400000, 0x000000070d400000|100%| O|  |TAMS 0x000000070d37b600, 0x000000070d400000| Untracked 
| 106|0x000000070d400000, 0x000000070d600000, 0x000000070d600000|100%| O|  |TAMS 0x000000070d400000, 0x000000070d600000| Untracked 
| 107|0x000000070d600000, 0x000000070d800000, 0x000000070d800000|100%| O|  |TAMS 0x000000070d600000, 0x000000070d800000| Untracked 
| 108|0x000000070d800000, 0x000000070da00000, 0x000000070da00000|100%| O|  |TAMS 0x000000070d800000, 0x000000070da00000| Untracked 
| 109|0x000000070da00000, 0x000000070dc00000, 0x000000070dc00000|100%| O|  |TAMS 0x000000070da00000, 0x000000070dc00000| Untracked 
| 110|0x000000070dc00000, 0x000000070de00000, 0x000000070de00000|100%| O|  |TAMS 0x000000070dc00000, 0x000000070de00000| Untracked 
| 111|0x000000070de00000, 0x000000070e000000, 0x000000070e000000|100%| O|  |TAMS 0x000000070de00000, 0x000000070e000000| Untracked 
| 112|0x000000070e000000, 0x000000070e200000, 0x000000070e200000|100%| O|  |TAMS 0x000000070e000000, 0x000000070e200000| Untracked 
| 113|0x000000070e200000, 0x000000070e400000, 0x000000070e400000|100%| O|  |TAMS 0x000000070e200000, 0x000000070e400000| Untracked 
| 114|0x000000070e400000, 0x000000070e600000, 0x000000070e600000|100%| O|  |TAMS 0x000000070e400000, 0x000000070e600000| Untracked 
| 115|0x000000070e600000, 0x000000070e800000, 0x000000070e800000|100%| O|  |TAMS 0x000000070e600000, 0x000000070e800000| Untracked 
| 116|0x000000070e800000, 0x000000070ea00000, 0x000000070ea00000|100%| O|  |TAMS 0x000000070e800000, 0x000000070ea00000| Untracked 
| 117|0x000000070ea00000, 0x000000070ec00000, 0x000000070ec00000|100%| O|  |TAMS 0x000000070ea00000, 0x000000070ec00000| Untracked 
| 118|0x000000070ec00000, 0x000000070ee00000, 0x000000070ee00000|100%| O|  |TAMS 0x000000070ec00000, 0x000000070ee00000| Untracked 
| 119|0x000000070ee00000, 0x000000070f000000, 0x000000070f000000|100%| O|  |TAMS 0x000000070ee00000, 0x000000070f000000| Untracked 
| 120|0x000000070f000000, 0x000000070f200000, 0x000000070f200000|100%| O|  |TAMS 0x000000070f000000, 0x000000070f200000| Untracked 
| 121|0x000000070f200000, 0x000000070f400000, 0x000000070f400000|100%| O|  |TAMS 0x000000070f200000, 0x000000070f400000| Untracked 
| 122|0x000000070f400000, 0x000000070f600000, 0x000000070f600000|100%| O|  |TAMS 0x000000070f400000, 0x000000070f600000| Untracked 
| 123|0x000000070f600000, 0x000000070f800000, 0x000000070f800000|100%| O|  |TAMS 0x000000070f600000, 0x000000070f800000| Untracked 
| 124|0x000000070f800000, 0x000000070fa00000, 0x000000070fa00000|100%| O|  |TAMS 0x000000070f800000, 0x000000070fa00000| Untracked 
| 125|0x000000070fa00000, 0x000000070fc00000, 0x000000070fc00000|100%| O|  |TAMS 0x000000070fa00000, 0x000000070fc00000| Untracked 
| 126|0x000000070fc00000, 0x000000070fe00000, 0x000000070fe00000|100%| O|  |TAMS 0x000000070fc00000, 0x000000070fe00000| Untracked 
| 127|0x000000070fe00000, 0x0000000710000000, 0x0000000710000000|100%| O|  |TAMS 0x000000070fe00000, 0x0000000710000000| Untracked 
| 128|0x0000000710000000, 0x0000000710200000, 0x0000000710200000|100%| O|  |TAMS 0x0000000710000000, 0x0000000710200000| Untracked 
| 129|0x0000000710200000, 0x0000000710400000, 0x0000000710400000|100%| O|  |TAMS 0x0000000710200000, 0x0000000710400000| Untracked 
| 130|0x0000000710400000, 0x0000000710600000, 0x0000000710600000|100%| O|  |TAMS 0x0000000710400000, 0x0000000710600000| Untracked 
| 131|0x0000000710600000, 0x0000000710800000, 0x0000000710800000|100%| O|  |TAMS 0x0000000710600000, 0x0000000710800000| Untracked 
| 132|0x0000000710800000, 0x0000000710a00000, 0x0000000710a00000|100%| O|  |TAMS 0x0000000710800000, 0x0000000710a00000| Untracked 
| 133|0x0000000710a00000, 0x0000000710c00000, 0x0000000710c00000|100%| O|  |TAMS 0x0000000710a00000, 0x0000000710c00000| Untracked 
| 134|0x0000000710c00000, 0x0000000710e00000, 0x0000000710e00000|100%| O|  |TAMS 0x0000000710c00000, 0x0000000710e00000| Untracked 
| 135|0x0000000710e00000, 0x0000000711000000, 0x0000000711000000|100%| O|  |TAMS 0x0000000710e00000, 0x0000000711000000| Untracked 
| 136|0x0000000711000000, 0x0000000711200000, 0x0000000711200000|100%| O|  |TAMS 0x0000000711000000, 0x0000000711200000| Untracked 
| 137|0x0000000711200000, 0x0000000711400000, 0x0000000711400000|100%| O|  |TAMS 0x0000000711200000, 0x0000000711400000| Untracked 
| 138|0x0000000711400000, 0x0000000711600000, 0x0000000711600000|100%| O|  |TAMS 0x0000000711400000, 0x0000000711600000| Untracked 
| 139|0x0000000711600000, 0x0000000711800000, 0x0000000711800000|100%| O|  |TAMS 0x0000000711600000, 0x0000000711800000| Untracked 
| 140|0x0000000711800000, 0x0000000711a00000, 0x0000000711a00000|100%| O|  |TAMS 0x0000000711800000, 0x0000000711a00000| Untracked 
| 141|0x0000000711a00000, 0x0000000711c00000, 0x0000000711c00000|100%| O|  |TAMS 0x0000000711a00000, 0x0000000711c00000| Untracked 
| 142|0x0000000711c00000, 0x0000000711e00000, 0x0000000711e00000|100%| O|  |TAMS 0x0000000711c00000, 0x0000000711e00000| Untracked 
| 143|0x0000000711e00000, 0x0000000712000000, 0x0000000712000000|100%| O|  |TAMS 0x0000000711e00000, 0x0000000712000000| Untracked 
| 144|0x0000000712000000, 0x0000000712200000, 0x0000000712200000|100%| O|  |TAMS 0x0000000712000000, 0x0000000712200000| Untracked 
| 145|0x0000000712200000, 0x0000000712400000, 0x0000000712400000|100%|HS|  |TAMS 0x0000000712200000, 0x0000000712400000| Complete 
| 146|0x0000000712400000, 0x0000000712600000, 0x0000000712600000|100%| O|  |TAMS 0x0000000712400000, 0x0000000712600000| Untracked 
| 147|0x0000000712600000, 0x0000000712800000, 0x0000000712800000|100%| O|  |TAMS 0x0000000712600000, 0x0000000712800000| Untracked 
| 148|0x0000000712800000, 0x0000000712a00000, 0x0000000712a00000|100%| O|  |TAMS 0x0000000712800000, 0x0000000712a00000| Untracked 
| 149|0x0000000712a00000, 0x0000000712c00000, 0x0000000712c00000|100%| O|  |TAMS 0x0000000712a00000, 0x0000000712c00000| Untracked 
| 150|0x0000000712c00000, 0x0000000712e00000, 0x0000000712e00000|100%| O|  |TAMS 0x0000000712c00000, 0x0000000712e00000| Untracked 
| 151|0x0000000712e00000, 0x0000000713000000, 0x0000000713000000|100%| O|  |TAMS 0x0000000712e00000, 0x0000000713000000| Untracked 
| 152|0x0000000713000000, 0x0000000713200000, 0x0000000713200000|100%| O|  |TAMS 0x0000000713000000, 0x0000000713200000| Untracked 
| 153|0x0000000713200000, 0x0000000713400000, 0x0000000713400000|100%| O|  |TAMS 0x0000000713200000, 0x0000000713400000| Untracked 
| 154|0x0000000713400000, 0x0000000713600000, 0x0000000713600000|100%| O|  |TAMS 0x0000000713400000, 0x0000000713600000| Untracked 
| 155|0x0000000713600000, 0x0000000713800000, 0x0000000713800000|100%| O|  |TAMS 0x0000000713600000, 0x0000000713800000| Untracked 
| 156|0x0000000713800000, 0x0000000713a00000, 0x0000000713a00000|100%| O|  |TAMS 0x0000000713800000, 0x0000000713a00000| Untracked 
| 157|0x0000000713a00000, 0x0000000713c00000, 0x0000000713c00000|100%| O|  |TAMS 0x0000000713a00000, 0x0000000713c00000| Untracked 
| 158|0x0000000713c00000, 0x0000000713e00000, 0x0000000713e00000|100%| O|  |TAMS 0x0000000713c00000, 0x0000000713e00000| Untracked 
| 159|0x0000000713e00000, 0x0000000714000000, 0x0000000714000000|100%| O|  |TAMS 0x0000000713e00000, 0x0000000714000000| Untracked 
| 160|0x0000000714000000, 0x0000000714200000, 0x0000000714200000|100%| O|  |TAMS 0x0000000714000000, 0x0000000714200000| Untracked 
| 161|0x0000000714200000, 0x0000000714400000, 0x0000000714400000|100%| O|  |TAMS 0x0000000714200000, 0x0000000714400000| Untracked 
| 162|0x0000000714400000, 0x0000000714600000, 0x0000000714600000|100%| O|  |TAMS 0x0000000714400000, 0x0000000714600000| Untracked 
| 163|0x0000000714600000, 0x0000000714800000, 0x0000000714800000|100%| O|  |TAMS 0x0000000714600000, 0x0000000714800000| Untracked 
| 164|0x0000000714800000, 0x0000000714a00000, 0x0000000714a00000|100%| O|  |TAMS 0x0000000714800000, 0x0000000714a00000| Untracked 
| 165|0x0000000714a00000, 0x0000000714c00000, 0x0000000714c00000|100%| O|  |TAMS 0x0000000714a00000, 0x0000000714c00000| Untracked 
| 166|0x0000000714c00000, 0x0000000714e00000, 0x0000000714e00000|100%| O|  |TAMS 0x0000000714c00000, 0x0000000714e00000| Untracked 
| 167|0x0000000714e00000, 0x0000000715000000, 0x0000000715000000|100%| O|  |TAMS 0x0000000714e00000, 0x0000000715000000| Untracked 
| 168|0x0000000715000000, 0x0000000715200000, 0x0000000715200000|100%| O|  |TAMS 0x0000000715000000, 0x0000000715200000| Untracked 
| 169|0x0000000715200000, 0x0000000715400000, 0x0000000715400000|100%| O|  |TAMS 0x0000000715200000, 0x0000000715400000| Untracked 
| 170|0x0000000715400000, 0x0000000715600000, 0x0000000715600000|100%| O|  |TAMS 0x0000000715400000, 0x0000000715600000| Untracked 
| 171|0x0000000715600000, 0x0000000715800000, 0x0000000715800000|100%| O|  |TAMS 0x0000000715600000, 0x0000000715800000| Untracked 
| 172|0x0000000715800000, 0x0000000715a00000, 0x0000000715a00000|100%| O|  |TAMS 0x0000000715800000, 0x0000000715a00000| Untracked 
| 173|0x0000000715a00000, 0x0000000715c00000, 0x0000000715c00000|100%| O|  |TAMS 0x0000000715a00000, 0x0000000715c00000| Untracked 
| 174|0x0000000715c00000, 0x0000000715e00000, 0x0000000715e00000|100%|HS|  |TAMS 0x0000000715c00000, 0x0000000715e00000| Complete 
| 175|0x0000000715e00000, 0x0000000716000000, 0x0000000716000000|100%| O|  |TAMS 0x0000000715e00000, 0x0000000716000000| Untracked 
| 176|0x0000000716000000, 0x0000000716200000, 0x0000000716200000|100%| O|  |TAMS 0x0000000716000000, 0x0000000716200000| Untracked 
| 177|0x0000000716200000, 0x0000000716400000, 0x0000000716400000|100%| O|  |TAMS 0x0000000716200000, 0x0000000716400000| Untracked 
| 178|0x0000000716400000, 0x0000000716600000, 0x0000000716600000|100%| O|  |TAMS 0x0000000716400000, 0x0000000716600000| Untracked 
| 179|0x0000000716600000, 0x0000000716800000, 0x0000000716800000|100%| O|  |TAMS 0x0000000716600000, 0x0000000716800000| Untracked 
| 180|0x0000000716800000, 0x0000000716a00000, 0x0000000716a00000|100%| O|  |TAMS 0x0000000716800000, 0x0000000716a00000| Untracked 
| 181|0x0000000716a00000, 0x0000000716c00000, 0x0000000716c00000|100%| O|  |TAMS 0x0000000716a00000, 0x0000000716c00000| Untracked 
| 182|0x0000000716c00000, 0x0000000716e00000, 0x0000000716e00000|100%| O|  |TAMS 0x0000000716c00000, 0x0000000716e00000| Untracked 
| 183|0x0000000716e00000, 0x0000000717000000, 0x0000000717000000|100%| O|  |TAMS 0x0000000716e00000, 0x0000000717000000| Untracked 
| 184|0x0000000717000000, 0x0000000717200000, 0x0000000717200000|100%| O|  |TAMS 0x0000000717000000, 0x0000000717200000| Untracked 
| 185|0x0000000717200000, 0x0000000717400000, 0x0000000717400000|100%| O|  |TAMS 0x0000000717200000, 0x0000000717400000| Untracked 
| 186|0x0000000717400000, 0x0000000717600000, 0x0000000717600000|100%| O|  |TAMS 0x0000000717400000, 0x0000000717600000| Untracked 
| 187|0x0000000717600000, 0x0000000717800000, 0x0000000717800000|100%| O|  |TAMS 0x0000000717600000, 0x0000000717800000| Untracked 
| 188|0x0000000717800000, 0x0000000717a00000, 0x0000000717a00000|100%| O|  |TAMS 0x0000000717800000, 0x0000000717a00000| Untracked 
| 189|0x0000000717a00000, 0x0000000717c00000, 0x0000000717c00000|100%| O|  |TAMS 0x0000000717a00000, 0x0000000717c00000| Untracked 
| 190|0x0000000717c00000, 0x0000000717e00000, 0x0000000717e00000|100%| O|  |TAMS 0x0000000717c00000, 0x0000000717e00000| Untracked 
| 191|0x0000000717e00000, 0x0000000718000000, 0x0000000718000000|100%| O|  |TAMS 0x0000000717e00000, 0x0000000718000000| Untracked 
| 192|0x0000000718000000, 0x0000000718200000, 0x0000000718200000|100%| O|  |TAMS 0x0000000718000000, 0x0000000718200000| Untracked 
| 193|0x0000000718200000, 0x0000000718400000, 0x0000000718400000|100%| O|  |TAMS 0x0000000718200000, 0x0000000718400000| Untracked 
| 194|0x0000000718400000, 0x0000000718600000, 0x0000000718600000|100%| O|  |TAMS 0x0000000718400000, 0x0000000718600000| Untracked 
| 195|0x0000000718600000, 0x0000000718800000, 0x0000000718800000|100%| O|  |TAMS 0x0000000718600000, 0x0000000718800000| Untracked 
| 196|0x0000000718800000, 0x0000000718a00000, 0x0000000718a00000|100%| O|  |TAMS 0x0000000718800000, 0x0000000718a00000| Untracked 
| 197|0x0000000718a00000, 0x0000000718c00000, 0x0000000718c00000|100%| O|  |TAMS 0x0000000718a00000, 0x0000000718c00000| Untracked 
| 198|0x0000000718c00000, 0x0000000718e00000, 0x0000000718e00000|100%| O|  |TAMS 0x0000000718c00000, 0x0000000718e00000| Untracked 
| 199|0x0000000718e00000, 0x0000000719000000, 0x0000000719000000|100%| O|  |TAMS 0x0000000718e00000, 0x0000000719000000| Untracked 
| 200|0x0000000719000000, 0x0000000719200000, 0x0000000719200000|100%| O|  |TAMS 0x0000000719000000, 0x0000000719200000| Untracked 
| 201|0x0000000719200000, 0x0000000719400000, 0x0000000719400000|100%| O|  |TAMS 0x0000000719200000, 0x0000000719400000| Untracked 
| 202|0x0000000719400000, 0x0000000719600000, 0x0000000719600000|100%| O|  |TAMS 0x0000000719400000, 0x0000000719600000| Untracked 
| 203|0x0000000719600000, 0x0000000719800000, 0x0000000719800000|100%| O|  |TAMS 0x0000000719600000, 0x0000000719800000| Untracked 
| 204|0x0000000719800000, 0x0000000719a00000, 0x0000000719a00000|100%| O|  |TAMS 0x0000000719800000, 0x0000000719a00000| Untracked 
| 205|0x0000000719a00000, 0x0000000719c00000, 0x0000000719c00000|100%| O|  |TAMS 0x0000000719a00000, 0x0000000719c00000| Untracked 
| 206|0x0000000719c00000, 0x0000000719e00000, 0x0000000719e00000|100%| O|  |TAMS 0x0000000719c00000, 0x0000000719e00000| Untracked 
| 207|0x0000000719e00000, 0x000000071a000000, 0x000000071a000000|100%| O|  |TAMS 0x0000000719e00000, 0x000000071a000000| Untracked 
| 208|0x000000071a000000, 0x000000071a200000, 0x000000071a200000|100%| O|  |TAMS 0x000000071a000000, 0x000000071a200000| Untracked 
| 209|0x000000071a200000, 0x000000071a400000, 0x000000071a400000|100%| O|  |TAMS 0x000000071a200000, 0x000000071a400000| Untracked 
| 210|0x000000071a400000, 0x000000071a600000, 0x000000071a600000|100%| O|  |TAMS 0x000000071a400000, 0x000000071a600000| Untracked 
| 211|0x000000071a600000, 0x000000071a800000, 0x000000071a800000|100%| O|  |TAMS 0x000000071a600000, 0x000000071a800000| Untracked 
| 212|0x000000071a800000, 0x000000071aa00000, 0x000000071aa00000|100%| O|  |TAMS 0x000000071a800000, 0x000000071aa00000| Untracked 
| 213|0x000000071aa00000, 0x000000071ac00000, 0x000000071ac00000|100%| O|  |TAMS 0x000000071aa00000, 0x000000071ac00000| Untracked 
| 214|0x000000071ac00000, 0x000000071ae00000, 0x000000071ae00000|100%| O|  |TAMS 0x000000071ac00000, 0x000000071ae00000| Untracked 
| 215|0x000000071ae00000, 0x000000071b000000, 0x000000071b000000|100%| O|  |TAMS 0x000000071ae00000, 0x000000071b000000| Untracked 
| 216|0x000000071b000000, 0x000000071b200000, 0x000000071b200000|100%| O|  |TAMS 0x000000071b000000, 0x000000071b200000| Untracked 
| 217|0x000000071b200000, 0x000000071b400000, 0x000000071b400000|100%| O|  |TAMS 0x000000071b200000, 0x000000071b400000| Untracked 
| 218|0x000000071b400000, 0x000000071b600000, 0x000000071b600000|100%| O|  |TAMS 0x000000071b400000, 0x000000071b600000| Untracked 
| 219|0x000000071b600000, 0x000000071b800000, 0x000000071b800000|100%| O|  |TAMS 0x000000071b600000, 0x000000071b800000| Untracked 
| 220|0x000000071b800000, 0x000000071ba00000, 0x000000071ba00000|100%| O|  |TAMS 0x000000071b800000, 0x000000071ba00000| Untracked 
| 221|0x000000071ba00000, 0x000000071bc00000, 0x000000071bc00000|100%| O|  |TAMS 0x000000071ba00000, 0x000000071bc00000| Untracked 
| 222|0x000000071bc00000, 0x000000071be00000, 0x000000071be00000|100%|HS|  |TAMS 0x000000071bc00000, 0x000000071be00000| Complete 
| 223|0x000000071be00000, 0x000000071c000000, 0x000000071c000000|100%| O|  |TAMS 0x000000071be00000, 0x000000071c000000| Untracked 
| 224|0x000000071c000000, 0x000000071c200000, 0x000000071c200000|100%| O|  |TAMS 0x000000071c000000, 0x000000071c200000| Untracked 
| 225|0x000000071c200000, 0x000000071c400000, 0x000000071c400000|100%| O|  |TAMS 0x000000071c200000, 0x000000071c400000| Untracked 
| 226|0x000000071c400000, 0x000000071c600000, 0x000000071c600000|100%| O|  |TAMS 0x000000071c400000, 0x000000071c4f5200| Untracked 
| 227|0x000000071c600000, 0x000000071c800000, 0x000000071c800000|100%|HS|  |TAMS 0x000000071c600000, 0x000000071c800000| Complete 
| 228|0x000000071c800000, 0x000000071ca00000, 0x000000071ca00000|100%|HC|  |TAMS 0x000000071c800000, 0x000000071ca00000| Complete 
| 229|0x000000071ca00000, 0x000000071cc00000, 0x000000071cc00000|100%|HS|  |TAMS 0x000000071ca00000, 0x000000071cc00000| Complete 
| 230|0x000000071cc00000, 0x000000071ce00000, 0x000000071ce00000|100%|HC|  |TAMS 0x000000071cc00000, 0x000000071ce00000| Complete 
| 231|0x000000071ce00000, 0x000000071d000000, 0x000000071d000000|100%|HS|  |TAMS 0x000000071ce00000, 0x000000071d000000| Complete 
| 232|0x000000071d000000, 0x000000071d200000, 0x000000071d200000|100%|HS|  |TAMS 0x000000071d000000, 0x000000071d200000| Complete 
| 233|0x000000071d200000, 0x000000071d400000, 0x000000071d400000|100%|HS|  |TAMS 0x000000071d200000, 0x000000071d400000| Complete 
| 234|0x000000071d400000, 0x000000071d600000, 0x000000071d600000|100%|HC|  |TAMS 0x000000071d400000, 0x000000071d600000| Complete 
| 235|0x000000071d600000, 0x000000071d800000, 0x000000071d800000|100%|HS|  |TAMS 0x000000071d600000, 0x000000071d800000| Complete 
| 236|0x000000071d800000, 0x000000071da00000, 0x000000071da00000|100%|HC|  |TAMS 0x000000071d800000, 0x000000071da00000| Complete 
| 237|0x000000071da00000, 0x000000071dc00000, 0x000000071dc00000|100%| O|  |TAMS 0x000000071da00000, 0x000000071da00000| Untracked 
| 238|0x000000071dc00000, 0x000000071de00000, 0x000000071de00000|100%| O|  |TAMS 0x000000071dc00000, 0x000000071dc00000| Untracked 
| 239|0x000000071de00000, 0x000000071e000000, 0x000000071e000000|100%| O|  |TAMS 0x000000071de00000, 0x000000071de00000| Untracked 
| 240|0x000000071e000000, 0x000000071e200000, 0x000000071e200000|100%|HS|  |TAMS 0x000000071e000000, 0x000000071e200000| Complete 
| 241|0x000000071e200000, 0x000000071e400000, 0x000000071e400000|100%|HC|  |TAMS 0x000000071e200000, 0x000000071e400000| Complete 
| 242|0x000000071e400000, 0x000000071e600000, 0x000000071e600000|100%|HS|  |TAMS 0x000000071e400000, 0x000000071e400000| Complete 
| 243|0x000000071e600000, 0x000000071e800000, 0x000000071e800000|100%|HS|  |TAMS 0x000000071e600000, 0x000000071e800000| Complete 
| 244|0x000000071e800000, 0x000000071ea00000, 0x000000071ea00000|100%|HS|  |TAMS 0x000000071e800000, 0x000000071e800000| Complete 
| 245|0x000000071ea00000, 0x000000071ec00000, 0x000000071ec00000|100%|HC|  |TAMS 0x000000071ea00000, 0x000000071ea00000| Complete 
| 246|0x000000071ec00000, 0x000000071ee00000, 0x000000071ee00000|100%|HS|  |TAMS 0x000000071ec00000, 0x000000071ec00000| Complete 
| 247|0x000000071ee00000, 0x000000071f000000, 0x000000071f000000|100%|HS|  |TAMS 0x000000071ee00000, 0x000000071f000000| Complete 
| 248|0x000000071f000000, 0x000000071f200000, 0x000000071f200000|100%|HC|  |TAMS 0x000000071f000000, 0x000000071f200000| Complete 
| 249|0x000000071f200000, 0x000000071f400000, 0x000000071f400000|100%| O|  |TAMS 0x000000071f200000, 0x000000071f200000| Untracked 
| 250|0x000000071f400000, 0x000000071f600000, 0x000000071f600000|100%|HS|  |TAMS 0x000000071f400000, 0x000000071f600000| Complete 
| 251|0x000000071f600000, 0x000000071f800000, 0x000000071f800000|100%| O|  |TAMS 0x000000071f600000, 0x000000071f600000| Untracked 
| 252|0x000000071f800000, 0x000000071fa00000, 0x000000071fa00000|100%|HS|  |TAMS 0x000000071f800000, 0x000000071fa00000| Complete 
| 253|0x000000071fa00000, 0x000000071fc00000, 0x000000071fc00000|100%| O|  |TAMS 0x000000071fa00000, 0x000000071fa00000| Untracked 
| 254|0x000000071fc00000, 0x000000071fe00000, 0x000000071fe00000|100%| O|  |TAMS 0x000000071fc00000, 0x000000071fc00000| Untracked 
| 255|0x000000071fe00000, 0x0000000720000000, 0x0000000720000000|100%| O|  |TAMS 0x000000071fe00000, 0x000000071fe00000| Untracked 
| 256|0x0000000720000000, 0x0000000720200000, 0x0000000720200000|100%|HS|  |TAMS 0x0000000720000000, 0x0000000720200000| Complete 
| 257|0x0000000720200000, 0x0000000720400000, 0x0000000720400000|100%|HC|  |TAMS 0x0000000720200000, 0x0000000720400000| Complete 
| 258|0x0000000720400000, 0x0000000720600000, 0x0000000720600000|100%| O|  |TAMS 0x0000000720400000, 0x0000000720400000| Untracked 
| 259|0x0000000720600000, 0x0000000720800000, 0x0000000720800000|100%| O|  |TAMS 0x0000000720600000, 0x0000000720600000| Untracked 
| 260|0x0000000720800000, 0x0000000720a00000, 0x0000000720a00000|100%| O|  |TAMS 0x0000000720800000, 0x0000000720800000| Untracked 
| 261|0x0000000720a00000, 0x0000000720c00000, 0x0000000720c00000|100%| O|  |TAMS 0x0000000720a00000, 0x0000000720a00000| Untracked 
| 262|0x0000000720c00000, 0x0000000720e00000, 0x0000000720e00000|100%| O|  |TAMS 0x0000000720c00000, 0x0000000720c00000| Untracked 
| 263|0x0000000720e00000, 0x0000000721000000, 0x0000000721000000|100%| O|  |TAMS 0x0000000720e00000, 0x0000000720e00000| Untracked 
| 264|0x0000000721000000, 0x0000000721200000, 0x0000000721200000|100%| O|  |TAMS 0x0000000721000000, 0x0000000721000000| Untracked 
| 265|0x0000000721200000, 0x0000000721400000, 0x0000000721400000|100%| O|  |TAMS 0x0000000721200000, 0x0000000721200000| Untracked 
| 266|0x0000000721400000, 0x0000000721600000, 0x0000000721600000|100%| O|  |TAMS 0x0000000721400000, 0x0000000721400000| Untracked 
| 267|0x0000000721600000, 0x0000000721800000, 0x0000000721800000|100%| O|  |TAMS 0x0000000721600000, 0x0000000721600000| Untracked 
| 268|0x0000000721800000, 0x0000000721a00000, 0x0000000721a00000|100%| O|  |TAMS 0x0000000721800000, 0x0000000721800000| Untracked 
| 269|0x0000000721a00000, 0x0000000721c00000, 0x0000000721c00000|100%| O|  |TAMS 0x0000000721a00000, 0x0000000721a00000| Untracked 
| 270|0x0000000721c00000, 0x0000000721e00000, 0x0000000721e00000|100%| O|  |TAMS 0x0000000721c00000, 0x0000000721c00000| Untracked 
| 271|0x0000000721e00000, 0x0000000722000000, 0x0000000722000000|100%| O|  |TAMS 0x0000000721e00000, 0x0000000721e00000| Untracked 
| 272|0x0000000722000000, 0x0000000722200000, 0x0000000722200000|100%| O|  |TAMS 0x0000000722000000, 0x0000000722000000| Untracked 
| 273|0x0000000722200000, 0x0000000722400000, 0x0000000722400000|100%| O|  |TAMS 0x0000000722200000, 0x0000000722200000| Untracked 
| 274|0x0000000722400000, 0x0000000722600000, 0x0000000722600000|100%| O|  |TAMS 0x0000000722400000, 0x0000000722400000| Untracked 
| 275|0x0000000722600000, 0x0000000722800000, 0x0000000722800000|100%| O|  |TAMS 0x0000000722600000, 0x0000000722600000| Untracked 
| 276|0x0000000722800000, 0x0000000722a00000, 0x0000000722a00000|100%| O|  |TAMS 0x0000000722800000, 0x0000000722800000| Untracked 
| 277|0x0000000722a00000, 0x0000000722c00000, 0x0000000722c00000|100%| O|  |TAMS 0x0000000722a00000, 0x0000000722a00000| Untracked 
| 278|0x0000000722c00000, 0x0000000722e00000, 0x0000000722e00000|100%| O|  |TAMS 0x0000000722c00000, 0x0000000722c00000| Untracked 
| 279|0x0000000722e00000, 0x0000000723000000, 0x0000000723000000|100%| O|  |TAMS 0x0000000722e00000, 0x0000000722e00000| Untracked 
| 280|0x0000000723000000, 0x0000000723200000, 0x0000000723200000|100%| O|  |TAMS 0x0000000723000000, 0x0000000723000000| Untracked 
| 281|0x0000000723200000, 0x0000000723400000, 0x0000000723400000|100%| O|  |TAMS 0x0000000723200000, 0x0000000723200000| Untracked 
| 282|0x0000000723400000, 0x0000000723600000, 0x0000000723600000|100%| O|  |TAMS 0x0000000723400000, 0x0000000723400000| Untracked 
| 283|0x0000000723600000, 0x0000000723800000, 0x0000000723800000|100%| O|  |TAMS 0x0000000723600000, 0x0000000723600000| Untracked 
| 284|0x0000000723800000, 0x0000000723a00000, 0x0000000723a00000|100%| O|  |TAMS 0x0000000723800000, 0x0000000723800000| Untracked 
| 285|0x0000000723a00000, 0x0000000723c00000, 0x0000000723c00000|100%| O|  |TAMS 0x0000000723a00000, 0x0000000723a00000| Untracked 
| 286|0x0000000723c00000, 0x0000000723e00000, 0x0000000723e00000|100%| O|  |TAMS 0x0000000723c00000, 0x0000000723c00000| Untracked 
| 287|0x0000000723e00000, 0x0000000724000000, 0x0000000724000000|100%| O|  |TAMS 0x0000000723e00000, 0x0000000723e00000| Untracked 
| 288|0x0000000724000000, 0x0000000724200000, 0x0000000724200000|100%| O|  |TAMS 0x0000000724000000, 0x0000000724000000| Untracked 
| 289|0x0000000724200000, 0x0000000724400000, 0x0000000724400000|100%| O|  |TAMS 0x0000000724200000, 0x0000000724200000| Untracked 
| 290|0x0000000724400000, 0x0000000724600000, 0x0000000724600000|100%| O|  |TAMS 0x0000000724400000, 0x0000000724400000| Untracked 
| 291|0x0000000724600000, 0x0000000724800000, 0x0000000724800000|100%| O|  |TAMS 0x0000000724600000, 0x0000000724600000| Untracked 
| 292|0x0000000724800000, 0x0000000724a00000, 0x0000000724a00000|100%| O|  |TAMS 0x0000000724800000, 0x0000000724800000| Untracked 
| 293|0x0000000724a00000, 0x0000000724c00000, 0x0000000724c00000|100%| O|  |TAMS 0x0000000724a00000, 0x0000000724a00000| Untracked 
| 294|0x0000000724c00000, 0x0000000724e00000, 0x0000000724e00000|100%| O|  |TAMS 0x0000000724c00000, 0x0000000724c00000| Untracked 
| 295|0x0000000724e00000, 0x0000000725000000, 0x0000000725000000|100%| O|  |TAMS 0x0000000724e00000, 0x0000000724e00000| Untracked 
| 296|0x0000000725000000, 0x0000000725200000, 0x0000000725200000|100%| O|  |TAMS 0x0000000725000000, 0x0000000725000000| Untracked 
| 297|0x0000000725200000, 0x0000000725400000, 0x0000000725400000|100%| O|  |TAMS 0x0000000725200000, 0x0000000725200000| Untracked 
| 298|0x0000000725400000, 0x0000000725600000, 0x0000000725600000|100%| O|  |TAMS 0x0000000725400000, 0x0000000725400000| Untracked 
| 299|0x0000000725600000, 0x0000000725800000, 0x0000000725800000|100%| O|  |TAMS 0x0000000725600000, 0x0000000725600000| Untracked 
| 300|0x0000000725800000, 0x0000000725a00000, 0x0000000725a00000|100%| O|  |TAMS 0x0000000725800000, 0x0000000725800000| Untracked 
| 301|0x0000000725a00000, 0x0000000725c00000, 0x0000000725c00000|100%| O|  |TAMS 0x0000000725a00000, 0x0000000725a00000| Untracked 
| 302|0x0000000725c00000, 0x0000000725e00000, 0x0000000725e00000|100%| O|  |TAMS 0x0000000725c00000, 0x0000000725c00000| Untracked 
| 303|0x0000000725e00000, 0x0000000726000000, 0x0000000726000000|100%| O|  |TAMS 0x0000000725e00000, 0x0000000725e00000| Untracked 
| 304|0x0000000726000000, 0x0000000726200000, 0x0000000726200000|100%| O|  |TAMS 0x0000000726000000, 0x0000000726000000| Untracked 
| 305|0x0000000726200000, 0x0000000726400000, 0x0000000726400000|100%| O|  |TAMS 0x0000000726200000, 0x0000000726200000| Untracked 
| 306|0x0000000726400000, 0x0000000726600000, 0x0000000726600000|100%| O|  |TAMS 0x0000000726400000, 0x0000000726400000| Untracked 
| 307|0x0000000726600000, 0x0000000726800000, 0x0000000726800000|100%| O|  |TAMS 0x0000000726600000, 0x0000000726600000| Untracked 
| 308|0x0000000726800000, 0x0000000726a00000, 0x0000000726a00000|100%| O|  |TAMS 0x0000000726800000, 0x0000000726800000| Untracked 
| 309|0x0000000726a00000, 0x0000000726c00000, 0x0000000726c00000|100%| O|  |TAMS 0x0000000726a00000, 0x0000000726a00000| Untracked 
| 310|0x0000000726c00000, 0x0000000726e00000, 0x0000000726e00000|100%| O|  |TAMS 0x0000000726c00000, 0x0000000726c00000| Untracked 
| 311|0x0000000726e00000, 0x0000000727000000, 0x0000000727000000|100%| O|  |TAMS 0x0000000726e00000, 0x0000000726e00000| Untracked 
| 312|0x0000000727000000, 0x0000000727200000, 0x0000000727200000|100%| O|  |TAMS 0x0000000727000000, 0x0000000727000000| Untracked 
| 313|0x0000000727200000, 0x0000000727400000, 0x0000000727400000|100%| O|  |TAMS 0x0000000727200000, 0x0000000727200000| Untracked 
| 314|0x0000000727400000, 0x0000000727500000, 0x0000000727600000| 50%| O|  |TAMS 0x0000000727400000, 0x0000000727400000| Untracked 
| 315|0x0000000727600000, 0x0000000727600000, 0x0000000727800000|  0%| F|  |TAMS 0x0000000727600000, 0x0000000727600000| Untracked 
| 316|0x0000000727800000, 0x0000000727800000, 0x0000000727a00000|  0%| F|  |TAMS 0x0000000727800000, 0x0000000727800000| Untracked 
| 317|0x0000000727a00000, 0x0000000727a00000, 0x0000000727c00000|  0%| F|  |TAMS 0x0000000727a00000, 0x0000000727a00000| Untracked 
| 318|0x0000000727c00000, 0x0000000727c00000, 0x0000000727e00000|  0%| F|  |TAMS 0x0000000727c00000, 0x0000000727c00000| Untracked 
| 319|0x0000000727e00000, 0x0000000727e00000, 0x0000000728000000|  0%| F|  |TAMS 0x0000000727e00000, 0x0000000727e00000| Untracked 
| 320|0x0000000728000000, 0x0000000728000000, 0x0000000728200000|  0%| F|  |TAMS 0x0000000728000000, 0x0000000728000000| Untracked 
| 321|0x0000000728200000, 0x0000000728200000, 0x0000000728400000|  0%| F|  |TAMS 0x0000000728200000, 0x0000000728200000| Untracked 
| 322|0x0000000728400000, 0x0000000728400000, 0x0000000728600000|  0%| F|  |TAMS 0x0000000728400000, 0x0000000728400000| Untracked 
| 323|0x0000000728600000, 0x0000000728600000, 0x0000000728800000|  0%| F|  |TAMS 0x0000000728600000, 0x0000000728600000| Untracked 
| 324|0x0000000728800000, 0x0000000728800000, 0x0000000728a00000|  0%| F|  |TAMS 0x0000000728800000, 0x0000000728800000| Untracked 
| 325|0x0000000728a00000, 0x0000000728a00000, 0x0000000728c00000|  0%| F|  |TAMS 0x0000000728a00000, 0x0000000728a00000| Untracked 
| 326|0x0000000728c00000, 0x0000000728c00000, 0x0000000728e00000|  0%| F|  |TAMS 0x0000000728c00000, 0x0000000728c00000| Untracked 
| 327|0x0000000728e00000, 0x0000000728e00000, 0x0000000729000000|  0%| F|  |TAMS 0x0000000728e00000, 0x0000000728e00000| Untracked 
| 328|0x0000000729000000, 0x0000000729000000, 0x0000000729200000|  0%| F|  |TAMS 0x0000000729000000, 0x0000000729000000| Untracked 
| 329|0x0000000729200000, 0x0000000729200000, 0x0000000729400000|  0%| F|  |TAMS 0x0000000729200000, 0x0000000729200000| Untracked 
| 330|0x0000000729400000, 0x0000000729400000, 0x0000000729600000|  0%| F|  |TAMS 0x0000000729400000, 0x0000000729400000| Untracked 
| 331|0x0000000729600000, 0x0000000729600000, 0x0000000729800000|  0%| F|  |TAMS 0x0000000729600000, 0x0000000729600000| Untracked 
| 332|0x0000000729800000, 0x0000000729800000, 0x0000000729a00000|  0%| F|  |TAMS 0x0000000729800000, 0x0000000729800000| Untracked 
| 333|0x0000000729a00000, 0x0000000729a00000, 0x0000000729c00000|  0%| F|  |TAMS 0x0000000729a00000, 0x0000000729a00000| Untracked 
| 334|0x0000000729c00000, 0x0000000729c00000, 0x0000000729e00000|  0%| F|  |TAMS 0x0000000729c00000, 0x0000000729c00000| Untracked 
| 335|0x0000000729e00000, 0x0000000729e00000, 0x000000072a000000|  0%| F|  |TAMS 0x0000000729e00000, 0x0000000729e00000| Untracked 
| 336|0x000000072a000000, 0x000000072a000000, 0x000000072a200000|  0%| F|  |TAMS 0x000000072a000000, 0x000000072a000000| Untracked 
| 337|0x000000072a200000, 0x000000072a200000, 0x000000072a400000|  0%| F|  |TAMS 0x000000072a200000, 0x000000072a200000| Untracked 
| 338|0x000000072a400000, 0x000000072a400000, 0x000000072a600000|  0%| F|  |TAMS 0x000000072a400000, 0x000000072a400000| Untracked 
| 339|0x000000072a600000, 0x000000072a600000, 0x000000072a800000|  0%| F|  |TAMS 0x000000072a600000, 0x000000072a600000| Untracked 
| 340|0x000000072a800000, 0x000000072a800000, 0x000000072aa00000|  0%| F|  |TAMS 0x000000072a800000, 0x000000072a800000| Untracked 
| 341|0x000000072aa00000, 0x000000072aa00000, 0x000000072ac00000|  0%| F|  |TAMS 0x000000072aa00000, 0x000000072aa00000| Untracked 
| 342|0x000000072ac00000, 0x000000072ac00000, 0x000000072ae00000|  0%| F|  |TAMS 0x000000072ac00000, 0x000000072ac00000| Untracked 
| 343|0x000000072ae00000, 0x000000072ae00000, 0x000000072b000000|  0%| F|  |TAMS 0x000000072ae00000, 0x000000072ae00000| Untracked 
| 344|0x000000072b000000, 0x000000072b000000, 0x000000072b200000|  0%| F|  |TAMS 0x000000072b000000, 0x000000072b000000| Untracked 
| 345|0x000000072b200000, 0x000000072b200000, 0x000000072b400000|  0%| F|  |TAMS 0x000000072b200000, 0x000000072b200000| Untracked 
| 346|0x000000072b400000, 0x000000072b400000, 0x000000072b600000|  0%| F|  |TAMS 0x000000072b400000, 0x000000072b400000| Untracked 
| 347|0x000000072b600000, 0x000000072b600000, 0x000000072b800000|  0%| F|  |TAMS 0x000000072b600000, 0x000000072b600000| Untracked 
| 348|0x000000072b800000, 0x000000072b800000, 0x000000072ba00000|  0%| F|  |TAMS 0x000000072b800000, 0x000000072b800000| Untracked 
| 349|0x000000072ba00000, 0x000000072ba00000, 0x000000072bc00000|  0%| F|  |TAMS 0x000000072ba00000, 0x000000072ba00000| Untracked 
| 350|0x000000072bc00000, 0x000000072bc00000, 0x000000072be00000|  0%| F|  |TAMS 0x000000072bc00000, 0x000000072bc00000| Untracked 
| 351|0x000000072be00000, 0x000000072be00000, 0x000000072c000000|  0%| F|  |TAMS 0x000000072be00000, 0x000000072be00000| Untracked 
| 352|0x000000072c000000, 0x000000072c000000, 0x000000072c200000|  0%| F|  |TAMS 0x000000072c000000, 0x000000072c000000| Untracked 
| 353|0x000000072c200000, 0x000000072c200000, 0x000000072c400000|  0%| F|  |TAMS 0x000000072c200000, 0x000000072c200000| Untracked 
| 354|0x000000072c400000, 0x000000072c600000, 0x000000072c600000|100%| S|CS|TAMS 0x000000072c400000, 0x000000072c400000| Complete 
| 355|0x000000072c600000, 0x000000072c800000, 0x000000072c800000|100%| S|CS|TAMS 0x000000072c600000, 0x000000072c600000| Complete 
| 356|0x000000072c800000, 0x000000072ca00000, 0x000000072ca00000|100%| S|CS|TAMS 0x000000072c800000, 0x000000072c800000| Complete 
| 357|0x000000072ca00000, 0x000000072ca00000, 0x000000072cc00000|  0%| F|  |TAMS 0x000000072ca00000, 0x000000072ca00000| Untracked 
| 358|0x000000072cc00000, 0x000000072cc00000, 0x000000072ce00000|  0%| F|  |TAMS 0x000000072cc00000, 0x000000072cc00000| Untracked 
| 359|0x000000072ce00000, 0x000000072ce00000, 0x000000072d000000|  0%| F|  |TAMS 0x000000072ce00000, 0x000000072ce00000| Untracked 
| 360|0x000000072d000000, 0x000000072d000000, 0x000000072d200000|  0%| F|  |TAMS 0x000000072d000000, 0x000000072d000000| Untracked 
| 361|0x000000072d200000, 0x000000072d200000, 0x000000072d400000|  0%| F|  |TAMS 0x000000072d200000, 0x000000072d200000| Untracked 
| 362|0x000000072d400000, 0x000000072d400000, 0x000000072d600000|  0%| F|  |TAMS 0x000000072d400000, 0x000000072d400000| Untracked 
| 363|0x000000072d600000, 0x000000072d600000, 0x000000072d800000|  0%| F|  |TAMS 0x000000072d600000, 0x000000072d600000| Untracked 
| 364|0x000000072d800000, 0x000000072d800000, 0x000000072da00000|  0%| F|  |TAMS 0x000000072d800000, 0x000000072d800000| Untracked 
| 365|0x000000072da00000, 0x000000072da00000, 0x000000072dc00000|  0%| F|  |TAMS 0x000000072da00000, 0x000000072da00000| Untracked 
| 366|0x000000072dc00000, 0x000000072dc00000, 0x000000072de00000|  0%| F|  |TAMS 0x000000072dc00000, 0x000000072dc00000| Untracked 
| 367|0x000000072de00000, 0x000000072de00000, 0x000000072e000000|  0%| F|  |TAMS 0x000000072de00000, 0x000000072de00000| Untracked 
| 368|0x000000072e000000, 0x000000072e000000, 0x000000072e200000|  0%| F|  |TAMS 0x000000072e000000, 0x000000072e000000| Untracked 
| 369|0x000000072e200000, 0x000000072e200000, 0x000000072e400000|  0%| F|  |TAMS 0x000000072e200000, 0x000000072e200000| Untracked 
| 370|0x000000072e400000, 0x000000072e400000, 0x000000072e600000|  0%| F|  |TAMS 0x000000072e400000, 0x000000072e400000| Untracked 
| 371|0x000000072e600000, 0x000000072e600000, 0x000000072e800000|  0%| F|  |TAMS 0x000000072e600000, 0x000000072e600000| Untracked 
| 372|0x000000072e800000, 0x000000072e800000, 0x000000072ea00000|  0%| F|  |TAMS 0x000000072e800000, 0x000000072e800000| Untracked 
| 373|0x000000072ea00000, 0x000000072ea00000, 0x000000072ec00000|  0%| F|  |TAMS 0x000000072ea00000, 0x000000072ea00000| Untracked 
| 374|0x000000072ec00000, 0x000000072ec00000, 0x000000072ee00000|  0%| F|  |TAMS 0x000000072ec00000, 0x000000072ec00000| Untracked 

Card table byte_map: [0x0000026bbda40000,0x0000026bbe240000] _byte_map_base: 0x0000026bba240000

Marking Bits (Prev, Next): (CMBitMap*) 0x0000026ba4ddd400, (CMBitMap*) 0x0000026ba4ddd3c0
 Prev Bits: [0x0000026bc2a40000, 0x0000026bc6a40000)
 Next Bits: [0x0000026bbea40000, 0x0000026bc2a40000)

Polling page: 0x0000026ba4bf0000

Metaspace:

Usage:
  Non-class:    158.28 MB used.
      Class:     23.53 MB used.
       Both:    181.81 MB used.

Virtual space:
  Non-class space:      192.00 MB reserved,     159.38 MB ( 83%) committed,  3 nodes.
      Class space:        1.00 GB reserved,      24.44 MB (  2%) committed,  1 nodes.
             Both:        1.19 GB reserved,     183.81 MB ( 15%) committed. 

Chunk freelists:
   Non-Class:  256.00 KB
       Class:  7.54 MB
        Both:  7.79 MB

MaxMetaspaceSize: unlimited
CompressedClassSpaceSize: 1.00 GB
Initial GC threshold: 21.00 MB
Current GC threshold: 201.69 MB
CDS: on
MetaspaceReclaimPolicy: balanced
 - commit_granule_bytes: 65536.
 - commit_granule_words: 8192.
 - virtual_space_node_default_size: 8388608.
 - enlarge_chunks_in_place: 1.
 - new_chunks_are_fully_committed: 0.
 - uncommit_free_chunks: 1.
 - use_allocation_guard: 0.
 - handle_deallocations: 1.


Internal statistics:

num_allocs_failed_limit: 9.
num_arena_births: 2954.
num_arena_deaths: 2.
num_vsnodes_births: 4.
num_vsnodes_deaths: 0.
num_space_committed: 2939.
num_space_uncommitted: 0.
num_chunks_returned_to_freelist: 14.
num_chunks_taken_from_freelist: 11333.
num_chunk_merges: 10.
num_chunk_splits: 7290.
num_chunks_enlarged: 4552.
num_inconsistent_stats: 0.

CodeHeap 'non-profiled nmethods': size=120064Kb used=24162Kb max_used=24194Kb free=95901Kb
 bounds [0x0000026bb5900000, 0x0000026bb70b0000, 0x0000026bbce40000]
CodeHeap 'profiled nmethods': size=120000Kb used=63863Kb max_used=64101Kb free=56136Kb
 bounds [0x0000026bade40000, 0x0000026bb1ce0000, 0x0000026bb5370000]
CodeHeap 'non-nmethods': size=5696Kb used=2594Kb max_used=2656Kb free=3101Kb
 bounds [0x0000026bb5370000, 0x0000026bb5620000, 0x0000026bb5900000]
 total_blobs=30989 nmethods=29827 adapters=1072
 compilation: enabled
              stopped_count=0, restarted_count=0
 full_count=0

Compilation events (20 events):
Event: 639.260 Thread 0x0000026bc8dbe9d0 39050       2       com.android.tools.r8.internal.Pm::<init> (7 bytes)
Event: 639.260 Thread 0x0000026bc8dbe9d0 nmethod 39050 0x0000026bb1cbc510 code [0x0000026bb1cbc6a0, 0x0000026bb1cbc7c8]
Event: 639.266 Thread 0x0000026bc8dbe9d0 39052       2       com.android.tools.r8.internal.vp::<init> (13 bytes)
Event: 639.266 Thread 0x0000026bc8dbe9d0 nmethod 39052 0x0000026bb1cbc890 code [0x0000026bb1cbca20, 0x0000026bb1cbcb48]
Event: 639.270 Thread 0x0000026bc8dbe9d0 39053       3       com.android.tools.r8.internal.Mr::<init> (13 bytes)
Event: 639.271 Thread 0x0000026bc8dbe9d0 nmethod 39053 0x0000026bb1cbcc90 code [0x0000026bb1cbce40, 0x0000026bb1cbd048]
Event: 639.271 Thread 0x0000026bc8dbe9d0 39054       3       com.android.tools.r8.internal.Um::a (3278 bytes)
Event: 639.294 Thread 0x0000026bc8dbe9d0 nmethod 39054 0x0000026bb1cbd190 code [0x0000026bb1cbf8a0, 0x0000026bb1cd4cc8]
Event: 639.886 Thread 0x0000026bc8dbe9d0 39057       3       com.android.tools.r8.internal.uo::<init> (24 bytes)
Event: 639.886 Thread 0x0000026bc8dbe9d0 nmethod 39057 0x0000026bb1cdbb10 code [0x0000026bb1cdbcc0, 0x0000026bb1cdbf48]
Event: 639.930 Thread 0x0000026bc8dbe9d0 39059       3       com.android.tools.r8.internal.Go::hashCode (21 bytes)
Event: 639.931 Thread 0x0000026bc8dbe9d0 nmethod 39059 0x0000026bb1cdc090 code [0x0000026bb1cdc240, 0x0000026bb1cdc448]
Event: 640.055 Thread 0x0000026bc8dbe010 nmethod 38959 0x0000026bb7093d90 code [0x0000026bb7094260, 0x0000026bb709aa68]
Event: 640.055 Thread 0x0000026bc8dbe010 39055       4       com.android.tools.r8.internal.Um::a (3278 bytes)
Event: 640.140 Thread 0x0000026bc8dbe9d0 39064       3       com.android.tools.r8.internal.aE::<init> (19 bytes)
Event: 640.141 Thread 0x0000026bc8dbe9d0 nmethod 39064 0x0000026bb0a3a710 code [0x0000026bb0a3a8c0, 0x0000026bb0a3ab78]
Event: 640.141 Thread 0x0000026bc8dbe9d0 39065       3       com.android.tools.r8.internal.K::<init> (5 bytes)
Event: 640.141 Thread 0x0000026bc8dbe9d0 nmethod 39065 0x0000026baed21e90 code [0x0000026baed22020, 0x0000026baed22178]
Event: 640.145 Thread 0x0000026bc8dbe9d0 39067       2       com.android.tools.r8.graph.J0$b::<init> (15 bytes)
Event: 640.145 Thread 0x0000026bc8dbe9d0 nmethod 39067 0x0000026baf975690 code [0x0000026baf975820, 0x0000026baf975978]

GC Heap History (20 events):
Event: 600.982 GC heap after
{Heap after GC invocations=113 (full 0):
 garbage-first heap   total 768000K, used 460488K [0x0000000700000000, 0x0000000800000000)
  region size 2048K, 4 young (8192K), 4 survivors (8192K)
 Metaspace       used 182898K, committed 184960K, reserved 1245184K
  class space    used 23706K, committed 24640K, reserved 1048576K
}
Event: 605.733 GC heap before
{Heap before GC invocations=113 (full 0):
 garbage-first heap   total 768000K, used 685768K [0x0000000700000000, 0x0000000800000000)
  region size 2048K, 112 young (229376K), 4 survivors (8192K)
 Metaspace       used 183189K, committed 185344K, reserved 1245184K
  class space    used 23723K, committed 24640K, reserved 1048576K
}
Event: 605.777 GC heap after
{Heap after GC invocations=114 (full 0):
 garbage-first heap   total 768000K, used 460800K [0x0000000700000000, 0x0000000800000000)
  region size 2048K, 4 young (8192K), 4 survivors (8192K)
 Metaspace       used 183189K, committed 185344K, reserved 1245184K
  class space    used 23723K, committed 24640K, reserved 1048576K
}
Event: 610.517 GC heap before
{Heap before GC invocations=114 (full 0):
 garbage-first heap   total 768000K, used 677888K [0x0000000700000000, 0x0000000800000000)
  region size 2048K, 110 young (225280K), 4 survivors (8192K)
 Metaspace       used 183213K, committed 185344K, reserved 1245184K
  class space    used 23724K, committed 24640K, reserved 1048576K
}
Event: 610.544 GC heap after
{Heap after GC invocations=115 (full 0):
 garbage-first heap   total 768000K, used 459518K [0x0000000700000000, 0x0000000800000000)
  region size 2048K, 4 young (8192K), 4 survivors (8192K)
 Metaspace       used 183213K, committed 185344K, reserved 1245184K
  class space    used 23724K, committed 24640K, reserved 1048576K
}
Event: 625.824 GC heap before
{Heap before GC invocations=115 (full 0):
 garbage-first heap   total 768000K, used 674558K [0x0000000700000000, 0x0000000800000000)
  region size 2048K, 110 young (225280K), 4 survivors (8192K)
 Metaspace       used 184655K, committed 186752K, reserved 1245184K
  class space    used 23901K, committed 24832K, reserved 1048576K
}
Event: 626.021 GC heap after
{Heap after GC invocations=116 (full 0):
 garbage-first heap   total 768000K, used 482046K [0x0000000700000000, 0x0000000800000000)
  region size 2048K, 14 young (28672K), 14 survivors (28672K)
 Metaspace       used 184655K, committed 186752K, reserved 1245184K
  class space    used 23901K, committed 24832K, reserved 1048576K
}
Event: 631.363 GC heap before
{Heap before GC invocations=116 (full 0):
 garbage-first heap   total 768000K, used 656126K [0x0000000700000000, 0x0000000800000000)
  region size 2048K, 99 young (202752K), 14 survivors (28672K)
 Metaspace       used 185110K, committed 187200K, reserved 1245184K
  class space    used 23968K, committed 24896K, reserved 1048576K
}
Event: 631.446 GC heap after
{Heap after GC invocations=117 (full 0):
 garbage-first heap   total 768000K, used 466900K [0x0000000700000000, 0x0000000800000000)
  region size 2048K, 3 young (6144K), 3 survivors (6144K)
 Metaspace       used 185110K, committed 187200K, reserved 1245184K
  class space    used 23968K, committed 24896K, reserved 1048576K
}
Event: 634.068 GC heap before
{Heap before GC invocations=117 (full 0):
 garbage-first heap   total 768000K, used 583636K [0x0000000700000000, 0x0000000800000000)
  region size 2048K, 30 young (61440K), 3 survivors (6144K)
 Metaspace       used 185710K, committed 187776K, reserved 1245184K
  class space    used 24059K, committed 24960K, reserved 1048576K
}
Event: 634.113 GC heap after
{Heap after GC invocations=118 (full 0):
 garbage-first heap   total 768000K, used 530239K [0x0000000700000000, 0x0000000800000000)
  region size 2048K, 12 young (24576K), 12 survivors (24576K)
 Metaspace       used 185710K, committed 187776K, reserved 1245184K
  class space    used 24059K, committed 24960K, reserved 1048576K
}
Event: 636.472 GC heap before
{Heap before GC invocations=118 (full 0):
 garbage-first heap   total 768000K, used 653119K [0x0000000700000000, 0x0000000800000000)
  region size 2048K, 66 young (135168K), 12 survivors (24576K)
 Metaspace       used 186133K, committed 188224K, reserved 1245184K
  class space    used 24093K, committed 25024K, reserved 1048576K
}
Event: 636.735 GC heap after
{Heap after GC invocations=119 (full 0):
 garbage-first heap   total 768000K, used 580871K [0x0000000700000000, 0x0000000800000000)
  region size 2048K, 9 young (18432K), 9 survivors (18432K)
 Metaspace       used 186133K, committed 188224K, reserved 1245184K
  class space    used 24093K, committed 25024K, reserved 1048576K
}
Event: 637.249 GC heap before
{Heap before GC invocations=119 (full 0):
 garbage-first heap   total 768000K, used 599303K [0x0000000700000000, 0x0000000800000000)
  region size 2048K, 18 young (36864K), 9 survivors (18432K)
 Metaspace       used 186146K, committed 188224K, reserved 1245184K
  class space    used 24093K, committed 25024K, reserved 1048576K
}
Event: 637.397 GC heap after
{Heap after GC invocations=120 (full 0):
 garbage-first heap   total 768000K, used 591872K [0x0000000700000000, 0x0000000800000000)
  region size 2048K, 3 young (6144K), 3 survivors (6144K)
 Metaspace       used 186146K, committed 188224K, reserved 1245184K
  class space    used 24093K, committed 25024K, reserved 1048576K
}
Event: 638.941 GC heap before
{Heap before GC invocations=120 (full 0):
 garbage-first heap   total 768000K, used 641024K [0x0000000700000000, 0x0000000800000000)
  region size 2048K, 27 young (55296K), 3 survivors (6144K)
 Metaspace       used 186160K, committed 188224K, reserved 1245184K
  class space    used 24093K, committed 25024K, reserved 1048576K
}
Event: 639.060 GC heap after
{Heap after GC invocations=121 (full 0):
 garbage-first heap   total 768000K, used 618496K [0x0000000700000000, 0x0000000800000000)
  region size 2048K, 4 young (8192K), 4 survivors (8192K)
 Metaspace       used 186160K, committed 188224K, reserved 1245184K
  class space    used 24093K, committed 25024K, reserved 1048576K
}
Event: 639.527 GC heap before
{Heap before GC invocations=121 (full 0):
 garbage-first heap   total 768000K, used 647168K [0x0000000700000000, 0x0000000800000000)
  region size 2048K, 18 young (36864K), 4 survivors (8192K)
 Metaspace       used 186171K, committed 188224K, reserved 1245184K
  class space    used 24093K, committed 25024K, reserved 1048576K
}
Event: 639.721 GC heap after
{Heap after GC invocations=122 (full 0):
 garbage-first heap   total 768000K, used 633984K [0x0000000700000000, 0x0000000800000000)
  region size 2048K, 3 young (6144K), 3 survivors (6144K)
 Metaspace       used 186171K, committed 188224K, reserved 1245184K
  class space    used 24093K, committed 25024K, reserved 1048576K
}
Event: 640.337 GC heap before
{Heap before GC invocations=122 (full 0):
 garbage-first heap   total 768000K, used 664704K [0x0000000700000000, 0x0000000800000000)
  region size 2048K, 18 young (36864K), 3 survivors (6144K)
 Metaspace       used 186172K, committed 188224K, reserved 1245184K
  class space    used 24093K, committed 25024K, reserved 1048576K
}

Deoptimization events (20 events):
Event: 639.270 Thread 0x0000026c19fb6c40 Uncommon trap: trap_request=0xffffff45 fr.pc=0x0000026bb708bb54 relative=0x0000000000006a74
Event: 639.270 Thread 0x0000026c19fb6c40 Uncommon trap: reason=unstable_if action=reinterpret pc=0x0000026bb708bb54 method=com.android.tools.r8.internal.Um.a(IILcom/android/tools/r8/internal/kp;Lcom/android/tools/r8/graph/u5;)Lcom/android/tools/r8/internal/jp; @ 265 c2
Event: 639.270 Thread 0x0000026c19fb6c40 DEOPT PACKING pc=0x0000026bb708bb54 sp=0x000000b723cfedc0
Event: 639.270 Thread 0x0000026c19fb6c40 DEOPT UNPACKING pc=0x0000026bb53c239d sp=0x000000b723cfed80 mode 2
Event: 640.054 Thread 0x0000026c19fb43c0 Uncommon trap: trap_request=0xffffffbe fr.pc=0x0000026bb7098d30 relative=0x0000000000004ad0
Event: 640.054 Thread 0x0000026c19fb43c0 Uncommon trap: reason=profile_predicate action=maybe_recompile pc=0x0000026bb7098d30 method=com.android.tools.r8.dex.C.a(I[Lcom/android/tools/r8/graph/v2;[Lcom/android/tools/r8/graph/w2;Z)[Lcom/android/tools/r8/graph/j1; @ 619 c2
Event: 640.055 Thread 0x0000026c19fb43c0 DEOPT PACKING pc=0x0000026bb7098d30 sp=0x000000b723dff060
Event: 640.055 Thread 0x0000026c19fb43c0 DEOPT UNPACKING pc=0x0000026bb53c239d sp=0x000000b723dff048 mode 2
Event: 640.055 Thread 0x0000026c19fb43c0 Uncommon trap: trap_request=0xffffffbe fr.pc=0x0000026bb7098d30 relative=0x0000000000004ad0
Event: 640.055 Thread 0x0000026c19fb43c0 Uncommon trap: reason=profile_predicate action=maybe_recompile pc=0x0000026bb7098d30 method=com.android.tools.r8.dex.C.a(I[Lcom/android/tools/r8/graph/v2;[Lcom/android/tools/r8/graph/w2;Z)[Lcom/android/tools/r8/graph/j1; @ 619 c2
Event: 640.055 Thread 0x0000026c19fb43c0 DEOPT PACKING pc=0x0000026bb7098d30 sp=0x000000b723dff060
Event: 640.055 Thread 0x0000026c19fb43c0 DEOPT UNPACKING pc=0x0000026bb53c239d sp=0x000000b723dff048 mode 2
Event: 640.065 Thread 0x0000026c19fb43c0 Uncommon trap: trap_request=0xffffffbe fr.pc=0x0000026bb7098d30 relative=0x0000000000004ad0
Event: 640.065 Thread 0x0000026c19fb43c0 Uncommon trap: reason=profile_predicate action=maybe_recompile pc=0x0000026bb7098d30 method=com.android.tools.r8.dex.C.a(I[Lcom/android/tools/r8/graph/v2;[Lcom/android/tools/r8/graph/w2;Z)[Lcom/android/tools/r8/graph/j1; @ 619 c2
Event: 640.065 Thread 0x0000026c19fb43c0 DEOPT PACKING pc=0x0000026bb7098d30 sp=0x000000b723dff050
Event: 640.065 Thread 0x0000026c19fb43c0 DEOPT UNPACKING pc=0x0000026bb53c239d sp=0x000000b723dff038 mode 2
Event: 640.065 Thread 0x0000026c19fb43c0 Uncommon trap: trap_request=0xffffffbe fr.pc=0x0000026bb7098d30 relative=0x0000000000004ad0
Event: 640.065 Thread 0x0000026c19fb43c0 Uncommon trap: reason=profile_predicate action=maybe_recompile pc=0x0000026bb7098d30 method=com.android.tools.r8.dex.C.a(I[Lcom/android/tools/r8/graph/v2;[Lcom/android/tools/r8/graph/w2;Z)[Lcom/android/tools/r8/graph/j1; @ 619 c2
Event: 640.065 Thread 0x0000026c19fb43c0 DEOPT PACKING pc=0x0000026bb7098d30 sp=0x000000b723dff060
Event: 640.065 Thread 0x0000026c19fb43c0 DEOPT UNPACKING pc=0x0000026bb53c239d sp=0x000000b723dff048 mode 2

Classes unloaded (7 events):
Event: 181.079 Thread 0x0000026bc8d9fde0 Unloading class 0x0000026bcb005bb8 '_BuildScript_$_run_closure1$_closure5'
Event: 181.079 Thread 0x0000026bc8d9fde0 Unloading class 0x0000026bcb0057d0 '_BuildScript_$_run_closure1$_closure4'
Event: 181.079 Thread 0x0000026bc8d9fde0 Unloading class 0x0000026bcb0053e8 '_BuildScript_$_run_closure1$_closure3$_closure6'
Event: 181.079 Thread 0x0000026bc8d9fde0 Unloading class 0x0000026bcb005000 '_BuildScript_$_run_closure1$_closure3'
Event: 181.079 Thread 0x0000026bc8d9fde0 Unloading class 0x0000026bcb004920 '_BuildScript_$_run_closure1$_closure2'
Event: 181.079 Thread 0x0000026bc8d9fde0 Unloading class 0x0000026bcb004538 '_BuildScript_$_run_closure1'
Event: 181.079 Thread 0x0000026bc8d9fde0 Unloading class 0x0000026bcb004000 '_BuildScript_'

Classes redefined (0 events):
No events

Internal exceptions (20 events):
Event: 617.990 Thread 0x0000026c1967ada0 Implicit null exception at 0x0000026bb6b104fb to 0x0000026bb6b10bb4
Event: 619.255 Thread 0x0000026c1967ada0 Exception <a 'sun/nio/fs/WindowsException'{0x0000000729d91278}> (0x0000000729d91278) 
thrown [s\open\src\hotspot\share\prims\jni.cpp, line 516]
Event: 619.318 Thread 0x0000026c1967ada0 Exception <a 'sun/nio/fs/WindowsException'{0x0000000729de2f28}> (0x0000000729de2f28) 
thrown [s\open\src\hotspot\share\prims\jni.cpp, line 516]
Event: 619.413 Thread 0x0000026c1967ada0 Exception <a 'sun/nio/fs/WindowsException'{0x0000000729aaeda8}> (0x0000000729aaeda8) 
thrown [s\open\src\hotspot\share\prims\jni.cpp, line 516]
Event: 619.448 Thread 0x0000026c1967ada0 Exception <a 'sun/nio/fs/WindowsException'{0x0000000729ac7fe0}> (0x0000000729ac7fe0) 
thrown [s\open\src\hotspot\share\prims\jni.cpp, line 516]
Event: 620.411 Thread 0x0000026c1967ada0 Implicit null exception at 0x0000026bb60ec243 to 0x0000026bb60ec2fb
Event: 620.683 Thread 0x0000026c1967ada0 Exception <a 'sun/nio/fs/WindowsException'{0x000000072999dcf0}> (0x000000072999dcf0) 
thrown [s\open\src\hotspot\share\prims\jni.cpp, line 516]
Event: 620.699 Thread 0x0000026c1967ada0 Exception <a 'sun/nio/fs/WindowsException'{0x00000007299b6d80}> (0x00000007299b6d80) 
thrown [s\open\src\hotspot\share\prims\jni.cpp, line 516]
Event: 620.710 Thread 0x0000026c1967ada0 Exception <a 'sun/nio/fs/WindowsException'{0x00000007299d0330}> (0x00000007299d0330) 
thrown [s\open\src\hotspot\share\prims\jni.cpp, line 516]
Event: 621.747 Thread 0x0000026c1967ada0 Exception <a 'java/lang/NoSuchMethodError'{0x0000000727bbaae0}: static Lcom/android/build/gradle/internal/tasks/MergeJavaResWorkAction$SourcedInput;.<clinit>()V> (0x0000000727bbaae0) 
thrown [s\open\src\hotspot\share\prims\jni.cpp, line 1112]
Event: 627.380 Thread 0x0000026c1c3da1a0 Implicit null exception at 0x0000026bb6d86a6d to 0x0000026bb6d86ac0
Event: 627.381 Thread 0x0000026c1c3da1a0 Implicit null exception at 0x0000026bb6d87130 to 0x0000026bb6d87148
Event: 628.588 Thread 0x0000026c1967ada0 Exception <a 'sun/nio/fs/WindowsException'{0x0000000728d4d5c0}> (0x0000000728d4d5c0) 
thrown [s\open\src\hotspot\share\prims\jni.cpp, line 516]
Event: 628.775 Thread 0x0000026c1967ada0 Exception <a 'sun/nio/fs/WindowsException'{0x00000007287204c0}> (0x00000007287204c0) 
thrown [s\open\src\hotspot\share\prims\jni.cpp, line 516]
Event: 628.804 Thread 0x0000026c1967ada0 Exception <a 'sun/nio/fs/WindowsException'{0x0000000728445a08}> (0x0000000728445a08) 
thrown [s\open\src\hotspot\share\prims\jni.cpp, line 516]
Event: 628.906 Thread 0x0000026c1967ada0 Exception <a 'sun/nio/fs/WindowsException'{0x00000007282eea40}> (0x00000007282eea40) 
thrown [s\open\src\hotspot\share\prims\jni.cpp, line 516]
Event: 629.122 Thread 0x0000026c1967ada0 Exception <a 'sun/nio/fs/WindowsException'{0x00000007279266f0}> (0x00000007279266f0) 
thrown [s\open\src\hotspot\share\prims\jni.cpp, line 516]
Event: 629.323 Thread 0x0000026c1967ada0 Exception <a 'sun/nio/fs/WindowsException'{0x0000000726ea8110}> (0x0000000726ea8110) 
thrown [s\open\src\hotspot\share\prims\jni.cpp, line 516]
Event: 633.577 Thread 0x0000026c11f9da60 Exception <a 'sun/nio/fs/WindowsException'{0x000000072dbcac88}> (0x000000072dbcac88) 
thrown [s\open\src\hotspot\share\prims\jni.cpp, line 516]
Event: 636.101 Thread 0x0000026c19fb43c0 Exception <a 'java/lang/NoSuchMethodError'{0x0000000727144680}: 'long java.lang.invoke.DirectMethodHandle$Holder.invokeStatic(java.lang.Object, java.lang.Object, java.lang.Object)'> (0x0000000727144680) 
thrown [s\open\src\hotspot\share\interpreter\linkResolver.cpp, line 759]

VM Operations (20 events):
Event: 635.120 Executing VM operation: Cleanup done
Event: 636.120 Executing VM operation: Cleanup
Event: 636.124 Executing VM operation: Cleanup done
Event: 636.134 Executing VM operation: HandshakeAllThreads
Event: 636.134 Executing VM operation: HandshakeAllThreads done
Event: 636.140 Executing VM operation: HandshakeAllThreads
Event: 636.140 Executing VM operation: HandshakeAllThreads done
Event: 636.471 Executing VM operation: G1CollectForAllocation
Event: 636.761 Executing VM operation: G1CollectForAllocation done
Event: 636.825 Executing VM operation: HandshakeAllThreads
Event: 636.826 Executing VM operation: HandshakeAllThreads done
Event: 637.249 Executing VM operation: G1CollectForAllocation
Event: 637.403 Executing VM operation: G1CollectForAllocation done
Event: 638.940 Executing VM operation: G1CollectForAllocation
Event: 639.080 Executing VM operation: G1CollectForAllocation done
Event: 639.513 Executing VM operation: G1CollectForAllocation
Event: 639.726 Executing VM operation: G1CollectForAllocation done
Event: 640.053 Executing VM operation: HandshakeAllThreads
Event: 640.055 Executing VM operation: HandshakeAllThreads done
Event: 640.334 Executing VM operation: G1CollectForAllocation

Events (20 events):
Event: 640.130 Thread 0x0000026bc8e289c0 flushing nmethod 0x0000026bb13c8390
Event: 640.130 Thread 0x0000026bc8e289c0 flushing nmethod 0x0000026bb13fb890
Event: 640.132 Thread 0x0000026bc8e289c0 flushing nmethod 0x0000026bb160f210
Event: 640.132 Thread 0x0000026bc8e289c0 flushing nmethod 0x0000026bb1647610
Event: 640.132 Thread 0x0000026bc8e289c0 flushing nmethod 0x0000026bb1650210
Event: 640.133 Thread 0x0000026bc8e289c0 flushing nmethod 0x0000026bb1762b10
Event: 640.133 Thread 0x0000026bc8e289c0 flushing nmethod 0x0000026bb1762e90
Event: 640.133 Thread 0x0000026bc8e289c0 flushing nmethod 0x0000026bb17a5e10
Event: 640.134 Thread 0x0000026bc8e289c0 flushing nmethod 0x0000026bb17c8290
Event: 640.134 Thread 0x0000026bc8e289c0 flushing nmethod 0x0000026bb1802210
Event: 640.134 Thread 0x0000026bc8e289c0 flushing nmethod 0x0000026bb1808f90
Event: 640.134 Thread 0x0000026bc8e289c0 flushing nmethod 0x0000026bb1809410
Event: 640.134 Thread 0x0000026bc8e289c0 flushing nmethod 0x0000026bb1874290
Event: 640.134 Thread 0x0000026bc8e289c0 flushing nmethod 0x0000026bb1885390
Event: 640.134 Thread 0x0000026bc8e289c0 flushing nmethod 0x0000026bb1885a90
Event: 640.135 Thread 0x0000026bc8e289c0 flushing nmethod 0x0000026bb18e0810
Event: 640.135 Thread 0x0000026bc8e289c0 flushing nmethod 0x0000026bb18fcd10
Event: 640.135 Thread 0x0000026bc8e289c0 flushing nmethod 0x0000026bb1918910
Event: 640.137 Thread 0x0000026bc8e289c0 flushing nmethod 0x0000026bb1b06e90
Event: 640.138 Thread 0x0000026bc8e289c0 flushing nmethod 0x0000026bb1c43990


Dynamic libraries:
0x00007ff6180f0000 - 0x00007ff618100000 	C:\Program Files\Microsoft\jdk-17.0.12\bin\java.exe
0x00007ffed6f30000 - 0x00007ffed7128000 	C:\Windows\SYSTEM32\ntdll.dll
0x00007ffed5560000 - 0x00007ffed5622000 	C:\Windows\System32\KERNEL32.DLL
0x00007ffed49d0000 - 0x00007ffed4cc6000 	C:\Windows\System32\KERNELBASE.dll
0x00007ffed45d0000 - 0x00007ffed46d0000 	C:\Windows\System32\ucrtbase.dll
0x00007ffecc7f0000 - 0x00007ffecc809000 	C:\Program Files\Microsoft\jdk-17.0.12\bin\jli.dll
0x00007ffed5210000 - 0x00007ffed52bf000 	C:\Windows\System32\ADVAPI32.dll
0x00007ffed5e30000 - 0x00007ffed5ece000 	C:\Windows\System32\msvcrt.dll
0x00007ffed54c0000 - 0x00007ffed555f000 	C:\Windows\System32\sechost.dll
0x00007ffed67c0000 - 0x00007ffed68e3000 	C:\Windows\System32\RPCRT4.dll
0x00007ffed4cd0000 - 0x00007ffed4cf7000 	C:\Windows\System32\bcrypt.dll
0x00007ffed4f60000 - 0x00007ffed50fd000 	C:\Windows\System32\USER32.dll
0x00007ffed4840000 - 0x00007ffed4862000 	C:\Windows\System32\win32u.dll
0x00007ffed51e0000 - 0x00007ffed520b000 	C:\Windows\System32\GDI32.dll
0x00007ffed4db0000 - 0x00007ffed4eca000 	C:\Windows\System32\gdi32full.dll
0x00007ffed4720000 - 0x00007ffed47bd000 	C:\Windows\System32\msvcp_win.dll
0x00007ffec1750000 - 0x00007ffec19ea000 	C:\Windows\WinSxS\amd64_microsoft.windows.common-controls_6595b64144ccf1df_6.0.19041.5794_none_60bcd33171f2783c\COMCTL32.dll
0x00007ffecba20000 - 0x00007ffecba2a000 	C:\Windows\SYSTEM32\VERSION.dll
0x00007ffecbfb0000 - 0x00007ffecbfcb000 	C:\Program Files\Microsoft\jdk-17.0.12\bin\VCRUNTIME140.dll
0x00007ffed5340000 - 0x00007ffed536f000 	C:\Windows\System32\IMM32.DLL
0x00007ffecd280000 - 0x00007ffecd28c000 	C:\Program Files\Microsoft\jdk-17.0.12\bin\vcruntime140_1.dll
0x00007ffeaed80000 - 0x00007ffeaee0e000 	C:\Program Files\Microsoft\jdk-17.0.12\bin\msvcp140.dll
0x00007ffe66230000 - 0x00007ffe66e10000 	C:\Program Files\Microsoft\jdk-17.0.12\bin\server\jvm.dll
0x00007ffed6000000 - 0x00007ffed6008000 	C:\Windows\System32\PSAPI.DLL
0x00007ffecbed0000 - 0x00007ffecbed9000 	C:\Windows\SYSTEM32\WSOCK32.dll
0x00007ffed5450000 - 0x00007ffed54bb000 	C:\Windows\System32\WS2_32.dll
0x00007ffebcd80000 - 0x00007ffebcda7000 	C:\Windows\SYSTEM32\WINMM.dll
0x00007ffed2de0000 - 0x00007ffed2df2000 	C:\Windows\SYSTEM32\kernel.appcore.dll
0x00007ffecb6e0000 - 0x00007ffecb6ea000 	C:\Program Files\Microsoft\jdk-17.0.12\bin\jimage.dll
0x00007ffed2a90000 - 0x00007ffed2c91000 	C:\Windows\SYSTEM32\DBGHELP.DLL
0x00007ffeb8a40000 - 0x00007ffeb8a74000 	C:\Windows\SYSTEM32\dbgcore.DLL
0x00007ffed4ed0000 - 0x00007ffed4f52000 	C:\Windows\System32\bcryptPrimitives.dll
0x00007ffebf700000 - 0x00007ffebf70e000 	C:\Program Files\Microsoft\jdk-17.0.12\bin\instrument.dll
0x00007ffec5db0000 - 0x00007ffec5dd5000 	C:\Program Files\Microsoft\jdk-17.0.12\bin\java.dll
0x00007ffe9ce50000 - 0x00007ffe9cf27000 	C:\Program Files\Microsoft\jdk-17.0.12\bin\jsvml.dll
0x00007ffed5630000 - 0x00007ffed5d9e000 	C:\Windows\System32\SHELL32.dll
0x00007ffed2210000 - 0x00007ffed29b3000 	C:\Windows\SYSTEM32\windows.storage.dll
0x00007ffed6270000 - 0x00007ffed65c3000 	C:\Windows\System32\combase.dll
0x00007ffed3e50000 - 0x00007ffed3e7b000 	C:\Windows\SYSTEM32\Wldp.dll
0x00007ffed5370000 - 0x00007ffed543d000 	C:\Windows\System32\OLEAUT32.dll
0x00007ffed61c0000 - 0x00007ffed626d000 	C:\Windows\System32\SHCORE.dll
0x00007ffed6760000 - 0x00007ffed67b5000 	C:\Windows\System32\shlwapi.dll
0x00007ffed4500000 - 0x00007ffed4525000 	C:\Windows\SYSTEM32\profapi.dll
0x00007ffebf720000 - 0x00007ffebf738000 	C:\Program Files\Microsoft\jdk-17.0.12\bin\zip.dll
0x00007ffec5d90000 - 0x00007ffec5da9000 	C:\Program Files\Microsoft\jdk-17.0.12\bin\net.dll
0x00007ffec3dc0000 - 0x00007ffec3eca000 	C:\Windows\SYSTEM32\WINHTTP.dll
0x00007ffed3c30000 - 0x00007ffed3c9c000 	C:\Windows\system32\mswsock.dll
0x00007ffec04c0000 - 0x00007ffec04d6000 	C:\Program Files\Microsoft\jdk-17.0.12\bin\nio.dll
0x00007ffec5ff0000 - 0x00007ffec6000000 	C:\Program Files\Microsoft\jdk-17.0.12\bin\verify.dll
0x00007ffecf030000 - 0x00007ffecf057000 	C:\Users\Fahad Computer\.gradle\native\1def1411415f61bf3af743bc5b6707747c0891f09f0c88961ee8f79bc544acac\windows-amd64\native-platform.dll
0x000000006e690000 - 0x000000006e703000 	C:\Users\Fahad Computer\.gradle\native\0.2.5\x86_64-windows-gnu\gradle-fileevents.dll
0x00007ffec5d80000 - 0x00007ffec5d8a000 	C:\Program Files\Microsoft\jdk-17.0.12\bin\management.dll
0x00007ffec0670000 - 0x00007ffec067b000 	C:\Program Files\Microsoft\jdk-17.0.12\bin\management_ext.dll
0x00007ffed3e90000 - 0x00007ffed3ea8000 	C:\Windows\SYSTEM32\CRYPTSP.dll
0x00007ffed3570000 - 0x00007ffed35a8000 	C:\Windows\system32\rsaenh.dll
0x00007ffed44c0000 - 0x00007ffed44ee000 	C:\Windows\SYSTEM32\USERENV.dll
0x00007ffed3dc0000 - 0x00007ffed3dcc000 	C:\Windows\SYSTEM32\CRYPTBASE.dll
0x00007ffed3930000 - 0x00007ffed396b000 	C:\Windows\SYSTEM32\IPHLPAPI.DLL
0x00007ffed5440000 - 0x00007ffed5448000 	C:\Windows\System32\NSI.dll
0x00007ffecb670000 - 0x00007ffecb687000 	C:\Windows\SYSTEM32\dhcpcsvc6.DLL
0x00007ffecb610000 - 0x00007ffecb62d000 	C:\Windows\SYSTEM32\dhcpcsvc.DLL
0x00007ffed3970000 - 0x00007ffed3a3a000 	C:\Windows\SYSTEM32\DNSAPI.dll
0x00007ffec5d70000 - 0x00007ffec5d7e000 	C:\Program Files\Microsoft\jdk-17.0.12\bin\sunmscapi.dll
0x00007ffed4870000 - 0x00007ffed49cd000 	C:\Windows\System32\CRYPT32.dll
0x00007ffed4000000 - 0x00007ffed4027000 	C:\Windows\SYSTEM32\ncrypt.dll
0x00007ffed3fc0000 - 0x00007ffed3ffb000 	C:\Windows\SYSTEM32\NTASN1.dll
0x00007ffebe380000 - 0x00007ffebe387000 	C:\Windows\system32\wshunix.dll
0x000000006e610000 - 0x000000006e683000 	C:\Users\Fahad Computer\AppData\Local\Temp\native-platform4775189470017078745dir\gradle-fileevents.dll
0x00007ffeb7af0000 - 0x00007ffeb7b07000 	C:\Windows\system32\napinsp.dll
0x00007ffeb7ad0000 - 0x00007ffeb7aeb000 	C:\Windows\system32\pnrpnsp.dll
0x00007ffecf060000 - 0x00007ffecf07d000 	C:\Windows\system32\wshbth.dll
0x00007ffeceef0000 - 0x00007ffecef0d000 	C:\Windows\system32\NLAapi.dll
0x00007ffeb7ab0000 - 0x00007ffeb7ac2000 	C:\Windows\System32\winrnr.dll
0x00007ffecbc00000 - 0x00007ffecbc0a000 	C:\Windows\System32\rasadhlp.dll
0x00007ffec3ab0000 - 0x00007ffec3b30000 	C:\Windows\System32\fwpuclnt.dll
0x00007ffed37c0000 - 0x00007ffed37f3000 	C:\Windows\SYSTEM32\ntmarta.dll
0x00007ffecd3a0000 - 0x00007ffecd3a7000 	C:\Program Files\Microsoft\jdk-17.0.12\bin\rmi.dll

dbghelp: loaded successfully - version: 4.0.5 - missing functions: none
symbol engine: initialized successfully - sym options: 0x614 - pdb path: .;C:\Program Files\Microsoft\jdk-17.0.12\bin;C:\Windows\SYSTEM32;C:\Windows\WinSxS\amd64_microsoft.windows.common-controls_6595b64144ccf1df_6.0.19041.5794_none_60bcd33171f2783c;C:\Program Files\Microsoft\jdk-17.0.12\bin\server;C:\Users\Fahad Computer\.gradle\native\1def1411415f61bf3af743bc5b6707747c0891f09f0c88961ee8f79bc544acac\windows-amd64;C:\Users\Fahad Computer\.gradle\native\0.2.5\x86_64-windows-gnu;C:\Users\Fahad Computer\AppData\Local\Temp\native-platform4775189470017078745dir

VM Arguments:
jvm_args: --add-opens=java.base/java.lang=ALL-UNNAMED --add-opens=java.base/java.lang.invoke=ALL-UNNAMED --add-opens=java.base/java.util=ALL-UNNAMED --add-opens=java.prefs/java.util.prefs=ALL-UNNAMED --add-exports=jdk.compiler/com.sun.tools.javac.api=ALL-UNNAMED --add-exports=jdk.compiler/com.sun.tools.javac.util=ALL-UNNAMED --add-opens=java.base/java.util=ALL-UNNAMED --add-opens=java.prefs/java.util.prefs=ALL-UNNAMED --add-opens=java.base/java.nio.charset=ALL-UNNAMED --add-opens=java.base/java.net=ALL-UNNAMED --add-opens=java.base/java.util.concurrent.atomic=ALL-UNNAMED --add-opens=java.xml/javax.xml.namespace=ALL-UNNAMED -Xmx4096m -Dfile.encoding=UTF-8 -Duser.country=US -Duser.language=en -Duser.variant -javaagent:C:\Users\Fahad Computer\.gradle\wrapper\dists\gradle-8.12-all\ejduaidbjup3bmmkhw3rie4zb\gradle-8.12\lib\agents\gradle-instrumentation-agent-8.12.jar 
java_command: org.gradle.launcher.daemon.bootstrap.GradleDaemon 8.12
java_class_path (initial): C:\Users\Fahad Computer\.gradle\wrapper\dists\gradle-8.12-all\ejduaidbjup3bmmkhw3rie4zb\gradle-8.12\lib\gradle-daemon-main-8.12.jar
Launcher Type: SUN_STANDARD

[Global flags]
     intx CICompilerCount                          = 2                                         {product} {ergonomic}
     uint ConcGCThreads                            = 1                                         {product} {ergonomic}
     uint G1ConcRefinementThreads                  = 2                                         {product} {ergonomic}
   size_t G1HeapRegionSize                         = 2097152                                   {product} {ergonomic}
    uintx GCDrainStackTargetSize                   = 64                                        {product} {ergonomic}
   size_t InitialHeapSize                          = 65011712                                  {product} {ergonomic}
   size_t MarkStackSize                            = 4194304                                   {product} {ergonomic}
   size_t MaxHeapSize                              = 4294967296                                {product} {command line}
   size_t MaxNewSize                               = 2575302656                                {product} {ergonomic}
   size_t MinHeapDeltaBytes                        = 2097152                                   {product} {ergonomic}
   size_t MinHeapSize                              = 8388608                                   {product} {ergonomic}
    uintx NonNMethodCodeHeapSize                   = 5826188                                {pd product} {ergonomic}
    uintx NonProfiledCodeHeapSize                  = 122916026                              {pd product} {ergonomic}
    uintx ProfiledCodeHeapSize                     = 122916026                              {pd product} {ergonomic}
    uintx ReservedCodeCacheSize                    = 251658240                              {pd product} {ergonomic}
     bool SegmentedCodeCache                       = true                                      {product} {ergonomic}
   size_t SoftMaxHeapSize                          = 4294967296                             {manageable} {ergonomic}
     bool UseCompressedClassPointers               = true                           {product lp64_product} {ergonomic}
     bool UseCompressedOops                        = true                           {product lp64_product} {ergonomic}
     bool UseG1GC                                  = true                                      {product} {ergonomic}
     bool UseLargePagesIndividualAllocation        = false                                  {pd product} {ergonomic}

Logging:
Log output configuration:
 #0: stdout all=warning uptime,level,tags
 #1: stderr all=off uptime,level,tags

Environment Variables:
JAVA_HOME=C:\Program Files\Microsoft\jdk-17.0.12\
CLASSPATH=C:\vtT\ChatbotApp\android\\gradle\wrapper\gradle-wrapper.jar
PATH=C:\vtT\ChatbotApp\node_modules\.bin;C:\vtT\ChatbotApp\node_modules\.bin;C:\vtT\node_modules\.bin;C:\node_modules\.bin;C:\Users\Fahad Computer\AppData\Roaming\npm\node_modules\npm\node_modules\@npmcli\run-script\lib\node-gyp-bin;c:\Users\Fahad Computer\AppData\Local\Programs\cursor\resources\app\bin;C:\Python313\Scripts\;C:\Python313\;C:\Program Files\Microsoft\jdk-11.0.26.4-hotspot\bin;C:\Program Files\Common Files\Oracle\Java\javapath;C:\Program Files\Microsoft\jdk-17.0.12.7-hotspot\bin;C:\Windows\system32;C:\Windows;C:\Windows\System32\Wbem;C:\Windows\System32\WindowsPowerShell\v1.0\;C:\Windows\System32\OpenSSH\;C:\ProgramData\chocolatey\bin;C:\Users\Fahad Computer\AppData\Local\Android\Sdk\platform-tools;C:\Program Files\Git\cmd;C:\Android\Sdk\emulator;C:\Android\Sdk\tools;C:\Program Files\nodejs\;C:\Users\Fahad Computer\AppData\Local\Android\Sdk\tools;C:\Users\Fahad Computer\AppData\Local\Android\Sdk\tools;C:\Users\Fahad Computer\AppData\Local\Microsoft\WindowsApps;C:\Program Files\MongoDB\Server\7.0\bin;C:\Program Files\MongoDB\Server\7.0\bin;C:\Users\Fahad Computer\AppData\Roaming\npm;c:\Users\Fahad Computer\AppData\Local\Programs\cursor\resources\app\bin;c:\Users\Fahad Computer\AppData\Local\Programs\cursor\resources\app\bin;C:\Program Files\Microsoft\jdk-17.0.12\\bin;C:\Users\Fahad Computer\AppData\Local\Android\Sdk\tools;C:\Users\Fahad Computer\AppData\Local\Android\Sdk\tools;C:\Users\Fahad Computer\AppData\Local\Microsoft\WindowsApps;C:\Users\Fahad Computer\AppData\Local\Programs\Microsoft VS Code\bin;C:\Program Files\MongoDB\Server\7.0\bin;C:\Program Files\MongoDB\Server\7.0\bin;C:\Users\Fahad Computer\AppData\Roaming\npm;C:\Users\Fahad Computer\AppData\Local\Programs\cursor\resources\app\bin
USERNAME=Fahad Computer
LANG=en_US.UTF-8
OS=Windows_NT
PROCESSOR_IDENTIFIER=Intel64 Family 6 Model 122 Stepping 8, GenuineIntel



---------------  S Y S T E M  ---------------

OS:
 Windows 10 , 64 bit Build 19041 (10.0.19041.5794)
OS uptime: 0 days 19:11 hours
Hyper-V role detected

CPU: total 2 (initial active 2) (2 cores per cpu, 1 threads per core) family 6 model 122 stepping 8 microcode 0x18, cx8, cmov, fxsr, mmx, 3dnowpref, sse, sse2, sse3, ssse3, sse4.1, sse4.2, popcnt, tsc, tscinvbit, aes, erms, clmul, sha, clflush, clflushopt, hv

Memory: 4k page, system-wide physical 3918M (265M free)
TotalPageFile size 15694M (AvailPageFile size 561M)
current process WorkingSet (physical memory assigned to process): 680M, peak: 745M
current process commit charge ("private bytes"): 1312M, peak: 2104M

vm_info: Java HotSpot(TM) 64-Bit Server VM (17.0.12+8-LTS-286) for windows-amd64 JRE (17.0.12+8-LTS-286), built on Jun  5 2024 06:46:59 by "mach5one" with MS VC++ 17.6 (VS2022)

END.
