#
# There is insufficient memory for the Java Runtime Environment to continue.
# Native memory allocation (malloc) failed to allocate 1081184 bytes for Chunk::new
# Possible reasons:
#   The system is out of physical RAM or swap space
#   The process is running with CompressedOops enabled, and the Java Heap may be blocking the growth of the native heap
# Possible solutions:
#   Reduce memory load on the system
#   Increase physical memory or swap space
#   Check if swap backing store is full
#   Decrease Java heap size (-Xmx/-Xms)
#   Decrease number of Java threads
#   Decrease Java thread stack sizes (-Xss)
#   Set larger code cache with -XX:ReservedCodeCacheSize=
#   JVM is running with Unscaled Compressed Oops mode in which the Java heap is
#     placed in the first 4GB address space. The Java Heap base address is the
#     maximum limit for the native heap growth. Please use -XX:HeapBaseMinAddress
#     to set the Java Heap base and to place the Java Heap above 4GB virtual address.
# This output file may be truncated or incomplete.
#
#  Out of Memory Error (arena.cpp:189), pid=13048, tid=7916
#
# JRE version: Java(TM) SE Runtime Environment (17.0.12+8) (build 17.0.12+8-LTS-286)
# Java VM: Java HotSpot(TM) 64-Bit Server VM (17.0.12+8-LTS-286, mixed mode, sharing, tiered, compressed oops, compressed class ptrs, g1 gc, windows-amd64)
# No core dump will be written. Minidumps are not enabled by default on client versions of Windows
#

---------------  S U M M A R Y ------------

Command Line: --add-opens=java.base/java.lang=ALL-UNNAMED --add-opens=java.base/java.lang.invoke=ALL-UNNAMED --add-opens=java.base/java.util=ALL-UNNAMED --add-opens=java.prefs/java.util.prefs=ALL-UNNAMED --add-exports=jdk.compiler/com.sun.tools.javac.api=ALL-UNNAMED --add-exports=jdk.compiler/com.sun.tools.javac.util=ALL-UNNAMED --add-opens=java.base/java.util=ALL-UNNAMED --add-opens=java.prefs/java.util.prefs=ALL-UNNAMED --add-opens=java.base/java.nio.charset=ALL-UNNAMED --add-opens=java.base/java.net=ALL-UNNAMED --add-opens=java.base/java.util.concurrent.atomic=ALL-UNNAMED --add-opens=java.xml/javax.xml.namespace=ALL-UNNAMED -Xmx2g -Dfile.encoding=UTF-8 -Duser.country=US -Duser.language=en -Duser.variant -javaagent:C:\Users\Fahad Computer\.gradle\wrapper\dists\gradle-8.12-all\ejduaidbjup3bmmkhw3rie4zb\gradle-8.12\lib\agents\gradle-instrumentation-agent-8.12.jar org.gradle.launcher.daemon.bootstrap.GradleDaemon 8.12

Host: Intel(R) Celeron(R) N4020 CPU @ 1.10GHz, 2 cores, 3G,  Windows 10 , 64 bit Build 19041 (10.0.19041.5794)
Time: Fri May 30 08:09:47 2025 Pacific Daylight Time elapsed time: 603.701318 seconds (0d 0h 10m 3s)

---------------  T H R E A D  ---------------

Current thread (0x000002177f711670):  JavaThread "C2 CompilerThread0" daemon [_thread_in_native, id=7916, stack(0x00000035c6e00000,0x00000035c6f00000)]


Current CompileTask:
C2: 603702 31238       4       com.sun.tools.javac.comp.Attr::checkIdInternal (788 bytes)

Stack: [0x00000035c6e00000,0x00000035c6f00000]
Native frames: (J=compiled Java code, j=interpreted, Vv=VM code, C=native code)
V  [jvm.dll+0x67a04a]
V  [jvm.dll+0x7da4ed]
V  [jvm.dll+0x7dbe33]
V  [jvm.dll+0x7dc4a3]
V  [jvm.dll+0x24508f]
V  [jvm.dll+0xab773]
V  [jvm.dll+0xabd3c]
V  [jvm.dll+0x361bee]
V  [jvm.dll+0x32c431]
V  [jvm.dll+0x32b8ca]
V  [jvm.dll+0x21683f]
V  [jvm.dll+0x215c6f]
V  [jvm.dll+0x1a2960]
V  [jvm.dll+0x22610b]
V  [jvm.dll+0x2242ab]
V  [jvm.dll+0x79075c]
V  [jvm.dll+0x78abea]
V  [jvm.dll+0x678f35]
C  [ucrtbase.dll+0x21bb2]
C  [KERNEL32.DLL+0x17374]
C  [ntdll.dll+0x4cc91]


---------------  P R O C E S S  ---------------

Threads class SMR info:
_java_thread_list=0x0000021767f38b20, length=67, elements={
0x00000217772eecf0, 0x000002177f6f9c80, 0x000002177f6faa10, 0x000002177f70df40,
0x000002177f70e810, 0x000002177f7100f0, 0x000002177f7109c0, 0x000002177f711670,
0x000002177f712030, 0x000002177f784360, 0x000002177f9154d0, 0x000002177f9d1fd0,
0x000002175af69f00, 0x000002175b2ea4a0, 0x000002175ae8e520, 0x000002175a96aa80,
0x000002175a96af60, 0x000002175b3ef710, 0x000002175b3efc20, 0x000002175b3ed3a0,
0x000002175b3ed8b0, 0x000002175b3eecf0, 0x000002175b3f0130, 0x000002175b3ee7e0,
0x000002175b3eddc0, 0x000002175b3f0640, 0x000002175b3ef200, 0x000002175b3f0b50,
0x000002175b4849b0, 0x000002175b488670, 0x000002175b485df0, 0x000002175b489090,
0x000002175b483f90, 0x000002175b486300, 0x000002175b484ec0, 0x000002175b4844a0,
0x000002175b4895a0, 0x000002175b486810, 0x000002175b486d20, 0x000002175b4858e0,
0x000002175b483060, 0x000002175b488160, 0x000002175b488b80, 0x000002175cd89570,
0x000002175cd8a4a0, 0x000002175cd8b8e0, 0x000002175cd89a80, 0x000002175cd8a9b0,
0x000002175cd8c300, 0x000002175d9fe180, 0x000002175d9fbe10, 0x00000217660a86a0,
0x00000217660a5400, 0x00000217660a6d50, 0x00000217660a7c80, 0x000002175d9fb3f0,
0x0000021766ec0a40, 0x0000021766ebaf20, 0x0000021766ebaa10, 0x0000021766ec0020,
0x0000021766ebd290, 0x0000021766ec0530, 0x00000217660a6330, 0x00000217660a95d0,
0x0000021764065820, 0x00000217640643e0, 0x0000021764067680
}

Java Threads: ( => current thread )
  0x00000217772eecf0 JavaThread "main" [_thread_blocked, id=13360, stack(0x00000035c6000000,0x00000035c6100000)]
  0x000002177f6f9c80 JavaThread "Reference Handler" daemon [_thread_blocked, id=8400, stack(0x00000035c6800000,0x00000035c6900000)]
  0x000002177f6faa10 JavaThread "Finalizer" daemon [_thread_blocked, id=12820, stack(0x00000035c6900000,0x00000035c6a00000)]
  0x000002177f70df40 JavaThread "Signal Dispatcher" daemon [_thread_blocked, id=8828, stack(0x00000035c6a00000,0x00000035c6b00000)]
  0x000002177f70e810 JavaThread "Attach Listener" daemon [_thread_blocked, id=5128, stack(0x00000035c6b00000,0x00000035c6c00000)]
  0x000002177f7100f0 JavaThread "Service Thread" daemon [_thread_blocked, id=240, stack(0x00000035c6c00000,0x00000035c6d00000)]
  0x000002177f7109c0 JavaThread "Monitor Deflation Thread" daemon [_thread_blocked, id=14908, stack(0x00000035c6d00000,0x00000035c6e00000)]
=>0x000002177f711670 JavaThread "C2 CompilerThread0" daemon [_thread_in_native, id=7916, stack(0x00000035c6e00000,0x00000035c6f00000)]
  0x000002177f712030 JavaThread "C1 CompilerThread0" daemon [_thread_blocked, id=14368, stack(0x00000035c6f00000,0x00000035c7000000)]
  0x000002177f784360 JavaThread "Sweeper thread" daemon [_thread_blocked, id=10296, stack(0x00000035c7000000,0x00000035c7100000)]
  0x000002177f9154d0 JavaThread "Common-Cleaner" daemon [_thread_blocked, id=13552, stack(0x00000035c7100000,0x00000035c7200000)]
  0x000002177f9d1fd0 JavaThread "Notification Thread" daemon [_thread_blocked, id=14308, stack(0x00000035c7200000,0x00000035c7300000)]
  0x000002175af69f00 JavaThread "Daemon health stats" [_thread_blocked, id=3236, stack(0x00000035c7500000,0x00000035c7600000)]
  0x000002175b2ea4a0 JavaThread "Incoming local TCP Connector on port 13621" [_thread_in_native, id=13024, stack(0x00000035c7600000,0x00000035c7700000)]
  0x000002175ae8e520 JavaThread "Daemon periodic checks" [_thread_blocked, id=12532, stack(0x00000035c7700000,0x00000035c7800000)]
  0x000002175a96aa80 JavaThread "Daemon" [_thread_blocked, id=7104, stack(0x00000035c7800000,0x00000035c7900000)]
  0x000002175a96af60 JavaThread "Handler for socket connection from /127.0.0.1:13621 to /127.0.0.1:13622" [_thread_in_native, id=12292, stack(0x00000035c7900000,0x00000035c7a00000)]
  0x000002175b3ef710 JavaThread "Cancel handler" [_thread_blocked, id=12100, stack(0x00000035c7a00000,0x00000035c7b00000)]
  0x000002175b3efc20 JavaThread "Daemon worker" [_thread_blocked, id=12844, stack(0x00000035c7b00000,0x00000035c7c00000)]
  0x000002175b3ed3a0 JavaThread "Asynchronous log dispatcher for DefaultDaemonConnection: socket connection from /127.0.0.1:13621 to /127.0.0.1:13622" [_thread_blocked, id=5448, stack(0x00000035c7c00000,0x00000035c7d00000)]
  0x000002175b3ed8b0 JavaThread "Stdin handler" [_thread_blocked, id=11996, stack(0x00000035c7d00000,0x00000035c7e00000)]
  0x000002175b3eecf0 JavaThread "Daemon client event forwarder" [_thread_blocked, id=10792, stack(0x00000035c7e00000,0x00000035c7f00000)]
  0x000002175b3f0130 JavaThread "Cache worker for journal cache (C:\Users\Fahad Computer\.gradle\caches\journal-1)" [_thread_blocked, id=13520, stack(0x00000035c7f00000,0x00000035c8000000)]
  0x000002175b3ee7e0 JavaThread "File lock request listener" [_thread_in_native, id=2632, stack(0x00000035c8000000,0x00000035c8100000)]
  0x000002175b3eddc0 JavaThread "Cache worker for file hash cache (C:\Users\Fahad Computer\.gradle\caches\8.12\fileHashes)" [_thread_blocked, id=11060, stack(0x00000035c8100000,0x00000035c8200000)]
  0x000002175b3f0640 JavaThread "Cache worker for file hash cache (C:\vtT\ChatbotApp\android\.gradle\8.12\fileHashes)" [_thread_blocked, id=11600, stack(0x00000035c8200000,0x00000035c8300000)]
  0x000002175b3ef200 JavaThread "Cache worker for Build Output Cleanup Cache (C:\vtT\ChatbotApp\android\.gradle\buildOutputCleanup)" [_thread_blocked, id=7544, stack(0x00000035c8300000,0x00000035c8400000)]
  0x000002175b3f0b50 JavaThread "File watcher server" daemon [_thread_in_native, id=12224, stack(0x00000035c8400000,0x00000035c8500000)]
  0x000002175b4849b0 JavaThread "File watcher consumer" daemon [_thread_blocked, id=9760, stack(0x00000035c8500000,0x00000035c8600000)]
  0x000002175b488670 JavaThread "jar transforms" [_thread_blocked, id=8608, stack(0x00000035c8700000,0x00000035c8800000)]
  0x000002175b485df0 JavaThread "Cache worker for checksums cache (C:\vtT\ChatbotApp\android\.gradle\8.12\checksums)" [_thread_blocked, id=7020, stack(0x00000035c8800000,0x00000035c8900000)]
  0x000002175b489090 JavaThread "Cache worker for file content cache (C:\Users\Fahad Computer\.gradle\caches\8.12\fileContent)" [_thread_blocked, id=7644, stack(0x00000035c8900000,0x00000035c8a00000)]
  0x000002175b483f90 JavaThread "Cache worker for cache directory md-rule (C:\Users\Fahad Computer\.gradle\caches\8.12\md-rule)" [_thread_blocked, id=9128, stack(0x00000035c8a00000,0x00000035c8b00000)]
  0x000002175b486300 JavaThread "Cache worker for cache directory md-supplier (C:\Users\Fahad Computer\.gradle\caches\8.12\md-supplier)" [_thread_blocked, id=13032, stack(0x00000035c8b00000,0x00000035c8c00000)]
  0x000002175b484ec0 JavaThread "Cache worker for Build Output Cleanup Cache (C:\vtT\ChatbotApp\node_modules\@react-native\gradle-plugin\.gradle\buildOutputCleanup)" [_thread_blocked, id=8068, stack(0x00000035c8c00000,0x00000035c8d00000)]
  0x000002175b4844a0 JavaThread "Unconstrained build operations" [_thread_blocked, id=336, stack(0x00000035c8d00000,0x00000035c8e00000)]
  0x000002175b4895a0 JavaThread "Unconstrained build operations Thread 2" [_thread_blocked, id=12700, stack(0x00000035c8e00000,0x00000035c8f00000)]
  0x000002175b486810 JavaThread "Unconstrained build operations Thread 3" [_thread_blocked, id=6180, stack(0x00000035c8f00000,0x00000035c9000000)]
  0x000002175b486d20 JavaThread "Unconstrained build operations Thread 4" [_thread_blocked, id=3408, stack(0x00000035c9000000,0x00000035c9100000)]
  0x000002175b4858e0 JavaThread "Unconstrained build operations Thread 5" [_thread_blocked, id=14040, stack(0x00000035c9100000,0x00000035c9200000)]
  0x000002175b483060 JavaThread "Unconstrained build operations Thread 6" [_thread_blocked, id=4832, stack(0x00000035c9200000,0x00000035c9300000)]
  0x000002175b488160 JavaThread "build event listener" [_thread_blocked, id=7292, stack(0x00000035c9300000,0x00000035c9400000)]
  0x000002175b488b80 JavaThread "Memory manager" [_thread_blocked, id=14680, stack(0x00000035c9400000,0x00000035c9500000)]
  0x000002175cd89570 JavaThread "Cache worker for execution history cache (C:\vtT\ChatbotApp\node_modules\@react-native\gradle-plugin\.gradle\8.12\executionHistory)" [_thread_blocked, id=14252, stack(0x00000035c9c00000,0x00000035c9d00000)]
  0x000002175cd8a4a0 JavaThread "Unconstrained build operations Thread 7" [_thread_blocked, id=14712, stack(0x00000035c9d00000,0x00000035c9e00000)]
  0x000002175cd8b8e0 JavaThread "Unconstrained build operations Thread 8" [_thread_blocked, id=9732, stack(0x00000035c9e00000,0x00000035c9f00000)]
  0x000002175cd89a80 JavaThread "Unconstrained build operations Thread 9" [_thread_blocked, id=9676, stack(0x00000035c9f00000,0x00000035ca000000)]
  0x000002175cd8a9b0 JavaThread "Unconstrained build operations Thread 10" [_thread_blocked, id=11984, stack(0x00000035ca000000,0x00000035ca100000)]
  0x000002175cd8c300 JavaThread "jar transforms Thread 2" [_thread_blocked, id=244, stack(0x00000035ca100000,0x00000035ca200000)]
  0x000002175d9fe180 JavaThread "build event listener" [_thread_blocked, id=9948, stack(0x00000035c5f00000,0x00000035c6000000)]
  0x000002175d9fbe10 JavaThread "Problems report writer" [_thread_blocked, id=6068, stack(0x00000035c6100000,0x00000035c6200000)]
  0x00000217660a86a0 JavaThread "pool-3-thread-1" [_thread_blocked, id=10328, stack(0x00000035c9500000,0x00000035c9600000)]
  0x00000217660a5400 JavaThread "build event listener" [_thread_blocked, id=6892, stack(0x00000035c9800000,0x00000035c9900000)]
  0x00000217660a6d50 JavaThread "included builds Thread 2" [_thread_in_native, id=7612, stack(0x00000035c9900000,0x00000035c9a00000)]
  0x00000217660a7c80 JavaThread "Cache worker for execution history cache (C:\vtT\ChatbotApp\android\.gradle\8.12\executionHistory)" [_thread_blocked, id=8240, stack(0x00000035c9a00000,0x00000035c9b00000)]
  0x000002175d9fb3f0 JavaThread "WorkerExecutor Queue Thread 2" [_thread_blocked, id=10028, stack(0x00000035c9600000,0x00000035c9700000)]
  0x0000021766ec0a40 JavaThread "Cache worker for Java compile cache (C:\Users\Fahad Computer\.gradle\caches\8.12\javaCompile)" [_thread_blocked, id=12316, stack(0x00000035ca300000,0x00000035ca400000)]
  0x0000021766ebaf20 JavaThread "Build operations" [_thread_blocked, id=12064, stack(0x00000035ca400000,0x00000035ca500000)]
  0x0000021766ebaa10 JavaThread "RMI Scheduler(0)" daemon [_thread_blocked, id=13612, stack(0x00000035ca500000,0x00000035ca600000)]
  0x0000021766ec0020 JavaThread "RMI GC Daemon" daemon [_thread_blocked, id=4528, stack(0x00000035ca700000,0x00000035ca800000)]
  0x0000021766ebd290 JavaThread "RMI TCP Accept-0" daemon [_thread_in_native, id=10128, stack(0x00000035ca900000,0x00000035caa00000)]
  0x0000021766ec0530 JavaThread "RMI Reaper" [_thread_blocked, id=12584, stack(0x00000035caa00000,0x00000035cab00000)]
  0x00000217660a6330 JavaThread "RMI RenewClean-[127.0.0.1:17113,org.jetbrains.kotlin.daemon.common.LoopbackNetworkInterface$ClientLoopbackSocketFactory@2678b119]" daemon [_thread_blocked, id=14948, stack(0x00000035caf00000,0x00000035cb000000)]
  0x00000217660a95d0 JavaThread "RMI TCP Connection(idle)" daemon [_thread_blocked, id=6792, stack(0x00000035ca800000,0x00000035ca900000)]
  0x0000021764065820 JavaThread "RMI TCP Connection(idle)" daemon [_thread_blocked, id=11312, stack(0x00000035ca200000,0x00000035ca300000)]
  0x00000217640643e0 JavaThread "RMI TCP Connection(idle)" daemon [_thread_blocked, id=10096, stack(0x00000035ca600000,0x00000035ca700000)]
  0x0000021764067680 JavaThread "RMI TCP Connection(idle)" daemon [_thread_blocked, id=13112, stack(0x00000035cab00000,0x00000035cac00000)]

Other Threads:
  0x00000217773be700 VMThread "VM Thread" [stack: 0x00000035c6700000,0x00000035c6800000] [id=12720]
  0x000002177f9d24b0 WatcherThread [stack: 0x00000035c7300000,0x00000035c7400000] [id=12220]
  0x00000217773487c0 GCTaskThread "GC Thread#0" [stack: 0x00000035c6200000,0x00000035c6300000] [id=6880]
  0x000002177fa8df60 GCTaskThread "GC Thread#1" [stack: 0x00000035c7400000,0x00000035c7500000] [id=5404]
  0x0000021777359620 ConcurrentGCThread "G1 Main Marker" [stack: 0x00000035c6300000,0x00000035c6400000] [id=14444]
  0x0000021777359f40 ConcurrentGCThread "G1 Conc#0" [stack: 0x00000035c6400000,0x00000035c6500000] [id=4708]
  0x000002177739c210 ConcurrentGCThread "G1 Refine#0" [stack: 0x00000035c6500000,0x00000035c6600000] [id=12972]
  0x000002175c153260 ConcurrentGCThread "G1 Refine#1" [stack: 0x00000035c8600000,0x00000035c8700000] [id=10300]
  0x000002177739cb50 ConcurrentGCThread "G1 Service" [stack: 0x00000035c6600000,0x00000035c6700000] [id=9368]

Threads with active compile tasks:
C2 CompilerThread0   603791 31238       4       com.sun.tools.javac.comp.Attr::checkIdInternal (788 bytes)

VM state: not at safepoint (normal execution)

VM Mutex/Monitor currently owned by a thread: None

Heap address: 0x0000000080000000, size: 2048 MB, Compressed Oops mode: 32-bit

CDS archive(s) mapped at: [0x0000021715000000-0x0000021715bd0000-0x0000021715bd0000), size 12386304, SharedBaseAddress: 0x0000021715000000, ArchiveRelocationMode: 1.
Compressed class space mapped at: 0x0000021716000000-0x0000021756000000, reserved size: 1073741824
Narrow klass base: 0x0000021715000000, Narrow klass shift: 0, Narrow klass range: 0x100000000

GC Precious Log:
 CPUs: 2 total, 2 available
 Memory: 3918M
 Large Page Support: Disabled
 NUMA Support: Disabled
 Compressed Oops: Enabled (32-bit)
 Heap Region Size: 1M
 Heap Min Capacity: 8M
 Heap Initial Capacity: 62M
 Heap Max Capacity: 2G
 Pre-touch: Disabled
 Parallel Workers: 2
 Concurrent Workers: 1
 Concurrent Refinement Workers: 2
 Periodic GC: Disabled

Heap:
 garbage-first heap   total 618496K, used 478135K [0x0000000080000000, 0x0000000100000000)
  region size 1024K, 68 young (69632K), 7 survivors (7168K)
 Metaspace       used 150837K, committed 152960K, reserved 1245184K
  class space    used 19523K, committed 20480K, reserved 1048576K

Heap Regions: E=young(eden), S=young(survivor), O=old, HS=humongous(starts), HC=humongous(continues), CS=collection set, F=free, OA=open archive, CA=closed archive, TAMS=top-at-mark-start (previous, next)
|   0|0x0000000080000000, 0x0000000080100000, 0x0000000080100000|100%| O|  |TAMS 0x0000000080100000, 0x0000000080000000| Untracked 
|   1|0x0000000080100000, 0x0000000080200000, 0x0000000080200000|100%| O|  |TAMS 0x0000000080200000, 0x0000000080100000| Untracked 
|   2|0x0000000080200000, 0x0000000080300000, 0x0000000080300000|100%| O|  |TAMS 0x0000000080300000, 0x0000000080200000| Untracked 
|   3|0x0000000080300000, 0x0000000080400000, 0x0000000080400000|100%| O|  |TAMS 0x0000000080400000, 0x0000000080300000| Untracked 
|   4|0x0000000080400000, 0x0000000080500000, 0x0000000080500000|100%|HS|  |TAMS 0x0000000080500000, 0x0000000080400000| Complete 
|   5|0x0000000080500000, 0x0000000080600000, 0x0000000080600000|100%|HC|  |TAMS 0x0000000080600000, 0x0000000080500000| Complete 
|   6|0x0000000080600000, 0x0000000080700000, 0x0000000080700000|100%|HC|  |TAMS 0x0000000080700000, 0x0000000080600000| Complete 
|   7|0x0000000080700000, 0x0000000080800000, 0x0000000080800000|100%|HS|  |TAMS 0x0000000080800000, 0x0000000080700000| Complete 
|   8|0x0000000080800000, 0x0000000080900000, 0x0000000080900000|100%| O|  |TAMS 0x0000000080900000, 0x0000000080800000| Untracked 
|   9|0x0000000080900000, 0x0000000080a00000, 0x0000000080a00000|100%| O|  |TAMS 0x0000000080a00000, 0x0000000080900000| Untracked 
|  10|0x0000000080a00000, 0x0000000080b00000, 0x0000000080b00000|100%| O|  |TAMS 0x0000000080b00000, 0x0000000080a00000| Untracked 
|  11|0x0000000080b00000, 0x0000000080c00000, 0x0000000080c00000|100%| O|  |TAMS 0x0000000080c00000, 0x0000000080b00000| Untracked 
|  12|0x0000000080c00000, 0x0000000080d00000, 0x0000000080d00000|100%| O|  |TAMS 0x0000000080d00000, 0x0000000080c00000| Untracked 
|  13|0x0000000080d00000, 0x0000000080e00000, 0x0000000080e00000|100%| O|  |TAMS 0x0000000080e00000, 0x0000000080d00000| Untracked 
|  14|0x0000000080e00000, 0x0000000080f00000, 0x0000000080f00000|100%| O|  |TAMS 0x0000000080f00000, 0x0000000080e00000| Untracked 
|  15|0x0000000080f00000, 0x0000000081000000, 0x0000000081000000|100%| O|  |TAMS 0x0000000081000000, 0x0000000080f00000| Untracked 
|  16|0x0000000081000000, 0x0000000081100000, 0x0000000081100000|100%| O|  |TAMS 0x0000000081100000, 0x0000000081000000| Untracked 
|  17|0x0000000081100000, 0x0000000081200000, 0x0000000081200000|100%| O|  |TAMS 0x0000000081200000, 0x0000000081100000| Untracked 
|  18|0x0000000081200000, 0x0000000081300000, 0x0000000081300000|100%| O|  |TAMS 0x0000000081300000, 0x0000000081200000| Untracked 
|  19|0x0000000081300000, 0x0000000081400000, 0x0000000081400000|100%| O|  |TAMS 0x0000000081400000, 0x0000000081300000| Untracked 
|  20|0x0000000081400000, 0x0000000081500000, 0x0000000081500000|100%| O|  |TAMS 0x0000000081500000, 0x0000000081400000| Untracked 
|  21|0x0000000081500000, 0x0000000081600000, 0x0000000081600000|100%| O|  |TAMS 0x0000000081600000, 0x0000000081500000| Untracked 
|  22|0x0000000081600000, 0x0000000081700000, 0x0000000081700000|100%| O|  |TAMS 0x0000000081700000, 0x0000000081600000| Untracked 
|  23|0x0000000081700000, 0x0000000081800000, 0x0000000081800000|100%| O|  |TAMS 0x0000000081800000, 0x0000000081700000| Untracked 
|  24|0x0000000081800000, 0x0000000081900000, 0x0000000081900000|100%| O|  |TAMS 0x0000000081900000, 0x0000000081800000| Untracked 
|  25|0x0000000081900000, 0x0000000081a00000, 0x0000000081a00000|100%| O|  |TAMS 0x0000000081a00000, 0x0000000081900000| Untracked 
|  26|0x0000000081a00000, 0x0000000081b00000, 0x0000000081b00000|100%| O|  |TAMS 0x0000000081b00000, 0x0000000081a00000| Untracked 
|  27|0x0000000081b00000, 0x0000000081c00000, 0x0000000081c00000|100%| O|  |TAMS 0x0000000081c00000, 0x0000000081b00000| Untracked 
|  28|0x0000000081c00000, 0x0000000081d00000, 0x0000000081d00000|100%| O|  |TAMS 0x0000000081d00000, 0x0000000081c00000| Untracked 
|  29|0x0000000081d00000, 0x0000000081e00000, 0x0000000081e00000|100%| O|  |TAMS 0x0000000081e00000, 0x0000000081d00000| Untracked 
|  30|0x0000000081e00000, 0x0000000081f00000, 0x0000000081f00000|100%| O|  |TAMS 0x0000000081f00000, 0x0000000081e00000| Untracked 
|  31|0x0000000081f00000, 0x0000000082000000, 0x0000000082000000|100%| O|  |TAMS 0x0000000082000000, 0x0000000081f00000| Untracked 
|  32|0x0000000082000000, 0x0000000082100000, 0x0000000082100000|100%| O|  |TAMS 0x0000000082100000, 0x0000000082000000| Untracked 
|  33|0x0000000082100000, 0x0000000082200000, 0x0000000082200000|100%| O|  |TAMS 0x0000000082200000, 0x0000000082100000| Untracked 
|  34|0x0000000082200000, 0x0000000082300000, 0x0000000082300000|100%| O|  |TAMS 0x0000000082300000, 0x0000000082200000| Untracked 
|  35|0x0000000082300000, 0x0000000082400000, 0x0000000082400000|100%| O|  |TAMS 0x0000000082400000, 0x0000000082300000| Untracked 
|  36|0x0000000082400000, 0x0000000082500000, 0x0000000082500000|100%| O|  |TAMS 0x0000000082500000, 0x0000000082400000| Untracked 
|  37|0x0000000082500000, 0x0000000082600000, 0x0000000082600000|100%| O|  |TAMS 0x0000000082600000, 0x0000000082500000| Untracked 
|  38|0x0000000082600000, 0x0000000082700000, 0x0000000082700000|100%| O|  |TAMS 0x0000000082700000, 0x0000000082600000| Untracked 
|  39|0x0000000082700000, 0x0000000082800000, 0x0000000082800000|100%| O|  |TAMS 0x0000000082800000, 0x0000000082700000| Untracked 
|  40|0x0000000082800000, 0x0000000082900000, 0x0000000082900000|100%| O|  |TAMS 0x0000000082900000, 0x0000000082800000| Untracked 
|  41|0x0000000082900000, 0x0000000082a00000, 0x0000000082a00000|100%| O|  |TAMS 0x0000000082a00000, 0x0000000082900000| Untracked 
|  42|0x0000000082a00000, 0x0000000082b00000, 0x0000000082b00000|100%|HS|  |TAMS 0x0000000082b00000, 0x0000000082a00000| Complete 
|  43|0x0000000082b00000, 0x0000000082c00000, 0x0000000082c00000|100%| O|  |TAMS 0x0000000082c00000, 0x0000000082b00000| Untracked 
|  44|0x0000000082c00000, 0x0000000082d00000, 0x0000000082d00000|100%| O|  |TAMS 0x0000000082c00000, 0x0000000082c00000| Untracked 
|  45|0x0000000082d00000, 0x0000000082e00000, 0x0000000082e00000|100%|HS|  |TAMS 0x0000000082e00000, 0x0000000082d00000| Complete 
|  46|0x0000000082e00000, 0x0000000082f00000, 0x0000000082f00000|100%|HC|  |TAMS 0x0000000082f00000, 0x0000000082e00000| Complete 
|  47|0x0000000082f00000, 0x0000000083000000, 0x0000000083000000|100%|HS|  |TAMS 0x0000000083000000, 0x0000000082f00000| Complete 
|  48|0x0000000083000000, 0x0000000083100000, 0x0000000083100000|100%|HC|  |TAMS 0x0000000083100000, 0x0000000083000000| Complete 
|  49|0x0000000083100000, 0x0000000083200000, 0x0000000083200000|100%|HC|  |TAMS 0x0000000083200000, 0x0000000083100000| Complete 
|  50|0x0000000083200000, 0x0000000083300000, 0x0000000083300000|100%|HS|  |TAMS 0x0000000083300000, 0x0000000083200000| Complete 
|  51|0x0000000083300000, 0x0000000083400000, 0x0000000083400000|100%|HC|  |TAMS 0x0000000083400000, 0x0000000083300000| Complete 
|  52|0x0000000083400000, 0x0000000083500000, 0x0000000083500000|100%| O|  |TAMS 0x0000000083500000, 0x0000000083400000| Untracked 
|  53|0x0000000083500000, 0x0000000083600000, 0x0000000083600000|100%| O|  |TAMS 0x0000000083600000, 0x0000000083500000| Untracked 
|  54|0x0000000083600000, 0x0000000083700000, 0x0000000083700000|100%| O|  |TAMS 0x0000000083600000, 0x0000000083600000| Untracked 
|  55|0x0000000083700000, 0x0000000083800000, 0x0000000083800000|100%| O|  |TAMS 0x0000000083800000, 0x0000000083700000| Untracked 
|  56|0x0000000083800000, 0x0000000083900000, 0x0000000083900000|100%| O|  |TAMS 0x0000000083900000, 0x0000000083800000| Untracked 
|  57|0x0000000083900000, 0x0000000083a00000, 0x0000000083a00000|100%|HS|  |TAMS 0x0000000083a00000, 0x0000000083900000| Complete 
|  58|0x0000000083a00000, 0x0000000083b00000, 0x0000000083b00000|100%|HC|  |TAMS 0x0000000083b00000, 0x0000000083a00000| Complete 
|  59|0x0000000083b00000, 0x0000000083c00000, 0x0000000083c00000|100%|HC|  |TAMS 0x0000000083c00000, 0x0000000083b00000| Complete 
|  60|0x0000000083c00000, 0x0000000083d00000, 0x0000000083d00000|100%| O|  |TAMS 0x0000000083d00000, 0x0000000083c00000| Untracked 
|  61|0x0000000083d00000, 0x0000000083e00000, 0x0000000083e00000|100%| O|  |TAMS 0x0000000083e00000, 0x0000000083d00000| Untracked 
|  62|0x0000000083e00000, 0x0000000083f00000, 0x0000000083f00000|100%| O|  |TAMS 0x0000000083f00000, 0x0000000083e00000| Untracked 
|  63|0x0000000083f00000, 0x0000000084000000, 0x0000000084000000|100%| O|  |TAMS 0x0000000084000000, 0x0000000083f00000| Untracked 
|  64|0x0000000084000000, 0x0000000084100000, 0x0000000084100000|100%| O|  |TAMS 0x0000000084100000, 0x0000000084000000| Untracked 
|  65|0x0000000084100000, 0x0000000084200000, 0x0000000084200000|100%| O|  |TAMS 0x0000000084200000, 0x0000000084100000| Untracked 
|  66|0x0000000084200000, 0x0000000084300000, 0x0000000084300000|100%| O|  |TAMS 0x0000000084300000, 0x0000000084200000| Untracked 
|  67|0x0000000084300000, 0x0000000084400000, 0x0000000084400000|100%| O|  |TAMS 0x0000000084400000, 0x0000000084300000| Untracked 
|  68|0x0000000084400000, 0x0000000084500000, 0x0000000084500000|100%|HS|  |TAMS 0x0000000084500000, 0x0000000084400000| Complete 
|  69|0x0000000084500000, 0x0000000084600000, 0x0000000084600000|100%|HC|  |TAMS 0x0000000084600000, 0x0000000084500000| Complete 
|  70|0x0000000084600000, 0x0000000084700000, 0x0000000084700000|100%| O|  |TAMS 0x0000000084700000, 0x0000000084600000| Untracked 
|  71|0x0000000084700000, 0x0000000084800000, 0x0000000084800000|100%| O|  |TAMS 0x0000000084800000, 0x0000000084700000| Untracked 
|  72|0x0000000084800000, 0x0000000084900000, 0x0000000084900000|100%| O|  |TAMS 0x0000000084800000, 0x0000000084800000| Untracked 
|  73|0x0000000084900000, 0x0000000084a00000, 0x0000000084a00000|100%| O|  |TAMS 0x0000000084a00000, 0x0000000084900000| Untracked 
|  74|0x0000000084a00000, 0x0000000084b00000, 0x0000000084b00000|100%| O|  |TAMS 0x0000000084b00000, 0x0000000084a00000| Untracked 
|  75|0x0000000084b00000, 0x0000000084c00000, 0x0000000084c00000|100%| O|  |TAMS 0x0000000084c00000, 0x0000000084b00000| Untracked 
|  76|0x0000000084c00000, 0x0000000084d00000, 0x0000000084d00000|100%| O|  |TAMS 0x0000000084d00000, 0x0000000084c00000| Untracked 
|  77|0x0000000084d00000, 0x0000000084e00000, 0x0000000084e00000|100%| O|  |TAMS 0x0000000084d00000, 0x0000000084d00000| Untracked 
|  78|0x0000000084e00000, 0x0000000084f00000, 0x0000000084f00000|100%| O|  |TAMS 0x0000000084e00000, 0x0000000084e00000| Untracked 
|  79|0x0000000084f00000, 0x0000000085000000, 0x0000000085000000|100%| O|  |TAMS 0x0000000085000000, 0x0000000084f00000| Untracked 
|  80|0x0000000085000000, 0x0000000085100000, 0x0000000085100000|100%| O|  |TAMS 0x0000000085100000, 0x0000000085000000| Untracked 
|  81|0x0000000085100000, 0x0000000085200000, 0x0000000085200000|100%| O|  |TAMS 0x0000000085200000, 0x0000000085100000| Untracked 
|  82|0x0000000085200000, 0x0000000085300000, 0x0000000085300000|100%| O|  |TAMS 0x0000000085300000, 0x0000000085200000| Untracked 
|  83|0x0000000085300000, 0x0000000085400000, 0x0000000085400000|100%|HS|  |TAMS 0x0000000085400000, 0x0000000085300000| Complete 
|  84|0x0000000085400000, 0x0000000085500000, 0x0000000085500000|100%|HS|  |TAMS 0x0000000085500000, 0x0000000085400000| Complete 
|  85|0x0000000085500000, 0x0000000085600000, 0x0000000085600000|100%|HS|  |TAMS 0x0000000085600000, 0x0000000085500000| Complete 
|  86|0x0000000085600000, 0x0000000085700000, 0x0000000085700000|100%|HS|  |TAMS 0x0000000085700000, 0x0000000085600000| Complete 
|  87|0x0000000085700000, 0x0000000085800000, 0x0000000085800000|100%| O|  |TAMS 0x0000000085800000, 0x0000000085700000| Untracked 
|  88|0x0000000085800000, 0x0000000085900000, 0x0000000085900000|100%|HS|  |TAMS 0x0000000085900000, 0x0000000085800000| Complete 
|  89|0x0000000085900000, 0x0000000085a00000, 0x0000000085a00000|100%|HS|  |TAMS 0x0000000085a00000, 0x0000000085900000| Complete 
|  90|0x0000000085a00000, 0x0000000085b00000, 0x0000000085b00000|100%|HS|  |TAMS 0x0000000085b00000, 0x0000000085a00000| Complete 
|  91|0x0000000085b00000, 0x0000000085c00000, 0x0000000085c00000|100%|HC|  |TAMS 0x0000000085c00000, 0x0000000085b00000| Complete 
|  92|0x0000000085c00000, 0x0000000085d00000, 0x0000000085d00000|100%| O|  |TAMS 0x0000000085d00000, 0x0000000085c00000| Untracked 
|  93|0x0000000085d00000, 0x0000000085e00000, 0x0000000085e00000|100%| O|  |TAMS 0x0000000085e00000, 0x0000000085d00000| Untracked 
|  94|0x0000000085e00000, 0x0000000085f00000, 0x0000000085f00000|100%|HS|  |TAMS 0x0000000085f00000, 0x0000000085e00000| Complete 
|  95|0x0000000085f00000, 0x0000000086000000, 0x0000000086000000|100%| O|  |TAMS 0x0000000086000000, 0x0000000085f00000| Untracked 
|  96|0x0000000086000000, 0x0000000086100000, 0x0000000086100000|100%| O|  |TAMS 0x0000000086000000, 0x0000000086000000| Untracked 
|  97|0x0000000086100000, 0x0000000086200000, 0x0000000086200000|100%| O|  |TAMS 0x0000000086100000, 0x0000000086100000| Untracked 
|  98|0x0000000086200000, 0x0000000086300000, 0x0000000086300000|100%| O|  |TAMS 0x0000000086300000, 0x0000000086200000| Untracked 
|  99|0x0000000086300000, 0x0000000086400000, 0x0000000086400000|100%| O|  |TAMS 0x0000000086400000, 0x0000000086300000| Untracked 
| 100|0x0000000086400000, 0x0000000086500000, 0x0000000086500000|100%| O|  |TAMS 0x0000000086500000, 0x0000000086400000| Untracked 
| 101|0x0000000086500000, 0x0000000086600000, 0x0000000086600000|100%| O|  |TAMS 0x0000000086600000, 0x0000000086500000| Untracked 
| 102|0x0000000086600000, 0x0000000086700000, 0x0000000086700000|100%| O|  |TAMS 0x0000000086700000, 0x0000000086600000| Untracked 
| 103|0x0000000086700000, 0x0000000086800000, 0x0000000086800000|100%| O|  |TAMS 0x0000000086800000, 0x0000000086700000| Untracked 
| 104|0x0000000086800000, 0x0000000086900000, 0x0000000086900000|100%| O|  |TAMS 0x0000000086900000, 0x0000000086800000| Untracked 
| 105|0x0000000086900000, 0x0000000086a00000, 0x0000000086a00000|100%| O|  |TAMS 0x0000000086a00000, 0x0000000086900000| Untracked 
| 106|0x0000000086a00000, 0x0000000086b00000, 0x0000000086b00000|100%| O|  |TAMS 0x0000000086b00000, 0x0000000086a00000| Untracked 
| 107|0x0000000086b00000, 0x0000000086c00000, 0x0000000086c00000|100%| O|  |TAMS 0x0000000086c00000, 0x0000000086b00000| Untracked 
| 108|0x0000000086c00000, 0x0000000086d00000, 0x0000000086d00000|100%| O|  |TAMS 0x0000000086d00000, 0x0000000086c00000| Untracked 
| 109|0x0000000086d00000, 0x0000000086e00000, 0x0000000086e00000|100%| O|  |TAMS 0x0000000086e00000, 0x0000000086d00000| Untracked 
| 110|0x0000000086e00000, 0x0000000086f00000, 0x0000000086f00000|100%| O|  |TAMS 0x0000000086f00000, 0x0000000086e00000| Untracked 
| 111|0x0000000086f00000, 0x0000000087000000, 0x0000000087000000|100%| O|  |TAMS 0x0000000087000000, 0x0000000086f00000| Untracked 
| 112|0x0000000087000000, 0x0000000087100000, 0x0000000087100000|100%| O|  |TAMS 0x0000000087100000, 0x0000000087000000| Untracked 
| 113|0x0000000087100000, 0x0000000087200000, 0x0000000087200000|100%| O|  |TAMS 0x0000000087200000, 0x0000000087100000| Untracked 
| 114|0x0000000087200000, 0x0000000087300000, 0x0000000087300000|100%| O|  |TAMS 0x0000000087300000, 0x0000000087200000| Untracked 
| 115|0x0000000087300000, 0x0000000087400000, 0x0000000087400000|100%| O|  |TAMS 0x0000000087400000, 0x0000000087300000| Untracked 
| 116|0x0000000087400000, 0x0000000087500000, 0x0000000087500000|100%| O|  |TAMS 0x0000000087500000, 0x0000000087400000| Untracked 
| 117|0x0000000087500000, 0x0000000087600000, 0x0000000087600000|100%| O|  |TAMS 0x0000000087600000, 0x0000000087500000| Untracked 
| 118|0x0000000087600000, 0x0000000087700000, 0x0000000087700000|100%| O|  |TAMS 0x0000000087700000, 0x0000000087600000| Untracked 
| 119|0x0000000087700000, 0x0000000087800000, 0x0000000087800000|100%| O|  |TAMS 0x0000000087800000, 0x0000000087700000| Untracked 
| 120|0x0000000087800000, 0x0000000087900000, 0x0000000087900000|100%| O|  |TAMS 0x0000000087900000, 0x0000000087800000| Untracked 
| 121|0x0000000087900000, 0x0000000087a00000, 0x0000000087a00000|100%| O|  |TAMS 0x0000000087a00000, 0x0000000087900000| Untracked 
| 122|0x0000000087a00000, 0x0000000087b00000, 0x0000000087b00000|100%| O|  |TAMS 0x0000000087b00000, 0x0000000087a00000| Untracked 
| 123|0x0000000087b00000, 0x0000000087c00000, 0x0000000087c00000|100%| O|  |TAMS 0x0000000087c00000, 0x0000000087b00000| Untracked 
| 124|0x0000000087c00000, 0x0000000087d00000, 0x0000000087d00000|100%| O|  |TAMS 0x0000000087d00000, 0x0000000087c00000| Untracked 
| 125|0x0000000087d00000, 0x0000000087e00000, 0x0000000087e00000|100%| O|  |TAMS 0x0000000087e00000, 0x0000000087d00000| Untracked 
| 126|0x0000000087e00000, 0x0000000087f00000, 0x0000000087f00000|100%| O|  |TAMS 0x0000000087f00000, 0x0000000087e00000| Untracked 
| 127|0x0000000087f00000, 0x0000000088000000, 0x0000000088000000|100%| O|  |TAMS 0x0000000088000000, 0x0000000087f00000| Untracked 
| 128|0x0000000088000000, 0x0000000088100000, 0x0000000088100000|100%| O|  |TAMS 0x0000000088100000, 0x0000000088000000| Untracked 
| 129|0x0000000088100000, 0x0000000088200000, 0x0000000088200000|100%| O|  |TAMS 0x0000000088200000, 0x0000000088100000| Untracked 
| 130|0x0000000088200000, 0x0000000088300000, 0x0000000088300000|100%| O|  |TAMS 0x0000000088300000, 0x0000000088200000| Untracked 
| 131|0x0000000088300000, 0x0000000088400000, 0x0000000088400000|100%| O|  |TAMS 0x0000000088400000, 0x0000000088300000| Untracked 
| 132|0x0000000088400000, 0x0000000088500000, 0x0000000088500000|100%| O|  |TAMS 0x0000000088500000, 0x0000000088400000| Untracked 
| 133|0x0000000088500000, 0x0000000088600000, 0x0000000088600000|100%| O|  |TAMS 0x0000000088600000, 0x0000000088500000| Untracked 
| 134|0x0000000088600000, 0x0000000088700000, 0x0000000088700000|100%| O|  |TAMS 0x0000000088600000, 0x0000000088600000| Untracked 
| 135|0x0000000088700000, 0x0000000088800000, 0x0000000088800000|100%| O|  |TAMS 0x0000000088800000, 0x0000000088700000| Untracked 
| 136|0x0000000088800000, 0x0000000088900000, 0x0000000088900000|100%| O|  |TAMS 0x0000000088900000, 0x0000000088800000| Untracked 
| 137|0x0000000088900000, 0x0000000088a00000, 0x0000000088a00000|100%| O|  |TAMS 0x0000000088a00000, 0x0000000088900000| Untracked 
| 138|0x0000000088a00000, 0x0000000088b00000, 0x0000000088b00000|100%| O|  |TAMS 0x0000000088b00000, 0x0000000088a00000| Untracked 
| 139|0x0000000088b00000, 0x0000000088c00000, 0x0000000088c00000|100%| O|  |TAMS 0x0000000088c00000, 0x0000000088b00000| Untracked 
| 140|0x0000000088c00000, 0x0000000088d00000, 0x0000000088d00000|100%| O|  |TAMS 0x0000000088d00000, 0x0000000088c00000| Untracked 
| 141|0x0000000088d00000, 0x0000000088e00000, 0x0000000088e00000|100%| O|  |TAMS 0x0000000088e00000, 0x0000000088d00000| Untracked 
| 142|0x0000000088e00000, 0x0000000088f00000, 0x0000000088f00000|100%| O|  |TAMS 0x0000000088f00000, 0x0000000088e00000| Untracked 
| 143|0x0000000088f00000, 0x0000000089000000, 0x0000000089000000|100%| O|  |TAMS 0x0000000089000000, 0x0000000088f00000| Untracked 
| 144|0x0000000089000000, 0x0000000089100000, 0x0000000089100000|100%| O|  |TAMS 0x0000000089100000, 0x0000000089000000| Untracked 
| 145|0x0000000089100000, 0x0000000089200000, 0x0000000089200000|100%| O|  |TAMS 0x0000000089200000, 0x0000000089100000| Untracked 
| 146|0x0000000089200000, 0x0000000089300000, 0x0000000089300000|100%| O|  |TAMS 0x0000000089300000, 0x0000000089200000| Untracked 
| 147|0x0000000089300000, 0x0000000089400000, 0x0000000089400000|100%| O|  |TAMS 0x0000000089400000, 0x0000000089300000| Untracked 
| 148|0x0000000089400000, 0x0000000089500000, 0x0000000089500000|100%| O|  |TAMS 0x0000000089500000, 0x0000000089400000| Untracked 
| 149|0x0000000089500000, 0x0000000089600000, 0x0000000089600000|100%| O|  |TAMS 0x0000000089500000, 0x0000000089500000| Untracked 
| 150|0x0000000089600000, 0x0000000089700000, 0x0000000089700000|100%|HS|  |TAMS 0x0000000089700000, 0x0000000089600000| Complete 
| 151|0x0000000089700000, 0x0000000089800000, 0x0000000089800000|100%|HS|  |TAMS 0x0000000089800000, 0x0000000089700000| Complete 
| 152|0x0000000089800000, 0x0000000089900000, 0x0000000089900000|100%| O|  |TAMS 0x0000000089800000, 0x0000000089800000| Untracked 
| 153|0x0000000089900000, 0x0000000089a00000, 0x0000000089a00000|100%| O|  |TAMS 0x0000000089900000, 0x0000000089900000| Untracked 
| 154|0x0000000089a00000, 0x0000000089b00000, 0x0000000089b00000|100%| O|  |TAMS 0x0000000089b00000, 0x0000000089a00000| Untracked 
| 155|0x0000000089b00000, 0x0000000089c00000, 0x0000000089c00000|100%| O|  |TAMS 0x0000000089c00000, 0x0000000089b00000| Untracked 
| 156|0x0000000089c00000, 0x0000000089d00000, 0x0000000089d00000|100%| O|  |TAMS 0x0000000089d00000, 0x0000000089c00000| Untracked 
| 157|0x0000000089d00000, 0x0000000089e00000, 0x0000000089e00000|100%| O|  |TAMS 0x0000000089e00000, 0x0000000089d00000| Untracked 
| 158|0x0000000089e00000, 0x0000000089f00000, 0x0000000089f00000|100%| O|  |TAMS 0x0000000089f00000, 0x0000000089e00000| Untracked 
| 159|0x0000000089f00000, 0x000000008a000000, 0x000000008a000000|100%| O|  |TAMS 0x000000008a000000, 0x0000000089f00000| Untracked 
| 160|0x000000008a000000, 0x000000008a100000, 0x000000008a100000|100%| O|  |TAMS 0x000000008a100000, 0x000000008a000000| Untracked 
| 161|0x000000008a100000, 0x000000008a200000, 0x000000008a200000|100%| O|  |TAMS 0x000000008a200000, 0x000000008a100000| Untracked 
| 162|0x000000008a200000, 0x000000008a300000, 0x000000008a300000|100%| O|  |TAMS 0x000000008a300000, 0x000000008a200000| Untracked 
| 163|0x000000008a300000, 0x000000008a400000, 0x000000008a400000|100%| O|  |TAMS 0x000000008a400000, 0x000000008a300000| Untracked 
| 164|0x000000008a400000, 0x000000008a500000, 0x000000008a500000|100%| O|  |TAMS 0x000000008a500000, 0x000000008a400000| Untracked 
| 165|0x000000008a500000, 0x000000008a600000, 0x000000008a600000|100%| O|  |TAMS 0x000000008a600000, 0x000000008a500000| Untracked 
| 166|0x000000008a600000, 0x000000008a700000, 0x000000008a700000|100%| O|  |TAMS 0x000000008a700000, 0x000000008a600000| Untracked 
| 167|0x000000008a700000, 0x000000008a800000, 0x000000008a800000|100%| O|  |TAMS 0x000000008a800000, 0x000000008a700000| Untracked 
| 168|0x000000008a800000, 0x000000008a900000, 0x000000008a900000|100%| O|  |TAMS 0x000000008a900000, 0x000000008a800000| Untracked 
| 169|0x000000008a900000, 0x000000008aa00000, 0x000000008aa00000|100%| O|  |TAMS 0x000000008aa00000, 0x000000008a900000| Untracked 
| 170|0x000000008aa00000, 0x000000008ab00000, 0x000000008ab00000|100%| O|  |TAMS 0x000000008ab00000, 0x000000008aa00000| Untracked 
| 171|0x000000008ab00000, 0x000000008ac00000, 0x000000008ac00000|100%| O|  |TAMS 0x000000008ac00000, 0x000000008ab00000| Untracked 
| 172|0x000000008ac00000, 0x000000008ad00000, 0x000000008ad00000|100%| O|  |TAMS 0x000000008ad00000, 0x000000008ac00000| Untracked 
| 173|0x000000008ad00000, 0x000000008ae00000, 0x000000008ae00000|100%| O|  |TAMS 0x000000008ad00000, 0x000000008ad00000| Untracked 
| 174|0x000000008ae00000, 0x000000008af00000, 0x000000008af00000|100%| O|  |TAMS 0x000000008af00000, 0x000000008ae00000| Untracked 
| 175|0x000000008af00000, 0x000000008b000000, 0x000000008b000000|100%| O|  |TAMS 0x000000008af00000, 0x000000008af00000| Untracked 
| 176|0x000000008b000000, 0x000000008b100000, 0x000000008b100000|100%|HS|  |TAMS 0x000000008b100000, 0x000000008b000000| Complete 
| 177|0x000000008b100000, 0x000000008b200000, 0x000000008b200000|100%| O|  |TAMS 0x000000008b200000, 0x000000008b100000| Untracked 
| 178|0x000000008b200000, 0x000000008b300000, 0x000000008b300000|100%| O|  |TAMS 0x000000008b300000, 0x000000008b200000| Untracked 
| 179|0x000000008b300000, 0x000000008b400000, 0x000000008b400000|100%| O|  |TAMS 0x000000008b400000, 0x000000008b300000| Untracked 
| 180|0x000000008b400000, 0x000000008b500000, 0x000000008b500000|100%| O|  |TAMS 0x000000008b500000, 0x000000008b400000| Untracked 
| 181|0x000000008b500000, 0x000000008b600000, 0x000000008b600000|100%| O|  |TAMS 0x000000008b600000, 0x000000008b500000| Untracked 
| 182|0x000000008b600000, 0x000000008b700000, 0x000000008b700000|100%| O|  |TAMS 0x000000008b700000, 0x000000008b600000| Untracked 
| 183|0x000000008b700000, 0x000000008b800000, 0x000000008b800000|100%| O|  |TAMS 0x000000008b800000, 0x000000008b700000| Untracked 
| 184|0x000000008b800000, 0x000000008b900000, 0x000000008b900000|100%| O|  |TAMS 0x000000008b800000, 0x000000008b800000| Untracked 
| 185|0x000000008b900000, 0x000000008ba00000, 0x000000008ba00000|100%| O|  |TAMS 0x000000008ba00000, 0x000000008b900000| Untracked 
| 186|0x000000008ba00000, 0x000000008bb00000, 0x000000008bb00000|100%| O|  |TAMS 0x000000008bb00000, 0x000000008ba00000| Untracked 
| 187|0x000000008bb00000, 0x000000008bc00000, 0x000000008bc00000|100%|HS|  |TAMS 0x000000008bc00000, 0x000000008bb00000| Complete 
| 188|0x000000008bc00000, 0x000000008bd00000, 0x000000008bd00000|100%|HS|  |TAMS 0x000000008bd00000, 0x000000008bc00000| Complete 
| 189|0x000000008bd00000, 0x000000008be00000, 0x000000008be00000|100%| O|  |TAMS 0x000000008be00000, 0x000000008bd00000| Untracked 
| 190|0x000000008be00000, 0x000000008bf00000, 0x000000008bf00000|100%| O|  |TAMS 0x000000008bf00000, 0x000000008be00000| Untracked 
| 191|0x000000008bf00000, 0x000000008c000000, 0x000000008c000000|100%| O|  |TAMS 0x000000008c000000, 0x000000008bf00000| Untracked 
| 192|0x000000008c000000, 0x000000008c100000, 0x000000008c100000|100%| O|  |TAMS 0x000000008c000000, 0x000000008c000000| Untracked 
| 193|0x000000008c100000, 0x000000008c200000, 0x000000008c200000|100%| O|  |TAMS 0x000000008c100000, 0x000000008c100000| Untracked 
| 194|0x000000008c200000, 0x000000008c300000, 0x000000008c300000|100%| O|  |TAMS 0x000000008c300000, 0x000000008c200000| Untracked 
| 195|0x000000008c300000, 0x000000008c400000, 0x000000008c400000|100%| O|  |TAMS 0x000000008c400000, 0x000000008c300000| Untracked 
| 196|0x000000008c400000, 0x000000008c500000, 0x000000008c500000|100%| O|  |TAMS 0x000000008c500000, 0x000000008c400000| Untracked 
| 197|0x000000008c500000, 0x000000008c600000, 0x000000008c600000|100%| O|  |TAMS 0x000000008c600000, 0x000000008c500000| Untracked 
| 198|0x000000008c600000, 0x000000008c700000, 0x000000008c700000|100%| O|  |TAMS 0x000000008c700000, 0x000000008c600000| Untracked 
| 199|0x000000008c700000, 0x000000008c800000, 0x000000008c800000|100%| O|  |TAMS 0x000000008c800000, 0x000000008c700000| Untracked 
| 200|0x000000008c800000, 0x000000008c900000, 0x000000008c900000|100%| O|  |TAMS 0x000000008c900000, 0x000000008c800000| Untracked 
| 201|0x000000008c900000, 0x000000008ca00000, 0x000000008ca00000|100%| O|  |TAMS 0x000000008ca00000, 0x000000008c900000| Untracked 
| 202|0x000000008ca00000, 0x000000008cb00000, 0x000000008cb00000|100%| O|  |TAMS 0x000000008cb00000, 0x000000008ca00000| Untracked 
| 203|0x000000008cb00000, 0x000000008cc00000, 0x000000008cc00000|100%|HS|  |TAMS 0x000000008cc00000, 0x000000008cb00000| Complete 
| 204|0x000000008cc00000, 0x000000008cd00000, 0x000000008cd00000|100%|HS|  |TAMS 0x000000008cd00000, 0x000000008cc00000| Complete 
| 205|0x000000008cd00000, 0x000000008ce00000, 0x000000008ce00000|100%|HS|  |TAMS 0x000000008ce00000, 0x000000008cd00000| Complete 
| 206|0x000000008ce00000, 0x000000008cf00000, 0x000000008cf00000|100%| O|  |TAMS 0x000000008cf00000, 0x000000008ce00000| Untracked 
| 207|0x000000008cf00000, 0x000000008d000000, 0x000000008d000000|100%| O|  |TAMS 0x000000008cf00000, 0x000000008cf00000| Untracked 
| 208|0x000000008d000000, 0x000000008d100000, 0x000000008d100000|100%| O|  |TAMS 0x000000008d100000, 0x000000008d000000| Untracked 
| 209|0x000000008d100000, 0x000000008d200000, 0x000000008d200000|100%| O|  |TAMS 0x000000008d200000, 0x000000008d100000| Untracked 
| 210|0x000000008d200000, 0x000000008d300000, 0x000000008d300000|100%| O|  |TAMS 0x000000008d300000, 0x000000008d200000| Untracked 
| 211|0x000000008d300000, 0x000000008d400000, 0x000000008d400000|100%| O|  |TAMS 0x000000008d400000, 0x000000008d300000| Untracked 
| 212|0x000000008d400000, 0x000000008d500000, 0x000000008d500000|100%| O|  |TAMS 0x000000008d500000, 0x000000008d400000| Untracked 
| 213|0x000000008d500000, 0x000000008d600000, 0x000000008d600000|100%| O|  |TAMS 0x000000008d600000, 0x000000008d500000| Untracked 
| 214|0x000000008d600000, 0x000000008d700000, 0x000000008d700000|100%| O|  |TAMS 0x000000008d700000, 0x000000008d600000| Untracked 
| 215|0x000000008d700000, 0x000000008d800000, 0x000000008d800000|100%| O|  |TAMS 0x000000008d800000, 0x000000008d700000| Untracked 
| 216|0x000000008d800000, 0x000000008d900000, 0x000000008d900000|100%| O|  |TAMS 0x000000008d900000, 0x000000008d800000| Untracked 
| 217|0x000000008d900000, 0x000000008da00000, 0x000000008da00000|100%| O|  |TAMS 0x000000008da00000, 0x000000008d900000| Untracked 
| 218|0x000000008da00000, 0x000000008db00000, 0x000000008db00000|100%| O|  |TAMS 0x000000008db00000, 0x000000008da00000| Untracked 
| 219|0x000000008db00000, 0x000000008dc00000, 0x000000008dc00000|100%| O|  |TAMS 0x000000008dc00000, 0x000000008db00000| Untracked 
| 220|0x000000008dc00000, 0x000000008dd00000, 0x000000008dd00000|100%| O|  |TAMS 0x000000008dc00000, 0x000000008dc00000| Untracked 
| 221|0x000000008dd00000, 0x000000008de00000, 0x000000008de00000|100%|HS|  |TAMS 0x000000008de00000, 0x000000008dd00000| Complete 
| 222|0x000000008de00000, 0x000000008df00000, 0x000000008df00000|100%|HS|  |TAMS 0x000000008df00000, 0x000000008de00000| Complete 
| 223|0x000000008df00000, 0x000000008e000000, 0x000000008e000000|100%| O|  |TAMS 0x000000008e000000, 0x000000008df00000| Untracked 
| 224|0x000000008e000000, 0x000000008e100000, 0x000000008e100000|100%| O|  |TAMS 0x000000008e000000, 0x000000008e000000| Untracked 
| 225|0x000000008e100000, 0x000000008e200000, 0x000000008e200000|100%| O|  |TAMS 0x000000008e200000, 0x000000008e100000| Untracked 
| 226|0x000000008e200000, 0x000000008e300000, 0x000000008e300000|100%| O|  |TAMS 0x000000008e300000, 0x000000008e200000| Untracked 
| 227|0x000000008e300000, 0x000000008e400000, 0x000000008e400000|100%| O|  |TAMS 0x000000008e400000, 0x000000008e300000| Untracked 
| 228|0x000000008e400000, 0x000000008e500000, 0x000000008e500000|100%| O|  |TAMS 0x000000008e500000, 0x000000008e400000| Untracked 
| 229|0x000000008e500000, 0x000000008e600000, 0x000000008e600000|100%| O|  |TAMS 0x000000008e600000, 0x000000008e500000| Untracked 
| 230|0x000000008e600000, 0x000000008e700000, 0x000000008e700000|100%| O|  |TAMS 0x000000008e700000, 0x000000008e600000| Untracked 
| 231|0x000000008e700000, 0x000000008e800000, 0x000000008e800000|100%| O|  |TAMS 0x000000008e800000, 0x000000008e700000| Untracked 
| 232|0x000000008e800000, 0x000000008e900000, 0x000000008e900000|100%| O|  |TAMS 0x000000008e900000, 0x000000008e800000| Untracked 
| 233|0x000000008e900000, 0x000000008ea00000, 0x000000008ea00000|100%| O|  |TAMS 0x000000008ea00000, 0x000000008e900000| Untracked 
| 234|0x000000008ea00000, 0x000000008eb00000, 0x000000008eb00000|100%| O|  |TAMS 0x000000008eb00000, 0x000000008ea00000| Untracked 
| 235|0x000000008eb00000, 0x000000008ec00000, 0x000000008ec00000|100%| O|  |TAMS 0x000000008ec00000, 0x000000008eb00000| Untracked 
| 236|0x000000008ec00000, 0x000000008ed00000, 0x000000008ed00000|100%| O|  |TAMS 0x000000008ed00000, 0x000000008ec00000| Untracked 
| 237|0x000000008ed00000, 0x000000008ee00000, 0x000000008ee00000|100%| O|  |TAMS 0x000000008ee00000, 0x000000008ed00000| Untracked 
| 238|0x000000008ee00000, 0x000000008ef00000, 0x000000008ef00000|100%| O|  |TAMS 0x000000008ef00000, 0x000000008ee00000| Untracked 
| 239|0x000000008ef00000, 0x000000008f000000, 0x000000008f000000|100%| O|  |TAMS 0x000000008ef00000, 0x000000008ef00000| Untracked 
| 240|0x000000008f000000, 0x000000008f100000, 0x000000008f100000|100%| O|  |TAMS 0x000000008f000000, 0x000000008f000000| Untracked 
| 241|0x000000008f100000, 0x000000008f200000, 0x000000008f200000|100%| O|  |TAMS 0x000000008f200000, 0x000000008f100000| Untracked 
| 242|0x000000008f200000, 0x000000008f300000, 0x000000008f300000|100%| O|  |TAMS 0x000000008f300000, 0x000000008f200000| Untracked 
| 243|0x000000008f300000, 0x000000008f400000, 0x000000008f400000|100%| O|  |TAMS 0x000000008f400000, 0x000000008f300000| Untracked 
| 244|0x000000008f400000, 0x000000008f500000, 0x000000008f500000|100%| O|  |TAMS 0x000000008f500000, 0x000000008f400000| Untracked 
| 245|0x000000008f500000, 0x000000008f600000, 0x000000008f600000|100%| O|  |TAMS 0x000000008f600000, 0x000000008f500000| Untracked 
| 246|0x000000008f600000, 0x000000008f700000, 0x000000008f700000|100%| O|  |TAMS 0x000000008f700000, 0x000000008f600000| Untracked 
| 247|0x000000008f700000, 0x000000008f800000, 0x000000008f800000|100%| O|  |TAMS 0x000000008f800000, 0x000000008f700000| Untracked 
| 248|0x000000008f800000, 0x000000008f900000, 0x000000008f900000|100%| O|  |TAMS 0x000000008f900000, 0x000000008f800000| Untracked 
| 249|0x000000008f900000, 0x000000008fa00000, 0x000000008fa00000|100%| O|  |TAMS 0x000000008fa00000, 0x000000008f900000| Untracked 
| 250|0x000000008fa00000, 0x000000008fb00000, 0x000000008fb00000|100%| O|  |TAMS 0x000000008fb00000, 0x000000008fa00000| Untracked 
| 251|0x000000008fb00000, 0x000000008fc00000, 0x000000008fc00000|100%| O|  |TAMS 0x000000008fc00000, 0x000000008fb00000| Untracked 
| 252|0x000000008fc00000, 0x000000008fd00000, 0x000000008fd00000|100%| O|  |TAMS 0x000000008fd00000, 0x000000008fc00000| Untracked 
| 253|0x000000008fd00000, 0x000000008fe00000, 0x000000008fe00000|100%| O|  |TAMS 0x000000008fe00000, 0x000000008fd00000| Untracked 
| 254|0x000000008fe00000, 0x000000008ff00000, 0x000000008ff00000|100%| O|  |TAMS 0x000000008ff00000, 0x000000008fe00000| Untracked 
| 255|0x000000008ff00000, 0x0000000090000000, 0x0000000090000000|100%| O|  |TAMS 0x0000000090000000, 0x000000008ff00000| Untracked 
| 256|0x0000000090000000, 0x0000000090100000, 0x0000000090100000|100%| O|  |TAMS 0x0000000090100000, 0x0000000090000000| Untracked 
| 257|0x0000000090100000, 0x0000000090200000, 0x0000000090200000|100%| O|  |TAMS 0x0000000090200000, 0x0000000090100000| Untracked 
| 258|0x0000000090200000, 0x0000000090300000, 0x0000000090300000|100%| O|  |TAMS 0x0000000090300000, 0x0000000090200000| Untracked 
| 259|0x0000000090300000, 0x0000000090400000, 0x0000000090400000|100%| O|  |TAMS 0x0000000090400000, 0x0000000090300000| Untracked 
| 260|0x0000000090400000, 0x0000000090500000, 0x0000000090500000|100%| O|  |TAMS 0x0000000090500000, 0x0000000090400000| Untracked 
| 261|0x0000000090500000, 0x0000000090600000, 0x0000000090600000|100%| O|  |TAMS 0x0000000090600000, 0x0000000090500000| Untracked 
| 262|0x0000000090600000, 0x0000000090700000, 0x0000000090700000|100%| O|  |TAMS 0x0000000090700000, 0x0000000090600000| Untracked 
| 263|0x0000000090700000, 0x0000000090800000, 0x0000000090800000|100%| O|  |TAMS 0x0000000090800000, 0x0000000090700000| Untracked 
| 264|0x0000000090800000, 0x0000000090900000, 0x0000000090900000|100%| O|  |TAMS 0x0000000090900000, 0x0000000090800000| Untracked 
| 265|0x0000000090900000, 0x0000000090a00000, 0x0000000090a00000|100%| O|  |TAMS 0x0000000090a00000, 0x0000000090900000| Untracked 
| 266|0x0000000090a00000, 0x0000000090b00000, 0x0000000090b00000|100%| O|  |TAMS 0x0000000090b00000, 0x0000000090a00000| Untracked 
| 267|0x0000000090b00000, 0x0000000090c00000, 0x0000000090c00000|100%| O|  |TAMS 0x0000000090c00000, 0x0000000090b00000| Untracked 
| 268|0x0000000090c00000, 0x0000000090d00000, 0x0000000090d00000|100%| O|  |TAMS 0x0000000090d00000, 0x0000000090c00000| Untracked 
| 269|0x0000000090d00000, 0x0000000090e00000, 0x0000000090e00000|100%| O|  |TAMS 0x0000000090e00000, 0x0000000090d00000| Untracked 
| 270|0x0000000090e00000, 0x0000000090f00000, 0x0000000090f00000|100%| O|  |TAMS 0x0000000090f00000, 0x0000000090e00000| Untracked 
| 271|0x0000000090f00000, 0x0000000091000000, 0x0000000091000000|100%| O|  |TAMS 0x0000000091000000, 0x0000000090f00000| Untracked 
| 272|0x0000000091000000, 0x0000000091100000, 0x0000000091100000|100%|HS|  |TAMS 0x0000000091000000, 0x0000000091000000| Complete 
| 273|0x0000000091100000, 0x0000000091200000, 0x0000000091200000|100%|HC|  |TAMS 0x0000000091100000, 0x0000000091100000| Complete 
| 274|0x0000000091200000, 0x0000000091300000, 0x0000000091300000|100%| O|  |TAMS 0x0000000091300000, 0x0000000091200000| Untracked 
| 275|0x0000000091300000, 0x0000000091400000, 0x0000000091400000|100%| O|  |TAMS 0x0000000091400000, 0x0000000091300000| Untracked 
| 276|0x0000000091400000, 0x0000000091500000, 0x0000000091500000|100%| O|  |TAMS 0x0000000091500000, 0x0000000091400000| Untracked 
| 277|0x0000000091500000, 0x0000000091600000, 0x0000000091600000|100%| O|  |TAMS 0x0000000091600000, 0x0000000091500000| Untracked 
| 278|0x0000000091600000, 0x0000000091700000, 0x0000000091700000|100%| O|  |TAMS 0x0000000091700000, 0x0000000091600000| Untracked 
| 279|0x0000000091700000, 0x0000000091800000, 0x0000000091800000|100%| O|  |TAMS 0x0000000091800000, 0x0000000091700000| Untracked 
| 280|0x0000000091800000, 0x0000000091900000, 0x0000000091900000|100%| O|  |TAMS 0x0000000091900000, 0x0000000091800000| Untracked 
| 281|0x0000000091900000, 0x0000000091a00000, 0x0000000091a00000|100%| O|  |TAMS 0x0000000091a00000, 0x0000000091900000| Untracked 
| 282|0x0000000091a00000, 0x0000000091b00000, 0x0000000091b00000|100%| O|  |TAMS 0x0000000091b00000, 0x0000000091a00000| Untracked 
| 283|0x0000000091b00000, 0x0000000091c00000, 0x0000000091c00000|100%| O|  |TAMS 0x0000000091c00000, 0x0000000091b00000| Untracked 
| 284|0x0000000091c00000, 0x0000000091d00000, 0x0000000091d00000|100%| O|  |TAMS 0x0000000091c00000, 0x0000000091c00000| Untracked 
| 285|0x0000000091d00000, 0x0000000091e00000, 0x0000000091e00000|100%| O|  |TAMS 0x0000000091d00000, 0x0000000091d00000| Untracked 
| 286|0x0000000091e00000, 0x0000000091f00000, 0x0000000091f00000|100%| O|  |TAMS 0x0000000091f00000, 0x0000000091e00000| Untracked 
| 287|0x0000000091f00000, 0x0000000092000000, 0x0000000092000000|100%| O|  |TAMS 0x0000000091f00000, 0x0000000091f00000| Untracked 
| 288|0x0000000092000000, 0x0000000092100000, 0x0000000092100000|100%| O|  |TAMS 0x0000000092000000, 0x0000000092000000| Untracked 
| 289|0x0000000092100000, 0x0000000092200000, 0x0000000092200000|100%|HS|  |TAMS 0x0000000092100000, 0x0000000092100000| Complete 
| 290|0x0000000092200000, 0x0000000092300000, 0x0000000092300000|100%|HC|  |TAMS 0x0000000092200000, 0x0000000092200000| Complete 
| 291|0x0000000092300000, 0x0000000092400000, 0x0000000092400000|100%| O|  |TAMS 0x0000000092300000, 0x0000000092300000| Untracked 
| 292|0x0000000092400000, 0x0000000092500000, 0x0000000092500000|100%| O|  |TAMS 0x0000000092400000, 0x0000000092400000| Untracked 
| 293|0x0000000092500000, 0x0000000092600000, 0x0000000092600000|100%| O|  |TAMS 0x0000000092500000, 0x0000000092500000| Untracked 
| 294|0x0000000092600000, 0x0000000092700000, 0x0000000092700000|100%| O|  |TAMS 0x0000000092600000, 0x0000000092600000| Untracked 
| 295|0x0000000092700000, 0x0000000092800000, 0x0000000092800000|100%| O|  |TAMS 0x0000000092700000, 0x0000000092700000| Untracked 
| 296|0x0000000092800000, 0x0000000092900000, 0x0000000092900000|100%| O|  |TAMS 0x0000000092800000, 0x0000000092800000| Untracked 
| 297|0x0000000092900000, 0x0000000092a00000, 0x0000000092a00000|100%| O|  |TAMS 0x0000000092900000, 0x0000000092900000| Untracked 
| 298|0x0000000092a00000, 0x0000000092b00000, 0x0000000092b00000|100%| O|  |TAMS 0x0000000092a00000, 0x0000000092a00000| Untracked 
| 299|0x0000000092b00000, 0x0000000092c00000, 0x0000000092c00000|100%| O|  |TAMS 0x0000000092b00000, 0x0000000092b00000| Untracked 
| 300|0x0000000092c00000, 0x0000000092d00000, 0x0000000092d00000|100%| O|  |TAMS 0x0000000092c00000, 0x0000000092c00000| Untracked 
| 301|0x0000000092d00000, 0x0000000092e00000, 0x0000000092e00000|100%| O|  |TAMS 0x0000000092d00000, 0x0000000092d00000| Untracked 
| 302|0x0000000092e00000, 0x0000000092f00000, 0x0000000092f00000|100%| O|  |TAMS 0x0000000092e00000, 0x0000000092e00000| Untracked 
| 303|0x0000000092f00000, 0x0000000093000000, 0x0000000093000000|100%| O|  |TAMS 0x0000000093000000, 0x0000000092f00000| Untracked 
| 304|0x0000000093000000, 0x0000000093100000, 0x0000000093100000|100%| O|  |TAMS 0x0000000093100000, 0x0000000093000000| Untracked 
| 305|0x0000000093100000, 0x0000000093200000, 0x0000000093200000|100%| O|  |TAMS 0x0000000093100000, 0x0000000093100000| Untracked 
| 306|0x0000000093200000, 0x0000000093300000, 0x0000000093300000|100%| O|  |TAMS 0x0000000093200000, 0x0000000093200000| Untracked 
| 307|0x0000000093300000, 0x0000000093400000, 0x0000000093400000|100%| O|  |TAMS 0x0000000093300000, 0x0000000093300000| Untracked 
| 308|0x0000000093400000, 0x0000000093500000, 0x0000000093500000|100%| O|  |TAMS 0x0000000093400000, 0x0000000093400000| Untracked 
| 309|0x0000000093500000, 0x0000000093600000, 0x0000000093600000|100%| O|  |TAMS 0x0000000093500000, 0x0000000093500000| Untracked 
| 310|0x0000000093600000, 0x0000000093700000, 0x0000000093700000|100%| O|  |TAMS 0x0000000093600000, 0x0000000093600000| Untracked 
| 311|0x0000000093700000, 0x0000000093800000, 0x0000000093800000|100%| O|  |TAMS 0x0000000093700000, 0x0000000093700000| Untracked 
| 312|0x0000000093800000, 0x0000000093900000, 0x0000000093900000|100%| O|  |TAMS 0x0000000093800000, 0x0000000093800000| Untracked 
| 313|0x0000000093900000, 0x0000000093a00000, 0x0000000093a00000|100%| O|  |TAMS 0x0000000093900000, 0x0000000093900000| Untracked 
| 314|0x0000000093a00000, 0x0000000093b00000, 0x0000000093b00000|100%| O|  |TAMS 0x0000000093a00000, 0x0000000093a00000| Untracked 
| 315|0x0000000093b00000, 0x0000000093c00000, 0x0000000093c00000|100%| O|  |TAMS 0x0000000093b00000, 0x0000000093b00000| Untracked 
| 316|0x0000000093c00000, 0x0000000093d00000, 0x0000000093d00000|100%| O|  |TAMS 0x0000000093c00000, 0x0000000093c00000| Untracked 
| 317|0x0000000093d00000, 0x0000000093e00000, 0x0000000093e00000|100%|HS|  |TAMS 0x0000000093d00000, 0x0000000093d00000| Complete 
| 318|0x0000000093e00000, 0x0000000093f00000, 0x0000000093f00000|100%|HC|  |TAMS 0x0000000093e00000, 0x0000000093e00000| Complete 
| 319|0x0000000093f00000, 0x0000000094000000, 0x0000000094000000|100%| O|  |TAMS 0x0000000093f00000, 0x0000000093f00000| Untracked 
| 320|0x0000000094000000, 0x0000000094100000, 0x0000000094100000|100%| O|  |TAMS 0x0000000094000000, 0x0000000094000000| Untracked 
| 321|0x0000000094100000, 0x0000000094200000, 0x0000000094200000|100%| O|  |TAMS 0x0000000094100000, 0x0000000094100000| Untracked 
| 322|0x0000000094200000, 0x0000000094300000, 0x0000000094300000|100%| O|  |TAMS 0x0000000094200000, 0x0000000094200000| Untracked 
| 323|0x0000000094300000, 0x0000000094400000, 0x0000000094400000|100%| O|  |TAMS 0x0000000094300000, 0x0000000094300000| Untracked 
| 324|0x0000000094400000, 0x0000000094500000, 0x0000000094500000|100%| O|  |TAMS 0x0000000094400000, 0x0000000094400000| Untracked 
| 325|0x0000000094500000, 0x0000000094600000, 0x0000000094600000|100%|HS|  |TAMS 0x0000000094500000, 0x0000000094500000| Complete 
| 326|0x0000000094600000, 0x0000000094700000, 0x0000000094700000|100%|HC|  |TAMS 0x0000000094600000, 0x0000000094600000| Complete 
| 327|0x0000000094700000, 0x0000000094800000, 0x0000000094800000|100%| O|  |TAMS 0x0000000094700000, 0x0000000094700000| Untracked 
| 328|0x0000000094800000, 0x0000000094900000, 0x0000000094900000|100%| O|  |TAMS 0x0000000094800000, 0x0000000094800000| Untracked 
| 329|0x0000000094900000, 0x0000000094a00000, 0x0000000094a00000|100%| O|  |TAMS 0x0000000094900000, 0x0000000094900000| Untracked 
| 330|0x0000000094a00000, 0x0000000094b00000, 0x0000000094b00000|100%| O|  |TAMS 0x0000000094b00000, 0x0000000094a00000| Untracked 
| 331|0x0000000094b00000, 0x0000000094c00000, 0x0000000094c00000|100%| O|  |TAMS 0x0000000094b00000, 0x0000000094b00000| Untracked 
| 332|0x0000000094c00000, 0x0000000094d00000, 0x0000000094d00000|100%| O|  |TAMS 0x0000000094c00000, 0x0000000094c00000| Untracked 
| 333|0x0000000094d00000, 0x0000000094e00000, 0x0000000094e00000|100%| O|  |TAMS 0x0000000094e00000, 0x0000000094d00000| Untracked 
| 334|0x0000000094e00000, 0x0000000094f00000, 0x0000000094f00000|100%| O|  |TAMS 0x0000000094e00000, 0x0000000094e00000| Untracked 
| 335|0x0000000094f00000, 0x0000000095000000, 0x0000000095000000|100%| O|  |TAMS 0x0000000094f00000, 0x0000000094f00000| Untracked 
| 336|0x0000000095000000, 0x0000000095100000, 0x0000000095100000|100%| O|  |TAMS 0x0000000095100000, 0x0000000095000000| Untracked 
| 337|0x0000000095100000, 0x0000000095200000, 0x0000000095200000|100%| O|  |TAMS 0x0000000095200000, 0x0000000095100000| Untracked 
| 338|0x0000000095200000, 0x0000000095300000, 0x0000000095300000|100%| O|  |TAMS 0x0000000095300000, 0x0000000095200000| Untracked 
| 339|0x0000000095300000, 0x0000000095400000, 0x0000000095400000|100%| O|  |TAMS 0x0000000095400000, 0x0000000095300000| Untracked 
| 340|0x0000000095400000, 0x0000000095500000, 0x0000000095500000|100%| O|  |TAMS 0x0000000095500000, 0x0000000095400000| Untracked 
| 341|0x0000000095500000, 0x0000000095600000, 0x0000000095600000|100%| O|  |TAMS 0x0000000095600000, 0x0000000095500000| Untracked 
| 342|0x0000000095600000, 0x0000000095700000, 0x0000000095700000|100%| O|  |TAMS 0x0000000095600000, 0x0000000095600000| Untracked 
| 343|0x0000000095700000, 0x0000000095800000, 0x0000000095800000|100%| O|  |TAMS 0x0000000095700000, 0x0000000095700000| Untracked 
| 344|0x0000000095800000, 0x0000000095900000, 0x0000000095900000|100%| O|  |TAMS 0x0000000095800000, 0x0000000095800000| Untracked 
| 345|0x0000000095900000, 0x0000000095a00000, 0x0000000095a00000|100%| O|  |TAMS 0x0000000095900000, 0x0000000095900000| Untracked 
| 346|0x0000000095a00000, 0x0000000095b00000, 0x0000000095b00000|100%|HS|  |TAMS 0x0000000095a00000, 0x0000000095a00000| Complete 
| 347|0x0000000095b00000, 0x0000000095c00000, 0x0000000095c00000|100%|HC|  |TAMS 0x0000000095b00000, 0x0000000095b00000| Complete 
| 348|0x0000000095c00000, 0x0000000095d00000, 0x0000000095d00000|100%| O|  |TAMS 0x0000000095c00000, 0x0000000095c00000| Untracked 
| 349|0x0000000095d00000, 0x0000000095e00000, 0x0000000095e00000|100%| O|  |TAMS 0x0000000095d00000, 0x0000000095d00000| Untracked 
| 350|0x0000000095e00000, 0x0000000095f00000, 0x0000000095f00000|100%| O|  |TAMS 0x0000000095e00000, 0x0000000095e00000| Untracked 
| 351|0x0000000095f00000, 0x0000000096000000, 0x0000000096000000|100%| O|  |TAMS 0x0000000095f00000, 0x0000000095f00000| Untracked 
| 352|0x0000000096000000, 0x0000000096100000, 0x0000000096100000|100%| O|  |TAMS 0x0000000096000000, 0x0000000096000000| Untracked 
| 353|0x0000000096100000, 0x0000000096200000, 0x0000000096200000|100%| O|  |TAMS 0x0000000096100000, 0x0000000096100000| Untracked 
| 354|0x0000000096200000, 0x0000000096300000, 0x0000000096300000|100%| O|  |TAMS 0x0000000096200000, 0x0000000096200000| Untracked 
| 355|0x0000000096300000, 0x0000000096400000, 0x0000000096400000|100%| O|  |TAMS 0x0000000096400000, 0x0000000096300000| Untracked 
| 356|0x0000000096400000, 0x0000000096500000, 0x0000000096500000|100%| O|  |TAMS 0x0000000096500000, 0x0000000096400000| Untracked 
| 357|0x0000000096500000, 0x0000000096600000, 0x0000000096600000|100%| O|  |TAMS 0x0000000096500000, 0x0000000096500000| Untracked 
| 358|0x0000000096600000, 0x0000000096700000, 0x0000000096700000|100%| O|  |TAMS 0x0000000096600000, 0x0000000096600000| Untracked 
| 359|0x0000000096700000, 0x0000000096800000, 0x0000000096800000|100%| O|  |TAMS 0x0000000096800000, 0x0000000096700000| Untracked 
| 360|0x0000000096800000, 0x0000000096900000, 0x0000000096900000|100%| O|  |TAMS 0x0000000096900000, 0x0000000096800000| Untracked 
| 361|0x0000000096900000, 0x0000000096a00000, 0x0000000096a00000|100%| O|  |TAMS 0x0000000096a00000, 0x0000000096900000| Untracked 
| 362|0x0000000096a00000, 0x0000000096b00000, 0x0000000096b00000|100%| O|  |TAMS 0x0000000096a00000, 0x0000000096a00000| Untracked 
| 363|0x0000000096b00000, 0x0000000096c00000, 0x0000000096c00000|100%| O|  |TAMS 0x0000000096b00000, 0x0000000096b00000| Untracked 
| 364|0x0000000096c00000, 0x0000000096d00000, 0x0000000096d00000|100%| O|  |TAMS 0x0000000096c00000, 0x0000000096c00000| Untracked 
| 365|0x0000000096d00000, 0x0000000096e00000, 0x0000000096e00000|100%| O|  |TAMS 0x0000000096d00000, 0x0000000096d00000| Untracked 
| 366|0x0000000096e00000, 0x0000000096f00000, 0x0000000096f00000|100%| O|  |TAMS 0x0000000096e00000, 0x0000000096e00000| Untracked 
| 367|0x0000000096f00000, 0x0000000097000000, 0x0000000097000000|100%| O|  |TAMS 0x0000000096f00000, 0x0000000096f00000| Untracked 
| 368|0x0000000097000000, 0x0000000097100000, 0x0000000097100000|100%| O|  |TAMS 0x0000000097000000, 0x0000000097000000| Untracked 
| 369|0x0000000097100000, 0x0000000097200000, 0x0000000097200000|100%| O|  |TAMS 0x0000000097100000, 0x0000000097100000| Untracked 
| 370|0x0000000097200000, 0x0000000097300000, 0x0000000097300000|100%| O|  |TAMS 0x0000000097200000, 0x0000000097200000| Untracked 
| 371|0x0000000097300000, 0x0000000097400000, 0x0000000097400000|100%| O|  |TAMS 0x0000000097300000, 0x0000000097300000| Untracked 
| 372|0x0000000097400000, 0x0000000097500000, 0x0000000097500000|100%| O|  |TAMS 0x0000000097400000, 0x0000000097400000| Untracked 
| 373|0x0000000097500000, 0x0000000097600000, 0x0000000097600000|100%| O|  |TAMS 0x0000000097500000, 0x0000000097500000| Untracked 
| 374|0x0000000097600000, 0x0000000097700000, 0x0000000097700000|100%| O|  |TAMS 0x0000000097600000, 0x0000000097600000| Untracked 
| 375|0x0000000097700000, 0x0000000097800000, 0x0000000097800000|100%| O|  |TAMS 0x0000000097700000, 0x0000000097700000| Untracked 
| 376|0x0000000097800000, 0x0000000097900000, 0x0000000097900000|100%| O|  |TAMS 0x0000000097800000, 0x0000000097800000| Untracked 
| 377|0x0000000097900000, 0x0000000097a00000, 0x0000000097a00000|100%| O|  |TAMS 0x0000000097a00000, 0x0000000097900000| Untracked 
| 378|0x0000000097a00000, 0x0000000097b00000, 0x0000000097b00000|100%| O|  |TAMS 0x0000000097b00000, 0x0000000097a00000| Untracked 
| 379|0x0000000097b00000, 0x0000000097c00000, 0x0000000097c00000|100%| O|  |TAMS 0x0000000097c00000, 0x0000000097b00000| Untracked 
| 380|0x0000000097c00000, 0x0000000097d00000, 0x0000000097d00000|100%| O|  |TAMS 0x0000000097d00000, 0x0000000097c00000| Untracked 
| 381|0x0000000097d00000, 0x0000000097e00000, 0x0000000097e00000|100%| O|  |TAMS 0x0000000097e00000, 0x0000000097d00000| Untracked 
| 382|0x0000000097e00000, 0x0000000097f00000, 0x0000000097f00000|100%| O|  |TAMS 0x0000000097f00000, 0x0000000097e00000| Untracked 
| 383|0x0000000097f00000, 0x0000000098000000, 0x0000000098000000|100%| O|  |TAMS 0x0000000097f00000, 0x0000000097f00000| Untracked 
| 384|0x0000000098000000, 0x000000009807b200, 0x0000000098100000| 48%| O|  |TAMS 0x0000000098000000, 0x0000000098000000| Untracked 
| 385|0x0000000098100000, 0x0000000098200000, 0x0000000098200000|100%| O|  |TAMS 0x0000000098200000, 0x0000000098100000| Untracked 
| 386|0x0000000098200000, 0x0000000098300000, 0x0000000098300000|100%| O|  |TAMS 0x0000000098300000, 0x0000000098200000| Untracked 
| 387|0x0000000098300000, 0x0000000098400000, 0x0000000098400000|100%| O|  |TAMS 0x0000000098400000, 0x0000000098300000| Untracked 
| 388|0x0000000098400000, 0x0000000098500000, 0x0000000098500000|100%| O|  |TAMS 0x0000000098500000, 0x0000000098400000| Untracked 
| 389|0x0000000098500000, 0x0000000098600000, 0x0000000098600000|100%| O|  |TAMS 0x0000000098600000, 0x0000000098500000| Untracked 
| 390|0x0000000098600000, 0x0000000098700000, 0x0000000098700000|100%| O|  |TAMS 0x0000000098700000, 0x0000000098600000| Untracked 
| 391|0x0000000098700000, 0x0000000098800000, 0x0000000098800000|100%|HS|  |TAMS 0x0000000098700000, 0x0000000098700000| Complete 
| 392|0x0000000098800000, 0x0000000098900000, 0x0000000098900000|100%|HC|  |TAMS 0x0000000098800000, 0x0000000098800000| Complete 
| 393|0x0000000098900000, 0x0000000098900000, 0x0000000098a00000|  0%| F|  |TAMS 0x0000000098900000, 0x0000000098900000| Untracked 
| 394|0x0000000098a00000, 0x0000000098b00000, 0x0000000098b00000|100%|HS|  |TAMS 0x0000000098b00000, 0x0000000098a00000| Complete 
| 395|0x0000000098b00000, 0x0000000098c00000, 0x0000000098c00000|100%|HC|  |TAMS 0x0000000098c00000, 0x0000000098b00000| Complete 
| 396|0x0000000098c00000, 0x0000000098d00000, 0x0000000098d00000|100%| O|  |TAMS 0x0000000098d00000, 0x0000000098c00000| Untracked 
| 397|0x0000000098d00000, 0x0000000098e00000, 0x0000000098e00000|100%|HS|  |TAMS 0x0000000098d00000, 0x0000000098d00000| Complete 
| 398|0x0000000098e00000, 0x0000000098f00000, 0x0000000098f00000|100%|HC|  |TAMS 0x0000000098e00000, 0x0000000098e00000| Complete 
| 399|0x0000000098f00000, 0x0000000098f00000, 0x0000000099000000|  0%| F|  |TAMS 0x0000000098f00000, 0x0000000098f00000| Untracked 
| 400|0x0000000099000000, 0x0000000099100000, 0x0000000099100000|100%| O|  |TAMS 0x0000000099000000, 0x0000000099000000| Untracked 
| 401|0x0000000099100000, 0x0000000099200000, 0x0000000099200000|100%| O|  |TAMS 0x0000000099100000, 0x0000000099100000| Untracked 
| 402|0x0000000099200000, 0x0000000099300000, 0x0000000099300000|100%|HS|  |TAMS 0x0000000099200000, 0x0000000099200000| Complete 
| 403|0x0000000099300000, 0x0000000099400000, 0x0000000099400000|100%|HC|  |TAMS 0x0000000099300000, 0x0000000099300000| Complete 
| 404|0x0000000099400000, 0x0000000099400000, 0x0000000099500000|  0%| F|  |TAMS 0x0000000099400000, 0x0000000099400000| Untracked 
| 405|0x0000000099500000, 0x0000000099500000, 0x0000000099600000|  0%| F|  |TAMS 0x0000000099500000, 0x0000000099500000| Untracked 
| 406|0x0000000099600000, 0x0000000099600000, 0x0000000099700000|  0%| F|  |TAMS 0x0000000099600000, 0x0000000099600000| Untracked 
| 407|0x0000000099700000, 0x0000000099700000, 0x0000000099800000|  0%| F|  |TAMS 0x0000000099700000, 0x0000000099700000| Untracked 
| 408|0x0000000099800000, 0x0000000099800000, 0x0000000099900000|  0%| F|  |TAMS 0x0000000099800000, 0x0000000099800000| Untracked 
| 409|0x0000000099900000, 0x0000000099900000, 0x0000000099a00000|  0%| F|  |TAMS 0x0000000099900000, 0x0000000099900000| Untracked 
| 410|0x0000000099a00000, 0x0000000099a00000, 0x0000000099b00000|  0%| F|  |TAMS 0x0000000099a00000, 0x0000000099a00000| Untracked 
| 411|0x0000000099b00000, 0x0000000099b00000, 0x0000000099c00000|  0%| F|  |TAMS 0x0000000099b00000, 0x0000000099b00000| Untracked 
| 412|0x0000000099c00000, 0x0000000099c00000, 0x0000000099d00000|  0%| F|  |TAMS 0x0000000099c00000, 0x0000000099c00000| Untracked 
| 413|0x0000000099d00000, 0x0000000099d00000, 0x0000000099e00000|  0%| F|  |TAMS 0x0000000099d00000, 0x0000000099d00000| Untracked 
| 414|0x0000000099e00000, 0x0000000099e00000, 0x0000000099f00000|  0%| F|  |TAMS 0x0000000099e00000, 0x0000000099e00000| Untracked 
| 415|0x0000000099f00000, 0x0000000099f00000, 0x000000009a000000|  0%| F|  |TAMS 0x0000000099f00000, 0x0000000099f00000| Untracked 
| 416|0x000000009a000000, 0x000000009a000000, 0x000000009a100000|  0%| F|  |TAMS 0x000000009a000000, 0x000000009a000000| Untracked 
| 417|0x000000009a100000, 0x000000009a100000, 0x000000009a200000|  0%| F|  |TAMS 0x000000009a100000, 0x000000009a100000| Untracked 
| 418|0x000000009a200000, 0x000000009a200000, 0x000000009a300000|  0%| F|  |TAMS 0x000000009a200000, 0x000000009a200000| Untracked 
| 419|0x000000009a300000, 0x000000009a300000, 0x000000009a400000|  0%| F|  |TAMS 0x000000009a300000, 0x000000009a300000| Untracked 
| 420|0x000000009a400000, 0x000000009a400000, 0x000000009a500000|  0%| F|  |TAMS 0x000000009a400000, 0x000000009a400000| Untracked 
| 421|0x000000009a500000, 0x000000009a500000, 0x000000009a600000|  0%| F|  |TAMS 0x000000009a500000, 0x000000009a500000| Untracked 
| 422|0x000000009a600000, 0x000000009a600000, 0x000000009a700000|  0%| F|  |TAMS 0x000000009a600000, 0x000000009a600000| Untracked 
| 423|0x000000009a700000, 0x000000009a700000, 0x000000009a800000|  0%| F|  |TAMS 0x000000009a700000, 0x000000009a700000| Untracked 
| 424|0x000000009a800000, 0x000000009a800000, 0x000000009a900000|  0%| F|  |TAMS 0x000000009a800000, 0x000000009a800000| Untracked 
| 425|0x000000009a900000, 0x000000009a900000, 0x000000009aa00000|  0%| F|  |TAMS 0x000000009a900000, 0x000000009a900000| Untracked 
| 426|0x000000009aa00000, 0x000000009aa00000, 0x000000009ab00000|  0%| F|  |TAMS 0x000000009aa00000, 0x000000009aa00000| Untracked 
| 427|0x000000009ab00000, 0x000000009ab00000, 0x000000009ac00000|  0%| F|  |TAMS 0x000000009ab00000, 0x000000009ab00000| Untracked 
| 428|0x000000009ac00000, 0x000000009ac00000, 0x000000009ad00000|  0%| F|  |TAMS 0x000000009ac00000, 0x000000009ac00000| Untracked 
| 429|0x000000009ad00000, 0x000000009ad00000, 0x000000009ae00000|  0%| F|  |TAMS 0x000000009ad00000, 0x000000009ad00000| Untracked 
| 430|0x000000009ae00000, 0x000000009ae00000, 0x000000009af00000|  0%| F|  |TAMS 0x000000009ae00000, 0x000000009ae00000| Untracked 
| 431|0x000000009af00000, 0x000000009af00000, 0x000000009b000000|  0%| F|  |TAMS 0x000000009af00000, 0x000000009af00000| Untracked 
| 432|0x000000009b000000, 0x000000009b000000, 0x000000009b100000|  0%| F|  |TAMS 0x000000009b000000, 0x000000009b000000| Untracked 
| 433|0x000000009b100000, 0x000000009b100000, 0x000000009b200000|  0%| F|  |TAMS 0x000000009b100000, 0x000000009b100000| Untracked 
| 434|0x000000009b200000, 0x000000009b200000, 0x000000009b300000|  0%| F|  |TAMS 0x000000009b200000, 0x000000009b200000| Untracked 
| 435|0x000000009b300000, 0x000000009b300000, 0x000000009b400000|  0%| F|  |TAMS 0x000000009b300000, 0x000000009b300000| Untracked 
| 436|0x000000009b400000, 0x000000009b400000, 0x000000009b500000|  0%| F|  |TAMS 0x000000009b400000, 0x000000009b400000| Untracked 
| 437|0x000000009b500000, 0x000000009b500000, 0x000000009b600000|  0%| F|  |TAMS 0x000000009b500000, 0x000000009b500000| Untracked 
| 438|0x000000009b600000, 0x000000009b600000, 0x000000009b700000|  0%| F|  |TAMS 0x000000009b600000, 0x000000009b600000| Untracked 
| 439|0x000000009b700000, 0x000000009b700000, 0x000000009b800000|  0%| F|  |TAMS 0x000000009b700000, 0x000000009b700000| Untracked 
| 440|0x000000009b800000, 0x000000009b800000, 0x000000009b900000|  0%| F|  |TAMS 0x000000009b800000, 0x000000009b800000| Untracked 
| 441|0x000000009b900000, 0x000000009b900000, 0x000000009ba00000|  0%| F|  |TAMS 0x000000009b900000, 0x000000009b900000| Untracked 
| 442|0x000000009ba00000, 0x000000009ba00000, 0x000000009bb00000|  0%| F|  |TAMS 0x000000009ba00000, 0x000000009ba00000| Untracked 
| 443|0x000000009bb00000, 0x000000009bb00000, 0x000000009bc00000|  0%| F|  |TAMS 0x000000009bb00000, 0x000000009bb00000| Untracked 
| 444|0x000000009bc00000, 0x000000009bc00000, 0x000000009bd00000|  0%| F|  |TAMS 0x000000009bc00000, 0x000000009bc00000| Untracked 
| 445|0x000000009bd00000, 0x000000009bd00000, 0x000000009be00000|  0%| F|  |TAMS 0x000000009bd00000, 0x000000009bd00000| Untracked 
| 446|0x000000009be00000, 0x000000009be00000, 0x000000009bf00000|  0%| F|  |TAMS 0x000000009be00000, 0x000000009be00000| Untracked 
| 447|0x000000009bf00000, 0x000000009bf00000, 0x000000009c000000|  0%| F|  |TAMS 0x000000009bf00000, 0x000000009bf00000| Untracked 
| 448|0x000000009c000000, 0x000000009c000000, 0x000000009c100000|  0%| F|  |TAMS 0x000000009c000000, 0x000000009c000000| Untracked 
| 449|0x000000009c100000, 0x000000009c100000, 0x000000009c200000|  0%| F|  |TAMS 0x000000009c100000, 0x000000009c100000| Untracked 
| 450|0x000000009c200000, 0x000000009c200000, 0x000000009c300000|  0%| F|  |TAMS 0x000000009c200000, 0x000000009c200000| Untracked 
| 451|0x000000009c300000, 0x000000009c300000, 0x000000009c400000|  0%| F|  |TAMS 0x000000009c300000, 0x000000009c300000| Untracked 
| 452|0x000000009c400000, 0x000000009c400000, 0x000000009c500000|  0%| F|  |TAMS 0x000000009c400000, 0x000000009c400000| Untracked 
| 453|0x000000009c500000, 0x000000009c500000, 0x000000009c600000|  0%| F|  |TAMS 0x000000009c500000, 0x000000009c500000| Untracked 
| 454|0x000000009c600000, 0x000000009c600000, 0x000000009c700000|  0%| F|  |TAMS 0x000000009c600000, 0x000000009c600000| Untracked 
| 455|0x000000009c700000, 0x000000009c700000, 0x000000009c800000|  0%| F|  |TAMS 0x000000009c700000, 0x000000009c700000| Untracked 
| 456|0x000000009c800000, 0x000000009c800000, 0x000000009c900000|  0%| F|  |TAMS 0x000000009c800000, 0x000000009c800000| Untracked 
| 457|0x000000009c900000, 0x000000009c900000, 0x000000009ca00000|  0%| F|  |TAMS 0x000000009c900000, 0x000000009c900000| Untracked 
| 458|0x000000009ca00000, 0x000000009ca00000, 0x000000009cb00000|  0%| F|  |TAMS 0x000000009ca00000, 0x000000009ca00000| Untracked 
| 459|0x000000009cb00000, 0x000000009cb00000, 0x000000009cc00000|  0%| F|  |TAMS 0x000000009cb00000, 0x000000009cb00000| Untracked 
| 460|0x000000009cc00000, 0x000000009cc00000, 0x000000009cd00000|  0%| F|  |TAMS 0x000000009cc00000, 0x000000009cc00000| Untracked 
| 461|0x000000009cd00000, 0x000000009cd00000, 0x000000009ce00000|  0%| F|  |TAMS 0x000000009cd00000, 0x000000009cd00000| Untracked 
| 462|0x000000009ce00000, 0x000000009ce00000, 0x000000009cf00000|  0%| F|  |TAMS 0x000000009ce00000, 0x000000009ce00000| Untracked 
| 463|0x000000009cf00000, 0x000000009cf00000, 0x000000009d000000|  0%| F|  |TAMS 0x000000009cf00000, 0x000000009cf00000| Untracked 
| 464|0x000000009d000000, 0x000000009d000000, 0x000000009d100000|  0%| F|  |TAMS 0x000000009d000000, 0x000000009d000000| Untracked 
| 465|0x000000009d100000, 0x000000009d100000, 0x000000009d200000|  0%| F|  |TAMS 0x000000009d100000, 0x000000009d100000| Untracked 
| 466|0x000000009d200000, 0x000000009d200000, 0x000000009d300000|  0%| F|  |TAMS 0x000000009d200000, 0x000000009d200000| Untracked 
| 467|0x000000009d300000, 0x000000009d300000, 0x000000009d400000|  0%| F|  |TAMS 0x000000009d300000, 0x000000009d300000| Untracked 
| 468|0x000000009d400000, 0x000000009d400000, 0x000000009d500000|  0%| F|  |TAMS 0x000000009d400000, 0x000000009d400000| Untracked 
| 469|0x000000009d500000, 0x000000009d500000, 0x000000009d600000|  0%| F|  |TAMS 0x000000009d500000, 0x000000009d500000| Untracked 
| 470|0x000000009d600000, 0x000000009d600000, 0x000000009d700000|  0%| F|  |TAMS 0x000000009d600000, 0x000000009d600000| Untracked 
| 471|0x000000009d700000, 0x000000009d700000, 0x000000009d800000|  0%| F|  |TAMS 0x000000009d700000, 0x000000009d700000| Untracked 
| 472|0x000000009d800000, 0x000000009d800000, 0x000000009d900000|  0%| F|  |TAMS 0x000000009d800000, 0x000000009d800000| Untracked 
| 473|0x000000009d900000, 0x000000009d900000, 0x000000009da00000|  0%| F|  |TAMS 0x000000009d900000, 0x000000009d900000| Untracked 
| 474|0x000000009da00000, 0x000000009da00000, 0x000000009db00000|  0%| F|  |TAMS 0x000000009da00000, 0x000000009da00000| Untracked 
| 475|0x000000009db00000, 0x000000009db00000, 0x000000009dc00000|  0%| F|  |TAMS 0x000000009db00000, 0x000000009db00000| Untracked 
| 476|0x000000009dc00000, 0x000000009dc00000, 0x000000009dd00000|  0%| F|  |TAMS 0x000000009dc00000, 0x000000009dc00000| Untracked 
| 477|0x000000009dd00000, 0x000000009dd00000, 0x000000009de00000|  0%| F|  |TAMS 0x000000009dd00000, 0x000000009dd00000| Untracked 
| 478|0x000000009de00000, 0x000000009de00000, 0x000000009df00000|  0%| F|  |TAMS 0x000000009de00000, 0x000000009de00000| Untracked 
| 479|0x000000009df00000, 0x000000009df00000, 0x000000009e000000|  0%| F|  |TAMS 0x000000009df00000, 0x000000009df00000| Untracked 
| 480|0x000000009e000000, 0x000000009e000000, 0x000000009e100000|  0%| F|  |TAMS 0x000000009e000000, 0x000000009e000000| Untracked 
| 481|0x000000009e100000, 0x000000009e100000, 0x000000009e200000|  0%| F|  |TAMS 0x000000009e100000, 0x000000009e100000| Untracked 
| 482|0x000000009e200000, 0x000000009e200000, 0x000000009e300000|  0%| F|  |TAMS 0x000000009e200000, 0x000000009e200000| Untracked 
| 483|0x000000009e300000, 0x000000009e300000, 0x000000009e400000|  0%| F|  |TAMS 0x000000009e300000, 0x000000009e300000| Untracked 
| 484|0x000000009e400000, 0x000000009e400000, 0x000000009e500000|  0%| F|  |TAMS 0x000000009e400000, 0x000000009e400000| Untracked 
| 485|0x000000009e500000, 0x000000009e500000, 0x000000009e600000|  0%| F|  |TAMS 0x000000009e500000, 0x000000009e500000| Untracked 
| 486|0x000000009e600000, 0x000000009e600000, 0x000000009e700000|  0%| F|  |TAMS 0x000000009e600000, 0x000000009e600000| Untracked 
| 487|0x000000009e700000, 0x000000009e700000, 0x000000009e800000|  0%| F|  |TAMS 0x000000009e700000, 0x000000009e700000| Untracked 
| 488|0x000000009e800000, 0x000000009e800000, 0x000000009e900000|  0%| F|  |TAMS 0x000000009e800000, 0x000000009e800000| Untracked 
| 489|0x000000009e900000, 0x000000009e900000, 0x000000009ea00000|  0%| F|  |TAMS 0x000000009e900000, 0x000000009e900000| Untracked 
| 490|0x000000009ea00000, 0x000000009ea00000, 0x000000009eb00000|  0%| F|  |TAMS 0x000000009ea00000, 0x000000009ea00000| Untracked 
| 491|0x000000009eb00000, 0x000000009eb00000, 0x000000009ec00000|  0%| F|  |TAMS 0x000000009eb00000, 0x000000009eb00000| Untracked 
| 492|0x000000009ec00000, 0x000000009ec00000, 0x000000009ed00000|  0%| F|  |TAMS 0x000000009ec00000, 0x000000009ec00000| Untracked 
| 493|0x000000009ed00000, 0x000000009ed00000, 0x000000009ee00000|  0%| F|  |TAMS 0x000000009ed00000, 0x000000009ed00000| Untracked 
| 494|0x000000009ee00000, 0x000000009ee00000, 0x000000009ef00000|  0%| F|  |TAMS 0x000000009ee00000, 0x000000009ee00000| Untracked 
| 495|0x000000009ef00000, 0x000000009ef00000, 0x000000009f000000|  0%| F|  |TAMS 0x000000009ef00000, 0x000000009ef00000| Untracked 
| 496|0x000000009f000000, 0x000000009f000000, 0x000000009f100000|  0%| F|  |TAMS 0x000000009f000000, 0x000000009f000000| Untracked 
| 497|0x000000009f100000, 0x000000009f100000, 0x000000009f200000|  0%| F|  |TAMS 0x000000009f100000, 0x000000009f100000| Untracked 
| 498|0x000000009f200000, 0x000000009f200000, 0x000000009f300000|  0%| F|  |TAMS 0x000000009f200000, 0x000000009f200000| Untracked 
| 499|0x000000009f300000, 0x000000009f300000, 0x000000009f400000|  0%| F|  |TAMS 0x000000009f300000, 0x000000009f300000| Untracked 
| 500|0x000000009f400000, 0x000000009f400000, 0x000000009f500000|  0%| F|  |TAMS 0x000000009f400000, 0x000000009f400000| Untracked 
| 501|0x000000009f500000, 0x000000009f500000, 0x000000009f600000|  0%| F|  |TAMS 0x000000009f500000, 0x000000009f500000| Untracked 
| 502|0x000000009f600000, 0x000000009f600000, 0x000000009f700000|  0%| F|  |TAMS 0x000000009f600000, 0x000000009f600000| Untracked 
| 503|0x000000009f700000, 0x000000009f700000, 0x000000009f800000|  0%| F|  |TAMS 0x000000009f700000, 0x000000009f700000| Untracked 
| 504|0x000000009f800000, 0x000000009f800000, 0x000000009f900000|  0%| F|  |TAMS 0x000000009f800000, 0x000000009f800000| Untracked 
| 505|0x000000009f900000, 0x000000009f900000, 0x000000009fa00000|  0%| F|  |TAMS 0x000000009f900000, 0x000000009f900000| Untracked 
| 506|0x000000009fa00000, 0x000000009fa00000, 0x000000009fb00000|  0%| F|  |TAMS 0x000000009fa00000, 0x000000009fa00000| Untracked 
| 507|0x000000009fb00000, 0x000000009fb00000, 0x000000009fc00000|  0%| F|  |TAMS 0x000000009fb00000, 0x000000009fb00000| Untracked 
| 508|0x000000009fc00000, 0x000000009fc00000, 0x000000009fd00000|  0%| F|  |TAMS 0x000000009fc00000, 0x000000009fc00000| Untracked 
| 509|0x000000009fd00000, 0x000000009fd00000, 0x000000009fe00000|  0%| F|  |TAMS 0x000000009fd00000, 0x000000009fd00000| Untracked 
| 510|0x000000009fe00000, 0x000000009fe00000, 0x000000009ff00000|  0%| F|  |TAMS 0x000000009fe00000, 0x000000009fe00000| Untracked 
| 511|0x000000009ff00000, 0x000000009ff00000, 0x00000000a0000000|  0%| F|  |TAMS 0x000000009ff00000, 0x000000009ff00000| Untracked 
| 512|0x00000000a0000000, 0x00000000a0000000, 0x00000000a0100000|  0%| F|  |TAMS 0x00000000a0000000, 0x00000000a0000000| Untracked 
| 513|0x00000000a0100000, 0x00000000a0100000, 0x00000000a0200000|  0%| F|  |TAMS 0x00000000a0100000, 0x00000000a0100000| Untracked 
| 514|0x00000000a0200000, 0x00000000a0200000, 0x00000000a0300000|  0%| F|  |TAMS 0x00000000a0200000, 0x00000000a0200000| Untracked 
| 515|0x00000000a0300000, 0x00000000a0300000, 0x00000000a0400000|  0%| F|  |TAMS 0x00000000a0300000, 0x00000000a0300000| Untracked 
| 516|0x00000000a0400000, 0x00000000a0400000, 0x00000000a0500000|  0%| F|  |TAMS 0x00000000a0400000, 0x00000000a0400000| Untracked 
| 517|0x00000000a0500000, 0x00000000a0500000, 0x00000000a0600000|  0%| F|  |TAMS 0x00000000a0500000, 0x00000000a0500000| Untracked 
| 518|0x00000000a0600000, 0x00000000a0600000, 0x00000000a0700000|  0%| F|  |TAMS 0x00000000a0600000, 0x00000000a0600000| Untracked 
| 519|0x00000000a0700000, 0x00000000a0700000, 0x00000000a0800000|  0%| F|  |TAMS 0x00000000a0700000, 0x00000000a0700000| Untracked 
| 520|0x00000000a0800000, 0x00000000a0800000, 0x00000000a0900000|  0%| F|  |TAMS 0x00000000a0800000, 0x00000000a0800000| Untracked 
| 521|0x00000000a0900000, 0x00000000a0900000, 0x00000000a0a00000|  0%| F|  |TAMS 0x00000000a0900000, 0x00000000a0900000| Untracked 
| 522|0x00000000a0a00000, 0x00000000a0a00000, 0x00000000a0b00000|  0%| F|  |TAMS 0x00000000a0a00000, 0x00000000a0a00000| Untracked 
| 523|0x00000000a0b00000, 0x00000000a0b00000, 0x00000000a0c00000|  0%| F|  |TAMS 0x00000000a0b00000, 0x00000000a0b00000| Untracked 
| 524|0x00000000a0c00000, 0x00000000a0c00000, 0x00000000a0d00000|  0%| F|  |TAMS 0x00000000a0c00000, 0x00000000a0c00000| Untracked 
| 525|0x00000000a0d00000, 0x00000000a0d00000, 0x00000000a0e00000|  0%| F|  |TAMS 0x00000000a0d00000, 0x00000000a0d00000| Untracked 
| 526|0x00000000a0e00000, 0x00000000a0e00000, 0x00000000a0f00000|  0%| F|  |TAMS 0x00000000a0e00000, 0x00000000a0e00000| Untracked 
| 527|0x00000000a0f00000, 0x00000000a0f00000, 0x00000000a1000000|  0%| F|  |TAMS 0x00000000a0f00000, 0x00000000a0f00000| Untracked 
| 528|0x00000000a1000000, 0x00000000a1000000, 0x00000000a1100000|  0%| F|  |TAMS 0x00000000a1000000, 0x00000000a1000000| Untracked 
| 529|0x00000000a1100000, 0x00000000a1100000, 0x00000000a1200000|  0%| F|  |TAMS 0x00000000a1100000, 0x00000000a1100000| Untracked 
| 530|0x00000000a1200000, 0x00000000a1200000, 0x00000000a1300000|  0%| F|  |TAMS 0x00000000a1200000, 0x00000000a1200000| Untracked 
| 531|0x00000000a1300000, 0x00000000a1300000, 0x00000000a1400000|  0%| F|  |TAMS 0x00000000a1300000, 0x00000000a1300000| Untracked 
| 532|0x00000000a1400000, 0x00000000a1400000, 0x00000000a1500000|  0%| F|  |TAMS 0x00000000a1400000, 0x00000000a1400000| Untracked 
| 533|0x00000000a1500000, 0x00000000a1500000, 0x00000000a1600000|  0%| F|  |TAMS 0x00000000a1500000, 0x00000000a1500000| Untracked 
| 534|0x00000000a1600000, 0x00000000a1600000, 0x00000000a1700000|  0%| F|  |TAMS 0x00000000a1600000, 0x00000000a1600000| Untracked 
| 535|0x00000000a1700000, 0x00000000a1700000, 0x00000000a1800000|  0%| F|  |TAMS 0x00000000a1700000, 0x00000000a1700000| Untracked 
| 536|0x00000000a1800000, 0x00000000a180f7e8, 0x00000000a1900000|  6%| E|  |TAMS 0x00000000a1800000, 0x00000000a1800000| Complete 
| 537|0x00000000a1900000, 0x00000000a1a00000, 0x00000000a1a00000|100%| E|CS|TAMS 0x00000000a1900000, 0x00000000a1900000| Complete 
| 538|0x00000000a1a00000, 0x00000000a1b00000, 0x00000000a1b00000|100%| E|CS|TAMS 0x00000000a1a00000, 0x00000000a1a00000| Complete 
| 539|0x00000000a1b00000, 0x00000000a1c00000, 0x00000000a1c00000|100%| E|CS|TAMS 0x00000000a1b00000, 0x00000000a1b00000| Complete 
| 540|0x00000000a1c00000, 0x00000000a1d00000, 0x00000000a1d00000|100%| E|CS|TAMS 0x00000000a1c00000, 0x00000000a1c00000| Complete 
| 541|0x00000000a1d00000, 0x00000000a1e00000, 0x00000000a1e00000|100%| E|CS|TAMS 0x00000000a1d00000, 0x00000000a1d00000| Complete 
| 542|0x00000000a1e00000, 0x00000000a1f00000, 0x00000000a1f00000|100%| E|CS|TAMS 0x00000000a1e00000, 0x00000000a1e00000| Complete 
| 543|0x00000000a1f00000, 0x00000000a2000000, 0x00000000a2000000|100%| E|CS|TAMS 0x00000000a1f00000, 0x00000000a1f00000| Complete 
| 544|0x00000000a2000000, 0x00000000a2100000, 0x00000000a2100000|100%| E|CS|TAMS 0x00000000a2000000, 0x00000000a2000000| Complete 
| 545|0x00000000a2100000, 0x00000000a2172a58, 0x00000000a2200000| 44%| S|CS|TAMS 0x00000000a2100000, 0x00000000a2100000| Complete 
| 546|0x00000000a2200000, 0x00000000a2300000, 0x00000000a2300000|100%| S|CS|TAMS 0x00000000a2200000, 0x00000000a2200000| Complete 
| 547|0x00000000a2300000, 0x00000000a2400000, 0x00000000a2400000|100%| S|CS|TAMS 0x00000000a2300000, 0x00000000a2300000| Complete 
| 548|0x00000000a2400000, 0x00000000a2500000, 0x00000000a2500000|100%| S|CS|TAMS 0x00000000a2400000, 0x00000000a2400000| Complete 
| 549|0x00000000a2500000, 0x00000000a2600000, 0x00000000a2600000|100%| S|CS|TAMS 0x00000000a2500000, 0x00000000a2500000| Complete 
| 550|0x00000000a2600000, 0x00000000a2700000, 0x00000000a2700000|100%| S|CS|TAMS 0x00000000a2600000, 0x00000000a2600000| Complete 
| 551|0x00000000a2700000, 0x00000000a2800000, 0x00000000a2800000|100%| S|CS|TAMS 0x00000000a2700000, 0x00000000a2700000| Complete 
| 552|0x00000000a2800000, 0x00000000a2900000, 0x00000000a2900000|100%| E|CS|TAMS 0x00000000a2800000, 0x00000000a2800000| Complete 
| 553|0x00000000a2900000, 0x00000000a2a00000, 0x00000000a2a00000|100%| E|CS|TAMS 0x00000000a2900000, 0x00000000a2900000| Complete 
| 554|0x00000000a2a00000, 0x00000000a2b00000, 0x00000000a2b00000|100%| E|CS|TAMS 0x00000000a2a00000, 0x00000000a2a00000| Complete 
| 555|0x00000000a2b00000, 0x00000000a2c00000, 0x00000000a2c00000|100%| E|CS|TAMS 0x00000000a2b00000, 0x00000000a2b00000| Complete 
| 556|0x00000000a2c00000, 0x00000000a2d00000, 0x00000000a2d00000|100%| E|CS|TAMS 0x00000000a2c00000, 0x00000000a2c00000| Complete 
| 557|0x00000000a2d00000, 0x00000000a2e00000, 0x00000000a2e00000|100%| E|CS|TAMS 0x00000000a2d00000, 0x00000000a2d00000| Complete 
| 558|0x00000000a2e00000, 0x00000000a2f00000, 0x00000000a2f00000|100%| E|CS|TAMS 0x00000000a2e00000, 0x00000000a2e00000| Complete 
| 559|0x00000000a2f00000, 0x00000000a3000000, 0x00000000a3000000|100%| E|CS|TAMS 0x00000000a2f00000, 0x00000000a2f00000| Complete 
| 560|0x00000000a3000000, 0x00000000a3100000, 0x00000000a3100000|100%| E|CS|TAMS 0x00000000a3000000, 0x00000000a3000000| Complete 
| 561|0x00000000a3100000, 0x00000000a3200000, 0x00000000a3200000|100%| E|CS|TAMS 0x00000000a3100000, 0x00000000a3100000| Complete 
| 562|0x00000000a3200000, 0x00000000a3300000, 0x00000000a3300000|100%| E|CS|TAMS 0x00000000a3200000, 0x00000000a3200000| Complete 
| 563|0x00000000a3300000, 0x00000000a3400000, 0x00000000a3400000|100%| E|CS|TAMS 0x00000000a3300000, 0x00000000a3300000| Complete 
| 564|0x00000000a3400000, 0x00000000a3500000, 0x00000000a3500000|100%| E|CS|TAMS 0x00000000a3400000, 0x00000000a3400000| Complete 
| 565|0x00000000a3500000, 0x00000000a3600000, 0x00000000a3600000|100%| E|CS|TAMS 0x00000000a3500000, 0x00000000a3500000| Complete 
| 566|0x00000000a3600000, 0x00000000a3700000, 0x00000000a3700000|100%| E|CS|TAMS 0x00000000a3600000, 0x00000000a3600000| Complete 
| 567|0x00000000a3700000, 0x00000000a3800000, 0x00000000a3800000|100%| E|CS|TAMS 0x00000000a3700000, 0x00000000a3700000| Complete 
| 568|0x00000000a3800000, 0x00000000a3900000, 0x00000000a3900000|100%| E|CS|TAMS 0x00000000a3800000, 0x00000000a3800000| Complete 
| 569|0x00000000a3900000, 0x00000000a3a00000, 0x00000000a3a00000|100%| E|CS|TAMS 0x00000000a3900000, 0x00000000a3900000| Complete 
| 570|0x00000000a3a00000, 0x00000000a3b00000, 0x00000000a3b00000|100%| E|CS|TAMS 0x00000000a3a00000, 0x00000000a3a00000| Complete 
| 571|0x00000000a3b00000, 0x00000000a3c00000, 0x00000000a3c00000|100%| E|CS|TAMS 0x00000000a3b00000, 0x00000000a3b00000| Complete 
| 572|0x00000000a3c00000, 0x00000000a3d00000, 0x00000000a3d00000|100%| E|CS|TAMS 0x00000000a3c00000, 0x00000000a3c00000| Complete 
| 573|0x00000000a3d00000, 0x00000000a3e00000, 0x00000000a3e00000|100%| E|CS|TAMS 0x00000000a3d00000, 0x00000000a3d00000| Complete 
| 574|0x00000000a3e00000, 0x00000000a3f00000, 0x00000000a3f00000|100%| E|CS|TAMS 0x00000000a3e00000, 0x00000000a3e00000| Complete 
| 575|0x00000000a3f00000, 0x00000000a4000000, 0x00000000a4000000|100%| E|CS|TAMS 0x00000000a3f00000, 0x00000000a3f00000| Complete 
| 576|0x00000000a4000000, 0x00000000a4100000, 0x00000000a4100000|100%| E|CS|TAMS 0x00000000a4000000, 0x00000000a4000000| Complete 
| 577|0x00000000a4100000, 0x00000000a4200000, 0x00000000a4200000|100%| E|CS|TAMS 0x00000000a4100000, 0x00000000a4100000| Complete 
| 578|0x00000000a4200000, 0x00000000a4300000, 0x00000000a4300000|100%| E|CS|TAMS 0x00000000a4200000, 0x00000000a4200000| Complete 
| 579|0x00000000a4300000, 0x00000000a4400000, 0x00000000a4400000|100%| E|CS|TAMS 0x00000000a4300000, 0x00000000a4300000| Complete 
| 580|0x00000000a4400000, 0x00000000a4500000, 0x00000000a4500000|100%| E|CS|TAMS 0x00000000a4400000, 0x00000000a4400000| Complete 
| 581|0x00000000a4500000, 0x00000000a4600000, 0x00000000a4600000|100%| E|CS|TAMS 0x00000000a4500000, 0x00000000a4500000| Complete 
| 582|0x00000000a4600000, 0x00000000a4700000, 0x00000000a4700000|100%| E|CS|TAMS 0x00000000a4600000, 0x00000000a4600000| Complete 
| 583|0x00000000a4700000, 0x00000000a4800000, 0x00000000a4800000|100%| E|CS|TAMS 0x00000000a4700000, 0x00000000a4700000| Complete 
| 584|0x00000000a4800000, 0x00000000a4900000, 0x00000000a4900000|100%| E|CS|TAMS 0x00000000a4800000, 0x00000000a4800000| Complete 
| 585|0x00000000a4900000, 0x00000000a4a00000, 0x00000000a4a00000|100%| E|CS|TAMS 0x00000000a4900000, 0x00000000a4900000| Complete 
| 586|0x00000000a4a00000, 0x00000000a4b00000, 0x00000000a4b00000|100%| E|CS|TAMS 0x00000000a4a00000, 0x00000000a4a00000| Complete 
| 587|0x00000000a4b00000, 0x00000000a4c00000, 0x00000000a4c00000|100%| E|  |TAMS 0x00000000a4b00000, 0x00000000a4b00000| Complete 
| 588|0x00000000a4c00000, 0x00000000a4d00000, 0x00000000a4d00000|100%| E|CS|TAMS 0x00000000a4c00000, 0x00000000a4c00000| Complete 
| 589|0x00000000a4d00000, 0x00000000a4e00000, 0x00000000a4e00000|100%| E|CS|TAMS 0x00000000a4d00000, 0x00000000a4d00000| Complete 
| 590|0x00000000a4e00000, 0x00000000a4f00000, 0x00000000a4f00000|100%| E|CS|TAMS 0x00000000a4e00000, 0x00000000a4e00000| Complete 
| 591|0x00000000a4f00000, 0x00000000a5000000, 0x00000000a5000000|100%| E|CS|TAMS 0x00000000a4f00000, 0x00000000a4f00000| Complete 
| 592|0x00000000a5000000, 0x00000000a5100000, 0x00000000a5100000|100%| E|CS|TAMS 0x00000000a5000000, 0x00000000a5000000| Complete 
| 593|0x00000000a5100000, 0x00000000a5200000, 0x00000000a5200000|100%| E|CS|TAMS 0x00000000a5100000, 0x00000000a5100000| Complete 
| 594|0x00000000a5200000, 0x00000000a5300000, 0x00000000a5300000|100%| E|CS|TAMS 0x00000000a5200000, 0x00000000a5200000| Complete 
| 595|0x00000000a5300000, 0x00000000a5400000, 0x00000000a5400000|100%| E|CS|TAMS 0x00000000a5300000, 0x00000000a5300000| Complete 
| 596|0x00000000a5400000, 0x00000000a5500000, 0x00000000a5500000|100%| E|CS|TAMS 0x00000000a5400000, 0x00000000a5400000| Complete 
| 597|0x00000000a5500000, 0x00000000a5600000, 0x00000000a5600000|100%| E|CS|TAMS 0x00000000a5500000, 0x00000000a5500000| Complete 
| 598|0x00000000a5600000, 0x00000000a5700000, 0x00000000a5700000|100%| E|CS|TAMS 0x00000000a5600000, 0x00000000a5600000| Complete 
| 599|0x00000000a5700000, 0x00000000a5800000, 0x00000000a5800000|100%| E|CS|TAMS 0x00000000a5700000, 0x00000000a5700000| Complete 
| 600|0x00000000a5800000, 0x00000000a5900000, 0x00000000a5900000|100%| E|CS|TAMS 0x00000000a5800000, 0x00000000a5800000| Complete 
| 601|0x00000000a5900000, 0x00000000a5a00000, 0x00000000a5a00000|100%| E|CS|TAMS 0x00000000a5900000, 0x00000000a5900000| Complete 
| 602|0x00000000a5a00000, 0x00000000a5b00000, 0x00000000a5b00000|100%| E|CS|TAMS 0x00000000a5a00000, 0x00000000a5a00000| Complete 
| 603|0x00000000a5b00000, 0x00000000a5c00000, 0x00000000a5c00000|100%| E|CS|TAMS 0x00000000a5b00000, 0x00000000a5b00000| Complete 

Card table byte_map: [0x000002177ebb0000,0x000002177efb0000] _byte_map_base: 0x000002177e7b0000

Marking Bits (Prev, Next): (CMBitMap*) 0x0000021777348d30, (CMBitMap*) 0x0000021777348cf0
 Prev Bits: [0x0000021711000000, 0x0000021713000000)
 Next Bits: [0x000002170f000000, 0x0000021711000000)

Polling page: 0x0000021775140000

Metaspace:

Usage:
  Non-class:    128.24 MB used.
      Class:     19.07 MB used.
       Both:    147.30 MB used.

Virtual space:
  Non-class space:      192.00 MB reserved,     129.38 MB ( 67%) committed,  3 nodes.
      Class space:        1.00 GB reserved,      20.00 MB (  2%) committed,  1 nodes.
             Both:        1.19 GB reserved,     149.38 MB ( 12%) committed. 

Chunk freelists:
   Non-Class:  14.17 MB
       Class:  11.89 MB
        Both:  26.06 MB

MaxMetaspaceSize: unlimited
CompressedClassSpaceSize: 1.00 GB
Initial GC threshold: 21.00 MB
Current GC threshold: 241.25 MB
CDS: on
MetaspaceReclaimPolicy: balanced
 - commit_granule_bytes: 65536.
 - commit_granule_words: 8192.
 - virtual_space_node_default_size: 8388608.
 - enlarge_chunks_in_place: 1.
 - new_chunks_are_fully_committed: 0.
 - uncommit_free_chunks: 1.
 - use_allocation_guard: 0.
 - handle_deallocations: 1.


Internal statistics:

num_allocs_failed_limit: 9.
num_arena_births: 2794.
num_arena_deaths: 2.
num_vsnodes_births: 4.
num_vsnodes_deaths: 0.
num_space_committed: 2390.
num_space_uncommitted: 2.
num_chunks_returned_to_freelist: 32.
num_chunks_taken_from_freelist: 9910.
num_chunk_merges: 14.
num_chunk_splits: 6270.
num_chunks_enlarged: 3698.
num_inconsistent_stats: 0.

CodeHeap 'non-profiled nmethods': size=120064Kb used=21129Kb max_used=21193Kb free=98934Kb
 bounds [0x0000021707ac0000, 0x0000021708f80000, 0x000002170f000000]
CodeHeap 'profiled nmethods': size=120000Kb used=49775Kb max_used=49891Kb free=70224Kb
 bounds [0x0000021700000000, 0x00000217030c0000, 0x0000021707530000]
CodeHeap 'non-nmethods': size=5696Kb used=2513Kb max_used=2571Kb free=3182Kb
 bounds [0x0000021707530000, 0x00000217077c0000, 0x0000021707ac0000]
 total_blobs=25345 nmethods=24280 adapters=976
 compilation: enabled
              stopped_count=0, restarted_count=0
 full_count=0

Compilation events (20 events):
Event: 603.529 Thread 0x000002177f711670 nmethod 31228 0x0000021708d7d790 code [0x0000021708d7d920, 0x0000021708d7d9b8]
Event: 603.530 Thread 0x000002177f711670 31229       4       java.util.stream.ReferencePipeline::makeNodeBuilder (6 bytes)
Event: 603.533 Thread 0x000002177f712030 31230   !   3       com.sun.tools.javac.comp.Resolve::instantiate (24 bytes)
Event: 603.534 Thread 0x000002177f712030 nmethod 31230 0x00000217017bbd90 code [0x00000217017bbf40, 0x00000217017bc108]
Event: 603.534 Thread 0x000002177f712030 31231       3       com.sun.tools.javac.comp.Resolve$MostSpecificCheck::argumentsAcceptable (119 bytes)
Event: 603.536 Thread 0x000002177f712030 nmethod 31231 0x00000217026a4090 code [0x00000217026a42c0, 0x00000217026a4de8]
Event: 603.538 Thread 0x000002177f711670 nmethod 31229 0x0000021708d7cf90 code [0x0000021708d7d120, 0x0000021708d7d4f8]
Event: 603.540 Thread 0x000002177f711670 31232       4       jdk.internal.jimage.ImageLocation::getAttribute (44 bytes)
Event: 603.541 Thread 0x000002177f712030 31233       3       jdk.internal.jrtfs.JrtFileSystem$$Lambda$2988/0x0000021717418d40::test (12 bytes)
Event: 603.541 Thread 0x000002177f711670 nmethod 31232 0x0000021708d7cc90 code [0x0000021708d7ce00, 0x0000021708d7ceb8]
Event: 603.542 Thread 0x000002177f712030 nmethod 31233 0x00000217026a3a10 code [0x00000217026a3bc0, 0x00000217026a3f28]
Event: 603.542 Thread 0x000002177f712030 31234       3       jdk.internal.jrtfs.JrtDirectoryStream$1::next (5 bytes)
Event: 603.542 Thread 0x000002177f712030 nmethod 31234 0x00000217025e1690 code [0x00000217025e1840, 0x00000217025e1988]
Event: 603.542 Thread 0x000002177f712030 31235   !   3       jdk.internal.jrtfs.JrtDirectoryStream$1::next (48 bytes)
Event: 603.542 Thread 0x000002177f712030 nmethod 31235 0x00000217026a3090 code [0x00000217026a3260, 0x00000217026a3778]
Event: 603.546 Thread 0x000002177f711670 31236       4       jdk.internal.jrtfs.JrtPath::normalize (97 bytes)
Event: 603.548 Thread 0x000002177f712030 31237       3       jdk.internal.jrtfs.JrtPath::resolve (6 bytes)
Event: 603.548 Thread 0x000002177f712030 nmethod 31237 0x00000217026a2b10 code [0x00000217026a2cc0, 0x00000217026a2f78]
Event: 603.563 Thread 0x000002177f711670 nmethod 31236 0x0000021708d7c390 code [0x0000021708d7c520, 0x0000021708d7caa8]
Event: 603.564 Thread 0x000002177f711670 31238       4       com.sun.tools.javac.comp.Attr::checkIdInternal (788 bytes)

GC Heap History (20 events):
Event: 445.974 GC heap before
{Heap before GC invocations=120 (full 0):
 garbage-first heap   total 618496K, used 407040K [0x0000000080000000, 0x0000000100000000)
  region size 1024K, 49 young (50176K), 6 survivors (6144K)
 Metaspace       used 148372K, committed 150528K, reserved 1179648K
  class space    used 19407K, committed 20352K, reserved 1048576K
}
Event: 446.091 GC heap after
{Heap after GC invocations=121 (full 0):
 garbage-first heap   total 618496K, used 360612K [0x0000000080000000, 0x0000000100000000)
  region size 1024K, 2 young (2048K), 2 survivors (2048K)
 Metaspace       used 148372K, committed 150528K, reserved 1179648K
  class space    used 19407K, committed 20352K, reserved 1048576K
}
Event: 473.639 GC heap before
{Heap before GC invocations=121 (full 0):
 garbage-first heap   total 618496K, used 446628K [0x0000000080000000, 0x0000000100000000)
  region size 1024K, 80 young (81920K), 2 survivors (2048K)
 Metaspace       used 148908K, committed 151040K, reserved 1245184K
  class space    used 19436K, committed 20416K, reserved 1048576K
}
Event: 473.764 GC heap after
{Heap after GC invocations=122 (full 0):
 garbage-first heap   total 618496K, used 362480K [0x0000000080000000, 0x0000000100000000)
  region size 1024K, 3 young (3072K), 3 survivors (3072K)
 Metaspace       used 148908K, committed 151040K, reserved 1245184K
  class space    used 19436K, committed 20416K, reserved 1048576K
}
Event: 560.605 GC heap before
{Heap before GC invocations=122 (full 0):
 garbage-first heap   total 618496K, used 459760K [0x0000000080000000, 0x0000000100000000)
  region size 1024K, 93 young (95232K), 3 survivors (3072K)
 Metaspace       used 149322K, committed 151424K, reserved 1245184K
  class space    used 19458K, committed 20416K, reserved 1048576K
}
Event: 561.016 GC heap after
{Heap after GC invocations=123 (full 0):
 garbage-first heap   total 618496K, used 367064K [0x0000000080000000, 0x0000000100000000)
  region size 1024K, 8 young (8192K), 8 survivors (8192K)
 Metaspace       used 149322K, committed 151424K, reserved 1245184K
  class space    used 19458K, committed 20416K, reserved 1048576K
}
Event: 564.800 GC heap before
{Heap before GC invocations=123 (full 0):
 garbage-first heap   total 618496K, used 397784K [0x0000000080000000, 0x0000000100000000)
  region size 1024K, 33 young (33792K), 8 survivors (8192K)
 Metaspace       used 149581K, committed 151680K, reserved 1245184K
  class space    used 19478K, committed 20416K, reserved 1048576K
}
Event: 564.923 GC heap after
{Heap after GC invocations=124 (full 0):
 garbage-first heap   total 618496K, used 376868K [0x0000000080000000, 0x0000000100000000)
  region size 1024K, 5 young (5120K), 5 survivors (5120K)
 Metaspace       used 149581K, committed 151680K, reserved 1245184K
  class space    used 19478K, committed 20416K, reserved 1048576K
}
Event: 570.866 GC heap before
{Heap before GC invocations=124 (full 0):
 garbage-first heap   total 618496K, used 411684K [0x0000000080000000, 0x0000000100000000)
  region size 1024K, 40 young (40960K), 5 survivors (5120K)
 Metaspace       used 149675K, committed 151744K, reserved 1245184K
  class space    used 19478K, committed 20416K, reserved 1048576K
}
Event: 570.931 GC heap after
{Heap after GC invocations=125 (full 0):
 garbage-first heap   total 618496K, used 377856K [0x0000000080000000, 0x0000000100000000)
  region size 1024K, 5 young (5120K), 5 survivors (5120K)
 Metaspace       used 149675K, committed 151744K, reserved 1245184K
  class space    used 19478K, committed 20416K, reserved 1048576K
}
Event: 575.712 GC heap before
{Heap before GC invocations=125 (full 0):
 garbage-first heap   total 618496K, used 432128K [0x0000000080000000, 0x0000000100000000)
  region size 1024K, 52 young (53248K), 5 survivors (5120K)
 Metaspace       used 149995K, committed 152128K, reserved 1245184K
  class space    used 19499K, committed 20480K, reserved 1048576K
}
Event: 575.836 GC heap after
{Heap after GC invocations=126 (full 0):
 garbage-first heap   total 618496K, used 395392K [0x0000000080000000, 0x0000000100000000)
  region size 1024K, 7 young (7168K), 7 survivors (7168K)
 Metaspace       used 149995K, committed 152128K, reserved 1245184K
  class space    used 19499K, committed 20480K, reserved 1048576K
}
Event: 577.557 GC heap before
{Heap before GC invocations=126 (full 0):
 garbage-first heap   total 618496K, used 432256K [0x0000000080000000, 0x0000000100000000)
  region size 1024K, 43 young (44032K), 7 survivors (7168K)
 Metaspace       used 150102K, committed 152256K, reserved 1245184K
  class space    used 19500K, committed 20480K, reserved 1048576K
}
Event: 577.636 GC heap after
{Heap after GC invocations=127 (full 0):
 garbage-first heap   total 618496K, used 402944K [0x0000000080000000, 0x0000000100000000)
  region size 1024K, 6 young (6144K), 6 survivors (6144K)
 Metaspace       used 150102K, committed 152256K, reserved 1245184K
  class space    used 19500K, committed 20480K, reserved 1048576K
}
Event: 586.666 GC heap before
{Heap before GC invocations=127 (full 0):
 garbage-first heap   total 618496K, used 441856K [0x0000000080000000, 0x0000000100000000)
  region size 1024K, 44 young (45056K), 6 survivors (6144K)
 Metaspace       used 150240K, committed 152384K, reserved 1245184K
  class space    used 19502K, committed 20480K, reserved 1048576K
}
Event: 586.775 GC heap after
{Heap after GC invocations=128 (full 0):
 garbage-first heap   total 618496K, used 405504K [0x0000000080000000, 0x0000000100000000)
  region size 1024K, 2 young (2048K), 2 survivors (2048K)
 Metaspace       used 150240K, committed 152384K, reserved 1245184K
  class space    used 19502K, committed 20480K, reserved 1048576K
}
Event: 594.008 GC heap before
{Heap before GC invocations=128 (full 0):
 garbage-first heap   total 618496K, used 481280K [0x0000000080000000, 0x0000000100000000)
  region size 1024K, 76 young (77824K), 2 survivors (2048K)
 Metaspace       used 150489K, committed 152640K, reserved 1245184K
  class space    used 19502K, committed 20480K, reserved 1048576K
}
Event: 594.090 GC heap after
{Heap after GC invocations=129 (full 0):
 garbage-first heap   total 618496K, used 409161K [0x0000000080000000, 0x0000000100000000)
  region size 1024K, 6 young (6144K), 6 survivors (6144K)
 Metaspace       used 150489K, committed 152640K, reserved 1245184K
  class space    used 19502K, committed 20480K, reserved 1048576K
}
Event: 597.303 GC heap before
{Heap before GC invocations=129 (full 0):
 garbage-first heap   total 618496K, used 462409K [0x0000000080000000, 0x0000000100000000)
  region size 1024K, 58 young (59392K), 6 survivors (6144K)
 Metaspace       used 150526K, committed 152640K, reserved 1245184K
  class space    used 19503K, committed 20480K, reserved 1048576K
}
Event: 597.348 GC heap after
{Heap after GC invocations=130 (full 0):
 garbage-first heap   total 618496K, used 411575K [0x0000000080000000, 0x0000000100000000)
  region size 1024K, 7 young (7168K), 7 survivors (7168K)
 Metaspace       used 150526K, committed 152640K, reserved 1245184K
  class space    used 19503K, committed 20480K, reserved 1048576K
}

Deoptimization events (20 events):
Event: 595.837 Thread 0x00000217660a6d50 Uncommon trap: trap_request=0xffffff45 fr.pc=0x0000021708e81498 relative=0x0000000000004038
Event: 595.837 Thread 0x00000217660a6d50 Uncommon trap: reason=unstable_if action=reinterpret pc=0x0000021708e81498 method=com.sun.tools.javac.code.Types$SignatureGenerator.assembleClassSig(Lcom/sun/tools/javac/code/Type;)V @ 32 c2
Event: 595.837 Thread 0x00000217660a6d50 DEOPT PACKING pc=0x0000021708e81498 sp=0x00000035c99f8410
Event: 595.837 Thread 0x00000217660a6d50 DEOPT UNPACKING pc=0x000002170758239d sp=0x00000035c99f8390 mode 2
Event: 595.838 Thread 0x00000217660a6d50 Uncommon trap: trap_request=0xffffff45 fr.pc=0x0000021708ea195c relative=0x00000000000012bc
Event: 595.838 Thread 0x00000217660a6d50 Uncommon trap: reason=unstable_if action=reinterpret pc=0x0000021708ea195c method=com.sun.tools.javac.code.Types$SignatureGenerator.assembleClassSig(Lcom/sun/tools/javac/code/Type;)V @ 32 c2
Event: 595.838 Thread 0x00000217660a6d50 DEOPT PACKING pc=0x0000021708ea195c sp=0x00000035c99f8370
Event: 595.838 Thread 0x00000217660a6d50 DEOPT UNPACKING pc=0x000002170758239d sp=0x00000035c99f8380 mode 2
Event: 596.267 Thread 0x00000217660a6d50 DEOPT PACKING pc=0x0000021702c3ff36 sp=0x00000035c99f86f0
Event: 596.267 Thread 0x00000217660a6d50 DEOPT UNPACKING pc=0x0000021707582b24 sp=0x00000035c99f7be0 mode 0
Event: 596.415 Thread 0x00000217660a6d50 DEOPT PACKING pc=0x00000217026aac41 sp=0x00000035c99f8a90
Event: 596.415 Thread 0x00000217660a6d50 DEOPT UNPACKING pc=0x0000021707582b24 sp=0x00000035c99f7ee8 mode 0
Event: 597.749 Thread 0x00000217660a6d50 Uncommon trap: trap_request=0xffffffc6 fr.pc=0x0000021708e89a48 relative=0x0000000000001c08
Event: 597.749 Thread 0x00000217660a6d50 Uncommon trap: reason=bimorphic_or_optimized_type_check action=maybe_recompile pc=0x0000021708e89a48 method=com.sun.tools.javac.code.Types.covariantReturnType(Lcom/sun/tools/javac/code/Type;Lcom/sun/tools/javac/code/Type;Lcom/sun/tools/javac/util/Warner;)
Event: 597.749 Thread 0x00000217660a6d50 DEOPT PACKING pc=0x0000021708e89a48 sp=0x00000035c99f8520
Event: 597.749 Thread 0x00000217660a6d50 DEOPT UNPACKING pc=0x000002170758239d sp=0x00000035c99f82d0 mode 2
Event: 598.320 Thread 0x00000217660a6d50 Uncommon trap: trap_request=0xffffffc6 fr.pc=0x0000021708e89a48 relative=0x0000000000001c08
Event: 598.320 Thread 0x00000217660a6d50 Uncommon trap: reason=bimorphic_or_optimized_type_check action=maybe_recompile pc=0x0000021708e89a48 method=com.sun.tools.javac.code.Types.covariantReturnType(Lcom/sun/tools/javac/code/Type;Lcom/sun/tools/javac/code/Type;Lcom/sun/tools/javac/util/Warner;)
Event: 598.321 Thread 0x00000217660a6d50 DEOPT PACKING pc=0x0000021708e89a48 sp=0x00000035c99f8770
Event: 598.321 Thread 0x00000217660a6d50 DEOPT UNPACKING pc=0x000002170758239d sp=0x00000035c99f8520 mode 2

Classes unloaded (20 events):
Event: 297.948 Thread 0x00000217773be700 Unloading class 0x00000217172c7800 'jdk/internal/jimage/ImageHeader'
Event: 297.948 Thread 0x00000217773be700 Unloading class 0x00000217172c6dc8 'jdk/internal/jimage/BasicImageReader$2'
Event: 297.948 Thread 0x00000217773be700 Unloading class 0x00000217172c6b98 'jdk/internal/jimage/BasicImageReader$1'
Event: 297.949 Thread 0x00000217773be700 Unloading class 0x00000217172c6930 'jdk/internal/jimage/ImageReader$Resource'
Event: 297.949 Thread 0x00000217773be700 Unloading class 0x00000217172c66c8 'jdk/internal/jimage/ImageReader$LinkNode'
Event: 297.949 Thread 0x00000217773be700 Unloading class 0x00000217172c6460 'jdk/internal/jimage/ImageReader$Directory'
Event: 297.951 Thread 0x00000217773be700 Unloading class 0x00000217172c61f8 'jdk/internal/jimage/ImageReader$Node'
Event: 297.951 Thread 0x00000217773be700 Unloading class 0x00000217172c6000 'jdk/internal/jimage/ImageStrings'
Event: 297.952 Thread 0x00000217773be700 Unloading class 0x00000217172c5b50 'jdk/internal/jimage/ImageReader$SharedImageReader'
Event: 297.952 Thread 0x00000217773be700 Unloading class 0x00000217172c5890 'jdk/internal/jimage/BasicImageReader'
Event: 297.952 Thread 0x00000217773be700 Unloading class 0x00000217172c5670 'jdk/internal/jimage/ImageReader'
Event: 297.952 Thread 0x00000217773be700 Unloading class 0x00000217172c5448 'jdk/internal/jrtfs/SystemImage$2'
Event: 297.952 Thread 0x00000217773be700 Unloading class 0x00000217172c5230 'jdk/internal/jrtfs/SystemImage$$Lambda$2666+0x00000217172c5230'
Event: 297.952 Thread 0x00000217773be700 Unloading class 0x00000217172c5000 'jdk/internal/jrtfs/ExplodedImage'
Event: 297.953 Thread 0x00000217773be700 Unloading class 0x00000217172c4dc8 'jdk/internal/jrtfs/SystemImage$1'
Event: 297.953 Thread 0x00000217773be700 Unloading class 0x00000217172c4bb0 'jdk/internal/jrtfs/SystemImage'
Event: 297.953 Thread 0x00000217773be700 Unloading class 0x00000217172c4950 'jdk/internal/jrtfs/JrtFileStore'
Event: 297.953 Thread 0x00000217773be700 Unloading class 0x00000217172c45d8 'jdk/internal/jrtfs/JrtPath'
Event: 297.954 Thread 0x00000217773be700 Unloading class 0x00000217172c42e0 'jdk/internal/jrtfs/JrtFileSystem'
Event: 297.955 Thread 0x00000217773be700 Unloading class 0x00000217172c4000 'jdk/internal/jrtfs/JrtFileSystemProvider'

Classes redefined (0 events):
No events

Internal exceptions (20 events):
Event: 599.907 Thread 0x00000217660a6d50 Exception <a 'sun/nio/fs/WindowsException'{0x00000000a42f7e98}> (0x00000000a42f7e98) 
thrown [s\open\src\hotspot\share\prims\jni.cpp, line 516]
Event: 599.926 Thread 0x000002175d9fb3f0 Exception <a 'sun/nio/fs/WindowsException'{0x00000000a4105150}> (0x00000000a4105150) 
thrown [s\open\src\hotspot\share\prims\jni.cpp, line 516]
Event: 599.927 Thread 0x000002175d9fb3f0 Exception <a 'sun/nio/fs/WindowsException'{0x00000000a41053a0}> (0x00000000a41053a0) 
thrown [s\open\src\hotspot\share\prims\jni.cpp, line 516]
Event: 599.927 Thread 0x000002175d9fb3f0 Exception <a 'sun/nio/fs/WindowsException'{0x00000000a4105460}> (0x00000000a4105460) 
thrown [s\open\src\hotspot\share\prims\jni.cpp, line 516]
Event: 599.927 Thread 0x000002175d9fb3f0 Exception <a 'sun/nio/fs/WindowsException'{0x00000000a4105910}> (0x00000000a4105910) 
thrown [s\open\src\hotspot\share\prims\jni.cpp, line 516]
Event: 600.311 Thread 0x00000217660a6d50 Exception <a 'sun/nio/fs/WindowsException'{0x00000000a3fc7498}> (0x00000000a3fc7498) 
thrown [s\open\src\hotspot\share\prims\jni.cpp, line 516]
Event: 600.311 Thread 0x00000217660a6d50 Exception <a 'sun/nio/fs/WindowsException'{0x00000000a3fc8640}> (0x00000000a3fc8640) 
thrown [s\open\src\hotspot\share\prims\jni.cpp, line 516]
Event: 600.311 Thread 0x00000217660a6d50 Exception <a 'sun/nio/fs/WindowsException'{0x00000000a3fc86d0}> (0x00000000a3fc86d0) 
thrown [s\open\src\hotspot\share\prims\jni.cpp, line 516]
Event: 600.312 Thread 0x00000217660a6d50 Exception <a 'sun/nio/fs/WindowsException'{0x00000000a3fc8bd0}> (0x00000000a3fc8bd0) 
thrown [s\open\src\hotspot\share\prims\jni.cpp, line 516]
Event: 600.318 Thread 0x000002175d9fb3f0 Exception <a 'sun/nio/fs/WindowsException'{0x00000000a3f7d360}> (0x00000000a3f7d360) 
thrown [s\open\src\hotspot\share\prims\jni.cpp, line 516]
Event: 601.090 Thread 0x00000217660a6d50 Exception <a 'sun/nio/fs/WindowsException'{0x00000000a38f5d38}> (0x00000000a38f5d38) 
thrown [s\open\src\hotspot\share\prims\jni.cpp, line 516]
Event: 601.090 Thread 0x00000217660a6d50 Exception <a 'sun/nio/fs/WindowsException'{0x00000000a38f61e8}> (0x00000000a38f61e8) 
thrown [s\open\src\hotspot\share\prims\jni.cpp, line 516]
Event: 603.604 Thread 0x00000217660a6d50 Exception <a 'sun/nio/fs/WindowsException'{0x00000000a19e0e18}> (0x00000000a19e0e18) 
thrown [s\open\src\hotspot\share\prims\jni.cpp, line 516]
Event: 603.605 Thread 0x00000217660a6d50 Exception <a 'sun/nio/fs/WindowsException'{0x00000000a19e2358}> (0x00000000a19e2358) 
thrown [s\open\src\hotspot\share\prims\jni.cpp, line 516]
Event: 603.606 Thread 0x00000217660a6d50 Exception <a 'sun/nio/fs/WindowsException'{0x00000000a19e3660}> (0x00000000a19e3660) 
thrown [s\open\src\hotspot\share\prims\jni.cpp, line 516]
Event: 603.607 Thread 0x00000217660a6d50 Exception <a 'sun/nio/fs/WindowsException'{0x00000000a19e4b98}> (0x00000000a19e4b98) 
thrown [s\open\src\hotspot\share\prims\jni.cpp, line 516]
Event: 603.607 Thread 0x00000217660a6d50 Exception <a 'sun/nio/fs/WindowsException'{0x00000000a19e5018}> (0x00000000a19e5018) 
thrown [s\open\src\hotspot\share\prims\jni.cpp, line 516]
Event: 603.608 Thread 0x00000217660a6d50 Exception <a 'sun/nio/fs/WindowsException'{0x00000000a19e7800}> (0x00000000a19e7800) 
thrown [s\open\src\hotspot\share\prims\jni.cpp, line 516]
Event: 603.608 Thread 0x00000217660a6d50 Exception <a 'sun/nio/fs/WindowsException'{0x00000000a19e7c50}> (0x00000000a19e7c50) 
thrown [s\open\src\hotspot\share\prims\jni.cpp, line 516]
Event: 603.608 Thread 0x00000217660a6d50 Exception <a 'sun/nio/fs/WindowsException'{0x00000000a19ea430}> (0x00000000a19ea430) 
thrown [s\open\src\hotspot\share\prims\jni.cpp, line 516]

VM Operations (20 events):
Event: 593.807 Executing VM operation: Cleanup
Event: 593.811 Executing VM operation: Cleanup done
Event: 594.008 Executing VM operation: G1CollectForAllocation
Event: 594.095 Executing VM operation: G1CollectForAllocation done
Event: 596.095 Executing VM operation: Cleanup
Event: 596.096 Executing VM operation: Cleanup done
Event: 597.303 Executing VM operation: G1CollectForAllocation
Event: 597.353 Executing VM operation: G1CollectForAllocation done
Event: 598.354 Executing VM operation: Cleanup
Event: 598.354 Executing VM operation: Cleanup done
Event: 599.355 Executing VM operation: Cleanup
Event: 599.356 Executing VM operation: Cleanup done
Event: 601.356 Executing VM operation: Cleanup
Event: 601.357 Executing VM operation: Cleanup done
Event: 602.366 Executing VM operation: Cleanup
Event: 602.366 Executing VM operation: Cleanup done
Event: 602.688 Executing VM operation: HandshakeAllThreads
Event: 602.689 Executing VM operation: HandshakeAllThreads done
Event: 603.079 Executing VM operation: HandshakeAllThreads
Event: 603.079 Executing VM operation: HandshakeAllThreads done

Events (20 events):
Event: 603.147 Thread 0x000002177f784360 flushing nmethod 0x00000217026dba90
Event: 603.147 Thread 0x000002177f784360 flushing nmethod 0x00000217026f5190
Event: 603.148 Thread 0x000002177f784360 flushing nmethod 0x0000021702774390
Event: 603.149 Thread 0x000002177f784360 flushing nmethod 0x00000217027a0210
Event: 603.149 Thread 0x000002177f784360 flushing nmethod 0x00000217027cda90
Event: 603.149 Thread 0x000002177f784360 flushing nmethod 0x00000217027d5890
Event: 603.149 Thread 0x000002177f784360 flushing nmethod 0x00000217027d8e10
Event: 603.149 Thread 0x000002177f784360 flushing nmethod 0x00000217027ef790
Event: 603.150 Thread 0x000002177f784360 flushing nmethod 0x0000021702840110
Event: 603.152 Thread 0x000002177f784360 flushing nmethod 0x0000021702a84e10
Event: 603.152 Thread 0x000002177f784360 flushing nmethod 0x0000021702a90390
Event: 603.153 Thread 0x000002177f784360 flushing nmethod 0x0000021702b2bd90
Event: 603.154 Thread 0x000002177f784360 flushing nmethod 0x0000021702bce510
Event: 603.155 Thread 0x000002177f784360 flushing nmethod 0x0000021702cd5e10
Event: 603.155 Thread 0x000002177f784360 flushing nmethod 0x0000021702cd7710
Event: 603.156 Thread 0x000002177f784360 flushing nmethod 0x0000021702e1f290
Event: 603.157 Thread 0x000002177f784360 flushing nmethod 0x0000021702e9c390
Event: 603.157 Thread 0x000002177f784360 flushing nmethod 0x0000021702e9c810
Event: 603.159 Thread 0x000002177f784360 flushing nmethod 0x0000021702ff9390
Event: 603.159 Thread 0x000002177f784360 flushing nmethod 0x0000021702ff9910


Dynamic libraries:
0x00007ff6180f0000 - 0x00007ff618100000 	C:\Program Files\Microsoft\jdk-17.0.12\bin\java.exe
0x00007ffed6f30000 - 0x00007ffed7128000 	C:\Windows\SYSTEM32\ntdll.dll
0x00007ffed5560000 - 0x00007ffed5622000 	C:\Windows\System32\KERNEL32.DLL
0x00007ffed49d0000 - 0x00007ffed4cc6000 	C:\Windows\System32\KERNELBASE.dll
0x00007ffed45d0000 - 0x00007ffed46d0000 	C:\Windows\System32\ucrtbase.dll
0x00007ffecc7f0000 - 0x00007ffecc809000 	C:\Program Files\Microsoft\jdk-17.0.12\bin\jli.dll
0x00007ffed5210000 - 0x00007ffed52bf000 	C:\Windows\System32\ADVAPI32.dll
0x00007ffed5e30000 - 0x00007ffed5ece000 	C:\Windows\System32\msvcrt.dll
0x00007ffed54c0000 - 0x00007ffed555f000 	C:\Windows\System32\sechost.dll
0x00007ffed67c0000 - 0x00007ffed68e3000 	C:\Windows\System32\RPCRT4.dll
0x00007ffed4cd0000 - 0x00007ffed4cf7000 	C:\Windows\System32\bcrypt.dll
0x00007ffed4f60000 - 0x00007ffed50fd000 	C:\Windows\System32\USER32.dll
0x00007ffed4840000 - 0x00007ffed4862000 	C:\Windows\System32\win32u.dll
0x00007ffed51e0000 - 0x00007ffed520b000 	C:\Windows\System32\GDI32.dll
0x00007ffed4db0000 - 0x00007ffed4eca000 	C:\Windows\System32\gdi32full.dll
0x00007ffed4720000 - 0x00007ffed47bd000 	C:\Windows\System32\msvcp_win.dll
0x00007ffecbfb0000 - 0x00007ffecbfcb000 	C:\Program Files\Microsoft\jdk-17.0.12\bin\VCRUNTIME140.dll
0x00007ffec1750000 - 0x00007ffec19ea000 	C:\Windows\WinSxS\amd64_microsoft.windows.common-controls_6595b64144ccf1df_6.0.19041.5794_none_60bcd33171f2783c\COMCTL32.dll
0x00007ffecba20000 - 0x00007ffecba2a000 	C:\Windows\SYSTEM32\VERSION.dll
0x00007ffed5340000 - 0x00007ffed536f000 	C:\Windows\System32\IMM32.DLL
0x00007ffecd280000 - 0x00007ffecd28c000 	C:\Program Files\Microsoft\jdk-17.0.12\bin\vcruntime140_1.dll
0x00007ffeaed80000 - 0x00007ffeaee0e000 	C:\Program Files\Microsoft\jdk-17.0.12\bin\msvcp140.dll
0x00007ffe66230000 - 0x00007ffe66e10000 	C:\Program Files\Microsoft\jdk-17.0.12\bin\server\jvm.dll
0x00007ffed6000000 - 0x00007ffed6008000 	C:\Windows\System32\PSAPI.DLL
0x00007ffecbed0000 - 0x00007ffecbed9000 	C:\Windows\SYSTEM32\WSOCK32.dll
0x00007ffed5450000 - 0x00007ffed54bb000 	C:\Windows\System32\WS2_32.dll
0x00007ffebcd80000 - 0x00007ffebcda7000 	C:\Windows\SYSTEM32\WINMM.dll
0x00007ffed2de0000 - 0x00007ffed2df2000 	C:\Windows\SYSTEM32\kernel.appcore.dll
0x00007ffecb6e0000 - 0x00007ffecb6ea000 	C:\Program Files\Microsoft\jdk-17.0.12\bin\jimage.dll
0x00007ffed2a90000 - 0x00007ffed2c91000 	C:\Windows\SYSTEM32\DBGHELP.DLL
0x00007ffeb8a40000 - 0x00007ffeb8a74000 	C:\Windows\SYSTEM32\dbgcore.DLL
0x00007ffed4ed0000 - 0x00007ffed4f52000 	C:\Windows\System32\bcryptPrimitives.dll
0x00007ffebf700000 - 0x00007ffebf70e000 	C:\Program Files\Microsoft\jdk-17.0.12\bin\instrument.dll
0x00007ffec5db0000 - 0x00007ffec5dd5000 	C:\Program Files\Microsoft\jdk-17.0.12\bin\java.dll
0x00007ffe9ce50000 - 0x00007ffe9cf27000 	C:\Program Files\Microsoft\jdk-17.0.12\bin\jsvml.dll
0x00007ffed5630000 - 0x00007ffed5d9e000 	C:\Windows\System32\SHELL32.dll
0x00007ffed2210000 - 0x00007ffed29b3000 	C:\Windows\SYSTEM32\windows.storage.dll
0x00007ffed6270000 - 0x00007ffed65c3000 	C:\Windows\System32\combase.dll
0x00007ffed3e50000 - 0x00007ffed3e7b000 	C:\Windows\SYSTEM32\Wldp.dll
0x00007ffed5370000 - 0x00007ffed543d000 	C:\Windows\System32\OLEAUT32.dll
0x00007ffed61c0000 - 0x00007ffed626d000 	C:\Windows\System32\SHCORE.dll
0x00007ffed6760000 - 0x00007ffed67b5000 	C:\Windows\System32\shlwapi.dll
0x00007ffed4500000 - 0x00007ffed4525000 	C:\Windows\SYSTEM32\profapi.dll
0x00007ffebf720000 - 0x00007ffebf738000 	C:\Program Files\Microsoft\jdk-17.0.12\bin\zip.dll
0x00007ffec5d90000 - 0x00007ffec5da9000 	C:\Program Files\Microsoft\jdk-17.0.12\bin\net.dll
0x00007ffec3dc0000 - 0x00007ffec3eca000 	C:\Windows\SYSTEM32\WINHTTP.dll
0x00007ffed3c30000 - 0x00007ffed3c9c000 	C:\Windows\system32\mswsock.dll
0x00007ffec04c0000 - 0x00007ffec04d6000 	C:\Program Files\Microsoft\jdk-17.0.12\bin\nio.dll
0x00007ffec5ff0000 - 0x00007ffec6000000 	C:\Program Files\Microsoft\jdk-17.0.12\bin\verify.dll
0x00007ffecf030000 - 0x00007ffecf057000 	C:\Users\Fahad Computer\.gradle\native\1def1411415f61bf3af743bc5b6707747c0891f09f0c88961ee8f79bc544acac\windows-amd64\native-platform.dll
0x000000006e690000 - 0x000000006e703000 	C:\Users\Fahad Computer\.gradle\native\0.2.5\x86_64-windows-gnu\gradle-fileevents.dll
0x00007ffec5d80000 - 0x00007ffec5d8a000 	C:\Program Files\Microsoft\jdk-17.0.12\bin\management.dll
0x00007ffec0670000 - 0x00007ffec067b000 	C:\Program Files\Microsoft\jdk-17.0.12\bin\management_ext.dll
0x00007ffed3e90000 - 0x00007ffed3ea8000 	C:\Windows\SYSTEM32\CRYPTSP.dll
0x00007ffed3570000 - 0x00007ffed35a8000 	C:\Windows\system32\rsaenh.dll
0x00007ffed44c0000 - 0x00007ffed44ee000 	C:\Windows\SYSTEM32\USERENV.dll
0x00007ffed3dc0000 - 0x00007ffed3dcc000 	C:\Windows\SYSTEM32\CRYPTBASE.dll
0x00007ffed3930000 - 0x00007ffed396b000 	C:\Windows\SYSTEM32\IPHLPAPI.DLL
0x00007ffed5440000 - 0x00007ffed5448000 	C:\Windows\System32\NSI.dll
0x00007ffecb670000 - 0x00007ffecb687000 	C:\Windows\SYSTEM32\dhcpcsvc6.DLL
0x00007ffecb610000 - 0x00007ffecb62d000 	C:\Windows\SYSTEM32\dhcpcsvc.DLL
0x00007ffed3970000 - 0x00007ffed3a3a000 	C:\Windows\SYSTEM32\DNSAPI.dll
0x00007ffec5d70000 - 0x00007ffec5d7e000 	C:\Program Files\Microsoft\jdk-17.0.12\bin\sunmscapi.dll
0x00007ffed4870000 - 0x00007ffed49cd000 	C:\Windows\System32\CRYPT32.dll
0x00007ffed4000000 - 0x00007ffed4027000 	C:\Windows\SYSTEM32\ncrypt.dll
0x00007ffed3fc0000 - 0x00007ffed3ffb000 	C:\Windows\SYSTEM32\NTASN1.dll
0x00007ffebe380000 - 0x00007ffebe387000 	C:\Windows\system32\wshunix.dll
0x000000006e610000 - 0x000000006e683000 	C:\Users\Fahad Computer\AppData\Local\Temp\native-platform3162367534711183863dir\gradle-fileevents.dll
0x00007ffeb7af0000 - 0x00007ffeb7b07000 	C:\Windows\system32\napinsp.dll
0x00007ffeb7ad0000 - 0x00007ffeb7aeb000 	C:\Windows\system32\pnrpnsp.dll
0x00007ffecf060000 - 0x00007ffecf07d000 	C:\Windows\system32\wshbth.dll
0x00007ffeceef0000 - 0x00007ffecef0d000 	C:\Windows\system32\NLAapi.dll
0x00007ffeb7ab0000 - 0x00007ffeb7ac2000 	C:\Windows\System32\winrnr.dll
0x00007ffecbc00000 - 0x00007ffecbc0a000 	C:\Windows\System32\rasadhlp.dll
0x00007ffec3ab0000 - 0x00007ffec3b30000 	C:\Windows\System32\fwpuclnt.dll
0x00007ffed37c0000 - 0x00007ffed37f3000 	C:\Windows\SYSTEM32\ntmarta.dll
0x00007ffecd3a0000 - 0x00007ffecd3a7000 	C:\Program Files\Microsoft\jdk-17.0.12\bin\rmi.dll

dbghelp: loaded successfully - version: 4.0.5 - missing functions: none
symbol engine: initialized successfully - sym options: 0x614 - pdb path: .;C:\Program Files\Microsoft\jdk-17.0.12\bin;C:\Windows\SYSTEM32;C:\Windows\WinSxS\amd64_microsoft.windows.common-controls_6595b64144ccf1df_6.0.19041.5794_none_60bcd33171f2783c;C:\Program Files\Microsoft\jdk-17.0.12\bin\server;C:\Users\Fahad Computer\.gradle\native\1def1411415f61bf3af743bc5b6707747c0891f09f0c88961ee8f79bc544acac\windows-amd64;C:\Users\Fahad Computer\.gradle\native\0.2.5\x86_64-windows-gnu;C:\Users\Fahad Computer\AppData\Local\Temp\native-platform3162367534711183863dir

VM Arguments:
jvm_args: --add-opens=java.base/java.lang=ALL-UNNAMED --add-opens=java.base/java.lang.invoke=ALL-UNNAMED --add-opens=java.base/java.util=ALL-UNNAMED --add-opens=java.prefs/java.util.prefs=ALL-UNNAMED --add-exports=jdk.compiler/com.sun.tools.javac.api=ALL-UNNAMED --add-exports=jdk.compiler/com.sun.tools.javac.util=ALL-UNNAMED --add-opens=java.base/java.util=ALL-UNNAMED --add-opens=java.prefs/java.util.prefs=ALL-UNNAMED --add-opens=java.base/java.nio.charset=ALL-UNNAMED --add-opens=java.base/java.net=ALL-UNNAMED --add-opens=java.base/java.util.concurrent.atomic=ALL-UNNAMED --add-opens=java.xml/javax.xml.namespace=ALL-UNNAMED -Xmx2g -Dfile.encoding=UTF-8 -Duser.country=US -Duser.language=en -Duser.variant -javaagent:C:\Users\Fahad Computer\.gradle\wrapper\dists\gradle-8.12-all\ejduaidbjup3bmmkhw3rie4zb\gradle-8.12\lib\agents\gradle-instrumentation-agent-8.12.jar 
java_command: org.gradle.launcher.daemon.bootstrap.GradleDaemon 8.12
java_class_path (initial): C:\Users\Fahad Computer\.gradle\wrapper\dists\gradle-8.12-all\ejduaidbjup3bmmkhw3rie4zb\gradle-8.12\lib\gradle-daemon-main-8.12.jar
Launcher Type: SUN_STANDARD

[Global flags]
     intx CICompilerCount                          = 2                                         {product} {ergonomic}
     uint ConcGCThreads                            = 1                                         {product} {ergonomic}
     uint G1ConcRefinementThreads                  = 2                                         {product} {ergonomic}
   size_t G1HeapRegionSize                         = 1048576                                   {product} {ergonomic}
    uintx GCDrainStackTargetSize                   = 64                                        {product} {ergonomic}
   size_t InitialHeapSize                          = 65011712                                  {product} {ergonomic}
   size_t MarkStackSize                            = 4194304                                   {product} {ergonomic}
   size_t MaxHeapSize                              = 2147483648                                {product} {command line}
   size_t MaxNewSize                               = 1287651328                                {product} {ergonomic}
   size_t MinHeapDeltaBytes                        = 1048576                                   {product} {ergonomic}
   size_t MinHeapSize                              = 8388608                                   {product} {ergonomic}
    uintx NonNMethodCodeHeapSize                   = 5826188                                {pd product} {ergonomic}
    uintx NonProfiledCodeHeapSize                  = 122916026                              {pd product} {ergonomic}
    uintx ProfiledCodeHeapSize                     = 122916026                              {pd product} {ergonomic}
    uintx ReservedCodeCacheSize                    = 251658240                              {pd product} {ergonomic}
     bool SegmentedCodeCache                       = true                                      {product} {ergonomic}
   size_t SoftMaxHeapSize                          = 2147483648                             {manageable} {ergonomic}
     bool UseCompressedClassPointers               = true                           {product lp64_product} {ergonomic}
     bool UseCompressedOops                        = true                           {product lp64_product} {ergonomic}
     bool UseG1GC                                  = true                                      {product} {ergonomic}
     bool UseLargePagesIndividualAllocation        = false                                  {pd product} {ergonomic}

Logging:
Log output configuration:
 #0: stdout all=warning uptime,level,tags
 #1: stderr all=off uptime,level,tags

Environment Variables:
JAVA_HOME=C:\Program Files\Microsoft\jdk-17.0.12\
CLASSPATH=C:\vtT\ChatbotApp\android\\gradle\wrapper\gradle-wrapper.jar
PATH=C:\vtT\ChatbotApp\node_modules\.bin;C:\vtT\ChatbotApp\node_modules\.bin;C:\vtT\node_modules\.bin;C:\node_modules\.bin;C:\Users\Fahad Computer\AppData\Roaming\npm\node_modules\npm\node_modules\@npmcli\run-script\lib\node-gyp-bin;c:\Users\Fahad Computer\AppData\Local\Programs\cursor\resources\app\bin;C:\Python313\Scripts\;C:\Python313\;C:\Program Files\Microsoft\jdk-11.0.26.4-hotspot\bin;C:\Program Files\Common Files\Oracle\Java\javapath;C:\Program Files\Microsoft\jdk-17.0.12.7-hotspot\bin;C:\Windows\system32;C:\Windows;C:\Windows\System32\Wbem;C:\Windows\System32\WindowsPowerShell\v1.0\;C:\Windows\System32\OpenSSH\;C:\ProgramData\chocolatey\bin;C:\Users\Fahad Computer\AppData\Local\Android\Sdk\platform-tools;C:\Program Files\Git\cmd;C:\Android\Sdk\emulator;C:\Android\Sdk\tools;C:\Program Files\nodejs\;C:\Users\Fahad Computer\AppData\Local\Android\Sdk\tools;C:\Users\Fahad Computer\AppData\Local\Android\Sdk\tools;C:\Users\Fahad Computer\AppData\Local\Microsoft\WindowsApps;C:\Program Files\MongoDB\Server\7.0\bin;C:\Program Files\MongoDB\Server\7.0\bin;C:\Users\Fahad Computer\AppData\Roaming\npm;c:\Users\Fahad Computer\AppData\Local\Programs\cursor\resources\app\bin;c:\Users\Fahad Computer\AppData\Local\Programs\cursor\resources\app\bin;C:\Program Files\Microsoft\jdk-17.0.12\\bin;C:\Users\Fahad Computer\AppData\Local\Android\Sdk\tools;C:\Users\Fahad Computer\AppData\Local\Android\Sdk\tools;C:\Users\Fahad Computer\AppData\Local\Microsoft\WindowsApps;C:\Users\Fahad Computer\AppData\Local\Programs\Microsoft VS Code\bin;C:\Program Files\MongoDB\Server\7.0\bin;C:\Program Files\MongoDB\Server\7.0\bin;C:\Users\Fahad Computer\AppData\Roaming\npm;C:\Users\Fahad Computer\AppData\Local\Programs\cursor\resources\app\bin
USERNAME=Fahad Computer
LANG=en_US.UTF-8
OS=Windows_NT
PROCESSOR_IDENTIFIER=Intel64 Family 6 Model 122 Stepping 8, GenuineIntel



---------------  S Y S T E M  ---------------

OS:
 Windows 10 , 64 bit Build 19041 (10.0.19041.5794)
OS uptime: 0 days 19:47 hours
Hyper-V role detected

CPU: total 2 (initial active 2) (2 cores per cpu, 1 threads per core) family 6 model 122 stepping 8 microcode 0x18, cx8, cmov, fxsr, mmx, 3dnowpref, sse, sse2, sse3, ssse3, sse4.1, sse4.2, popcnt, tsc, tscinvbit, aes, erms, clmul, sha, clflush, clflushopt, hv

Memory: 4k page, system-wide physical 3918M (210M free)
TotalPageFile size 15694M (AvailPageFile size 5M)
current process WorkingSet (physical memory assigned to process): 351M, peak: 619M
current process commit charge ("private bytes"): 1067M, peak: 1078M

vm_info: Java HotSpot(TM) 64-Bit Server VM (17.0.12+8-LTS-286) for windows-amd64 JRE (17.0.12+8-LTS-286), built on Jun  5 2024 06:46:59 by "mach5one" with MS VC++ 17.6 (VS2022)

END.
